Date,Return,Mkt-RF,SMB,HML,RF,MOM,Return-RF,Alpha,Cumulative Alpha
2013-03-15,0.008089999999999976,-0.0019,0.0002,0.004,0.0,-0.0059,0.008089999999999976,0.008038432499799096,0.008038432499799096
2013-03-18,-0.004156374926841854,-0.005,0.0015,-0.0029,0.0,0.0,-0.004156374926841854,-0.003431345722322423,0.004607086777476673
2013-03-19,-0.0009562705448748823,-0.0023,-0.0001,0.0001,0.0,0.0028000000000000004,-0.0009562705448748823,-0.00066482020725999,0.003942266570216683
2013-03-20,0.0017448700819590473,0.0076,0.0025,-0.0001,0.0,0.0042,0.0017448700819590473,0.001212240668728552,0.005154507238945234
2013-03-21,0.003234828653614434,-0.0085,0.0018,-0.0027,0.0,0.0008,0.003234828653614434,0.004357568333971669,0.009512075572916903
2013-03-22,-0.005188800920689615,0.0062,-0.0043,-0.0025,0.0,0.0017000000000000001,-0.005188800920689615,-0.00600842875838875,0.0035036468145281533
2013-03-25,0.008606675908288498,-0.0029,0.0029,0.0003,0.0,-0.0003,0.008606675908288498,0.009090803304420105,0.012594450118948258
2013-03-26,-0.006268910554314046,0.0076,-0.0038,-0.0022,0.0,0.0040999999999999995,-0.006268910554314046,-0.007159673642696971,0.005434776476251286
2013-03-27,0.001791044776119294,-0.0002,0.0014000000000000002,-0.0028000000000000004,0.0,0.0016,0.001791044776119294,0.0020373424324860463,0.007472118908737333
2013-03-28,0.007469209376241617,0.0039000000000000003,-0.0027,-0.0029,0.0,0.0048,0.007469209376241617,0.007080023612313662,0.014552142521050995
2013-04-02,0.007423692720246112,0.0033,-0.0089,-0.0028000000000000004,0.0,0.0034000000000000002,0.007423692720246112,0.006642761811537522,0.021194904332588516
2013-04-03,0.004687576454469861,-0.0116,-0.0040999999999999995,-0.0012,0.0,-0.0063,0.004687576454469861,0.005529849815459405,0.02672475414804792
2013-04-04,-0.009487259409335343,0.0042,0.0019,0.0026,0.0,0.0017000000000000001,-0.009487259409335343,-0.009850571672076976,0.016874182475970945
2013-04-05,-0.0003048480676565916,-0.0040999999999999995,0.0005,0.0033,0.0,0.0016,-0.0003048480676565916,8.071597860877461e-05,0.01695489845457972
2013-04-08,1.967361473155686e-05,0.006999999999999999,0.0014000000000000002,0.0026,0.0,0.0027,1.967361473155686e-05,-0.0006494493880530601,0.01630544906652666
2013-04-09,0.0013967991658552106,0.0031,-0.0040999999999999995,0.0017000000000000001,0.0,-0.0036,0.0013967991658552106,0.000657533614192117,0.016962982680718774
2013-04-10,0.00387021993457941,0.0128,0.0064,-0.001,0.0,-0.0001,0.00387021993457941,0.002995040969558662,0.019958023650277438
2013-04-11,0.016008297699541145,0.0034999999999999996,-0.0023,-0.0017000000000000001,0.0,0.0049,0.016008297699541145,0.015649357958040715,0.03560738160831815
2013-04-12,-0.002513651729218993,-0.0028000000000000004,-0.0008,-0.0045000000000000005,0.0,0.0023,-0.002513651729218993,-0.002070956529490424,0.03353642507882773
2013-04-15,-0.002877225504962714,-0.0248,-0.014199999999999999,-0.0029,0.0,-0.0025,-0.002877225504962714,-0.0011967540776063599,0.03233967100122137
2013-04-16,-0.014079051842670992,0.0147,0.0017000000000000001,0.0009,0.0,0.0077,-0.014079051842670992,-0.015368674853168241,0.016970996148053127
2013-04-17,0.004390100176782445,-0.0146,-0.0026,-0.0052,0.0,0.0032,0.004390100176782445,0.005990853483722382,0.02296184963177551
2013-04-18,-0.006864384405526692,-0.006999999999999999,0.0018,-0.0002,0.0,-0.0024,-0.006864384405526692,-0.006053519568176928,0.016908330063598584
2013-04-19,0.00045291192832175824,0.0097,0.0007000000000000001,0.0011,0.0,0.0127,0.00045291192832175824,-0.00027917587378334814,0.016629154189815237
2013-04-22,0.007154737183966411,0.0045000000000000005,-0.0016,-0.0012,0.0,-0.0003,0.007154737183966411,0.006608930626728642,0.02323808481654388
2013-04-23,0.005589321659598577,0.0111,0.004699999999999999,0.0060999999999999995,0.0,0.0011,0.005589321659598577,0.00456028039140147,0.02779836520794535
2013-04-24,0.008609464580701541,0.0006,0.0034000000000000002,0.0116,0.0,-0.0087,0.008609464580701541,0.00819285173837386,0.03599121694631921
2013-04-25,0.0024182049404601453,0.0049,0.0017000000000000001,-0.0011,0.0,-0.0024,0.0024182049404601453,0.0020056721325191927,0.0379968890788384
2013-04-26,-0.0010860476515421214,-0.002,-0.0036,-0.0023,0.0,-0.0006,-0.0010860476515421214,-0.0010552127590683757,0.03694167631977002
2013-04-29,0.004570208016625881,0.0067,0.0009,-0.001,0.0,-0.0055000000000000005,0.004570208016625881,0.003844208061358092,0.04078588438112812
2013-04-30,0.0037257324560143225,0.0029,0.0037,-0.0001,0.0,-0.008199999999999999,0.0037257324560143225,0.003498990386917986,0.0442848747680461
2013-05-02,0.003874119735109573,0.0104,0.0060999999999999995,0.001,0.0,0.0040999999999999995,0.003874119735109573,0.0032526591542233426,0.04753753392226944
2013-05-03,0.004743165659100335,0.011200000000000002,0.0062,0.0019,0.0,-0.0037,0.004743165659100335,0.003845155523907826,0.051382689446177264
2013-05-07,0.004796458000246053,0.0054,0.0011,0.0015,0.0,0.0015,0.004796458000246053,0.004286306368350472,0.055668995814527736
2013-05-08,0.0010545146408058343,0.0044,-0.0024,0.0015,0.0,-0.005699999999999999,0.0010545146408058343,0.0002558067934088237,0.05592480260793656
2013-05-10,0.0013637817196817178,0.0054,0.0043,-0.0017000000000000001,0.0,0.0016,0.0013637817196817178,0.001182389958569464,0.057107192566506024
2013-05-13,0.004470868907736762,-0.0002,-0.002,-0.0003,0.0,0.0038,0.004470868907736762,0.004448500175397688,0.061555692741903714
2013-05-14,0.0005049418849293408,0.011000000000000001,0.0015,0.0025,0.0,0.0040999999999999995,0.0005049418849293408,-0.0005429706635658338,0.06101272207833788
2013-05-15,0.008579679804106583,0.0051,-0.0012,0.0023,0.0,0.0046,0.008579679804106583,0.007984545580808265,0.06899726765914616
2013-05-16,0.0044479451420099195,-0.0051,0.0014000000000000002,-0.0024,0.0,-0.0079,0.0044479451420099195,0.0049886886408367645,0.07398595629998292
2013-05-17,-0.007574150099174199,0.0104,-0.0001,0.0033,0.0,-0.0008,-0.007574150099174199,-0.0088011315582576,0.06518482474172532
2013-05-21,0.001812705672374269,0.0016,-0.0013,-0.0007000000000000001,0.0,0.0,0.001812705672374269,0.0015806508024229485,0.06676547554414827
2013-05-22,0.00011134927483791777,-0.0092,-0.0072,-0.0014000000000000002,0.0,0.0005,0.00011134927483791777,0.0006455189878839417,0.06741099453203221
2013-05-23,-0.006355480093894121,-0.0019,0.004699999999999999,-0.0009,0.0,0.001,-0.006355480093894121,-0.005784841637488601,0.06162615289454361
2013-05-24,-0.00042952117726151654,-0.0006,0.0018,0.0009,0.0,0.0014000000000000002,-0.00042952117726151654,-0.00024488878663941964,0.06138126410790419
2013-05-28,0.006109294722092513,0.0077,0.0063,0.0022,0.0,0.0036,0.006109294722092513,0.005732608720374442,0.06711387282827863
2013-05-29,-0.00041781178043528283,-0.006999999999999999,-0.0034999999999999996,0.005600000000000001,0.0,-0.006,-0.00041781178043528283,-0.00024283277892334077,0.06687104004935529
2013-05-30,-0.009325741461466341,0.005,0.0034000000000000002,0.004699999999999999,0.0,0.0015,-0.009325741461466341,-0.009747151279784119,0.05712388876957117
2013-05-31,-0.0009938587032956884,-0.0132,0.0051,-0.0025,0.0,-0.0023,-0.0009938587032956884,0.000771688617841555,0.057895577387412724
2013-06-03,-0.008362349717031618,0.0049,0.0013,0.001,0.0,-0.0038,-0.008362349717031618,-0.008904078853965373,0.04899149853344735
2013-06-04,0.009133241212213055,-0.0055000000000000005,-0.0031,-0.0018,0.0,-0.0044,0.009133241212213055,0.009465606577344713,0.058457105110792065
2013-06-05,-0.007287358262288634,-0.0138,0.0009,-0.0028000000000000004,0.0,-0.0053,-0.007287358262288634,-0.005798714492128697,0.05265839061866337
2013-06-06,-0.008039982616253862,0.0089,0.0019,0.002,0.0,0.0084,-0.008039982616253862,-0.008730513020699488,0.043927877597963884
2013-06-07,0.0030953854945474204,0.013000000000000001,-0.004699999999999999,0.0005,0.0,0.005600000000000001,0.0030953854945474204,0.0015176827896628586,0.04544556038762674
2013-06-10,0.010890619065704437,0.0007000000000000001,0.0066,0.0021,0.0,0.0012,0.010890619065704437,0.011219541837101733,0.056665102224728474
2013-06-11,-0.0032780110268908302,-0.0104,0.0001,-0.0058,0.0,-0.0031,-0.0032780110268908302,-0.0020499733794145233,0.05461512884531395
2013-06-12,0.003138016170677809,-0.008199999999999999,0.0001,-0.0006,0.0,-0.0034999999999999996,0.003138016170677809,0.003949119545651145,0.05856424839096509
2013-06-13,-0.0075433767648964666,0.0147,0.0009,0.0033,0.0,0.0051,-0.0075433767648964666,-0.009025562420561177,0.049538685970403916
2013-06-14,0.007932000605785259,-0.0059,-0.0022,-0.005600000000000001,0.0,0.0024,0.007932000605785259,0.008644337185603859,0.058183023156007777
2013-06-17,0.004864489228631,0.0073,-0.0008,0.0012,0.0,0.0029,0.004864489228631,0.004066718564120161,0.06224974172012794
2013-06-18,0.004607304399835573,0.008,0.0038,-0.0005,0.0,0.0012,0.004607304399835573,0.004069778515310943,0.06631952023543888
2013-06-19,0.004176860749602329,-0.0128,0.0015,0.0015,0.0,0.0009,0.004176860749602329,0.005588614233466344,0.07190813446890523
2013-06-20,-0.021167991403108995,-0.0245,0.0002,0.0039000000000000003,0.0,-0.0068000000000000005,-0.021167991403108995,-0.018866674894809372,0.05304145957409586
2013-06-24,-0.025458778546483575,-0.011899999999999999,0.0009,-0.0066,0.0,-0.0036,-0.025458778546483575,-0.024002677547129488,0.029038782026966373
2013-06-25,-2.9134416486299752e-05,0.0096,-0.0002,0.0083,0.0,0.0054,-2.9134416486299752e-05,-0.0012157728539695606,0.02782300917299681
2013-06-26,0.0044576955947480176,0.0092,-0.0073,-0.0017000000000000001,0.0,0.0066,0.0044576955947480176,0.003198591508515416,0.031021600681512225
2013-06-27,0.005965560250224804,0.0077,0.008100000000000001,0.0037,0.0,0.0049,0.005965560250224804,0.005687950120640568,0.036709550802152796
2013-06-28,0.006785590711621899,-0.0034000000000000002,0.0031,-0.0012,0.0,-0.0044,0.006785590711621899,0.0072982678579274485,0.044007818660080245
2013-07-01,-0.012362768496420064,0.0070999999999999995,0.0078000000000000005,-0.0013,0.0,0.0048,-0.012362768496420064,-0.012429174297369448,0.031578644362710795
2013-07-02,0.006379585326953818,-0.001,0.0001,0.0007000000000000001,0.0,-0.0009,0.006379585326953818,0.006447807779325189,0.03802645214203598
2013-07-03,-0.0052345963597945425,0.0012,0.0019,-0.0021,0.0,0.0003,-0.0052345963597945425,-0.0051531404326938725,0.03287331170934211
2013-07-05,0.0021541775657792843,0.0111,0.0034999999999999996,0.0046,0.0,0.0058,0.0021541775657792843,0.0011965891046157753,0.03406990081395788
2013-07-08,0.011553815446031021,0.0053,-0.0018,0.0005,0.0,0.0022,0.011553815446031021,0.010906567886650821,0.0449764687006087
2013-07-09,0.006801882138655928,0.0074,0.0004,0.003,0.0,0.0013,0.006801882138655928,0.005978985768922398,0.0509554544695311
2013-07-10,0.0003674773153426295,0.0006,0.0036,-0.0037,0.0,-0.0036,0.0003674773153426295,0.000597547508284752,0.05155300197781585
2013-07-12,0.020966769648104882,0.0034000000000000002,-0.0002,0.0021,0.0,0.0048,0.020966769648104882,0.020628882696197285,0.07218188467401314
2013-07-15,-0.0004797313504437806,0.002,0.0049,0.0034000000000000002,0.0,-0.0013,-0.0004797313504437806,-0.000500992241407743,0.07168089243260539
2013-07-16,0.0008307027745472985,-0.0040999999999999995,0.0003,0.0009,0.0,-0.0062,0.0008307027745472985,0.0011159621340554268,0.07279685456666082
2013-07-17,-0.0029696030692046224,0.003,-0.0002,0.0019,0.0,0.0033,-0.0029696030692046224,-0.003291176467537192,0.06950567809912363
2013-07-18,0.0014707242623254323,0.0055000000000000005,0.0001,0.0095,0.0,0.0019,0.0014707242623254323,0.0006175014376258519,0.07012317953674949
2013-07-19,0.0039623530281058745,0.0009,-0.0013,0.0027,0.0,0.0005,0.0039623530281058745,0.003698314940298036,0.07382149447704753
2013-07-22,-0.0038915159432555443,0.0023,0.0009,0.0033,0.0,0.0017000000000000001,-0.0038915159432555443,-0.0041474807197321995,0.06967401375731533
2013-07-23,0.0007480951281458218,-0.0015,0.001,0.0031,0.0,-0.0025,0.0007480951281458218,0.0008132149510497625,0.07048722870836509
2013-07-24,-0.007392299457344295,-0.0039000000000000003,-0.0028000000000000004,-0.0028000000000000004,0.0,0.0007000000000000001,-0.007392299457344295,-0.0070627858372287545,0.06342444287113633
2013-07-25,-0.007298591418344104,0.0042,0.0060999999999999995,-0.004,0.0,-0.0001,-0.007298591418344104,-0.007190178699795695,0.056234264171340635
2013-07-26,0.0036808092160720033,0.0002,-0.0062,-0.0028000000000000004,0.0,0.0001,0.0036808092160720033,0.0033367452766282324,0.059571009447968865
2013-07-29,0.0007278631617255568,-0.0037,-0.0031,-0.0031,0.0,-0.0043,0.0007278631617255568,0.0009181346693911274,0.06048914411735999
2013-07-30,-0.0014266931490754347,0.0011,0.002,-0.005,0.0,0.0011,-0.0014266931490754347,-0.0012115710903613714,0.05927757302699862
2013-07-31,-0.00042021515015689624,0.001,0.0013,0.0015,0.0,0.0062,-0.00042021515015689624,-0.00035390824228577304,0.058923664784712844
2013-08-01,0.0022234055473033826,0.013999999999999999,0.0006,0.0008,0.0,0.0060999999999999995,0.0022234055473033826,0.0009012799834713927,0.059824944768184236
2013-08-02,0.004315768868672035,0.002,-0.0021,-0.0033,0.0,0.0049,0.004315768868672035,0.004182307807093837,0.06400725257527808
2013-08-05,0.003935253935253996,-0.0007000000000000001,0.0049,-0.0017000000000000001,0.0,-0.0012,0.003935253935253996,0.004373430891832707,0.06838068346711078
2013-08-06,0.0019136898158419974,-0.0068000000000000005,-0.0033,-0.001,0.0,-0.0042,0.0019136898158419974,0.002345734365682529,0.0707264178327933
2013-08-07,-0.0033125720876585763,-0.0042,-0.0037,-0.0002,0.0,-0.0039000000000000003,-0.0033125720876585763,-0.0032010624025766788,0.06752535543021662
2013-08-08,-0.00038883128425426506,0.004699999999999999,0.0,0.0004,0.0,0.0012,-0.00038883128425426506,-0.0008691949976110608,0.06665616043260555
2013-08-09,0.001574453109081766,-0.0029,0.0012,-0.0019,0.0,0.001,0.001574453109081766,0.002046455604882652,0.0687026160374882
2013-08-12,-0.0036617842876163547,-0.0002,0.0059,-0.0022,0.0,-0.0021,-0.0036617842876163547,-0.0032105092447662904,0.06549210679272191
2013-08-13,-0.00029698927126270777,0.002,-0.003,-0.0005,0.0,0.0001,-0.00029698927126270777,-0.0006910604865832792,0.06480104630613863
2013-08-14,0.000761261093987934,-0.005,0.0013,0.0027,0.0,-0.003,0.000761261093987934,0.001216470769296438,0.06601751707543507
2013-08-16,-0.013432531215792505,-0.0026,0.0005,0.0013,0.0,0.0042,-0.013432531215792505,-0.013079616497434445,0.05293790057800063
2013-08-19,-0.0015138692994828191,-0.0062,-0.0019,-0.0074,0.0,-0.0017000000000000001,-0.0015138692994828191,-0.0007769071292145137,0.052160993448786115
2013-08-20,-0.0015915019446458383,0.0052,0.0087,0.0009,0.0,0.0048,-0.0015915019446458383,-0.0014728169238809666,0.05068817652490515
2013-08-21,0.0007074136955291722,-0.0059,-0.0002,-0.0043,0.0,0.0025,0.0007074136955291722,0.00151327983842729,0.05220145636333244
2013-08-22,-0.0038927376407937647,0.0092,0.0051,0.0007000000000000001,0.0,0.0036,-0.0038927376407937647,-0.00445687229021893,0.04774458407311351
2013-08-23,0.00430536893699973,0.0037,-0.0021,-0.0016,0.0,-0.003,0.00430536893699973,0.003764732737327291,0.0515093168104408
2013-08-27,-0.0014603766829662985,-0.0175,-0.0072,-0.0034000000000000002,0.0,-0.0098,-0.0014603766829662985,-0.00021067347234115987,0.051298643338099637
2013-08-28,-0.012502123002019238,0.003,0.001,0.0009,0.0,0.0031,-0.012502123002019238,-0.012712382819433947,0.03858626051866569
2013-08-29,-0.0026467412595430205,0.0034000000000000002,0.008100000000000001,-0.0044,0.0,0.0076,-0.0026467412595430205,-0.002138451652797702,0.03644780886586799
2013-08-30,0.003381873922207266,-0.004699999999999999,-0.0115,-0.0019,0.0,-0.0044,0.003381873922207266,0.00306350049522559,0.03951130936109358
2013-09-03,6.666095287072013e-05,0.0046,0.0004,0.0015,0.0,0.0097,6.666095287072013e-05,-0.0002297757273033511,0.03928153363379023
2013-09-04,-0.004637388588405594,0.0083,0.0001,-0.0018,0.0,0.004699999999999999,-0.004637388588405594,-0.0053374320490642705,0.03394410158472596
2013-09-05,0.006467104822585172,0.0019,0.0015,0.004,0.0,0.0008,0.006467104822585172,0.006250416789387103,0.040194518374113065
2013-09-06,-0.0015493560192005433,0.0,0.0003,0.0003,0.0,-0.0022,-0.0015493560192005433,-0.0015868295425927705,0.0386076888315203
2013-09-09,0.003389120542259167,0.0109,0.0046,-0.0021,0.0,-0.0001,0.003389120542259167,0.002628478403688383,0.04123616723520868
2013-09-10,0.012125467276418963,0.008,0.0001,0.002,0.0,0.0072,0.012125467276418963,0.011381109396580762,0.052617276631789445
2013-09-11,0.0053526566425437915,0.0028000000000000004,-0.0023,0.0003,0.0,-0.0004,0.0053526566425437915,0.004884103234210239,0.05750137986599968
2013-09-12,0.005883614460078172,-0.0032,-0.0022,-0.0036,0.0,0.0005,0.005883614460078172,0.006203498123801751,0.06370487798980143
2013-09-13,0.0015851239362983393,0.0029,0.0025,-0.0004,0.0,-0.0003,0.0015851239362983393,0.001458055221070548,0.06516293321087198
2013-09-16,0.00899591851845004,0.0049,-0.0044,0.004,0.0,0.0026,0.00899591851845004,0.008103140326934929,0.07326607353780691
2013-09-17,0.002329826363728036,0.0054,0.004699999999999999,-0.0012,0.0,0.0007000000000000001,0.002329826363728036,0.002139038444680659,0.07540511198248757
2013-09-18,0.0016380690917409415,0.011000000000000001,-0.0016,-0.004699999999999999,0.0,-0.005600000000000001,0.0016380690917409415,0.0004158711677426062,0.07582098315023018
2013-09-19,0.015559047636450109,-0.0013,0.0017000000000000001,-0.0062,0.0,0.0009,0.015559047636450109,0.016042046243077163,0.09186302939330734
2013-09-20,-0.00043182165765534076,-0.0063,0.0053,0.0019,0.0,0.0033,-0.00043182165765534076,0.0005948430235276784,0.09245787241683502
2013-09-23,-0.005094096787839087,-0.0045000000000000005,0.0045000000000000005,-0.0040999999999999995,0.0,-0.0055000000000000005,-0.005094096787839087,-0.004295773806504757,0.08816209861033027
2013-09-25,-0.01146160317704419,-0.0023,0.0003,0.0058,0.0,0.0019,-0.01146160317704419,-0.011357226004795355,0.07680487260553491
2013-09-26,-0.003001573996119911,0.0040999999999999995,0.002,-0.0073,0.0,0.0038,-0.003001573996119911,-0.002963917723723549,0.07384095488181136
2013-09-27,0.001863274222564953,-0.0039000000000000003,-0.0003,-0.0001,0.0,0.0034999999999999996,0.001863274222564953,0.002330834537801827,0.07617178941961318
2013-09-30,-0.002666031461003697,-0.0049,0.0052,0.0001,0.0,0.002,-0.002666031461003697,-0.0017595225503815638,0.07441226686923162
2013-10-01,-0.0036928164615100756,0.009000000000000001,0.0040999999999999995,-0.001,0.0,0.004699999999999999,-0.0036928164615100756,-0.004221997776609251,0.07019026909262237
2013-10-02,-0.0007468328753988329,-0.001,-0.0037,-0.0007000000000000001,0.0,-0.0014000000000000002,-0.0007468328753988329,-0.000899583025673363,0.069290686066949
2013-10-03,0.0023067625049595724,-0.0089,-0.0018,0.0018,0.0,-0.0011,0.0023067625049595724,0.0030321561155563365,0.07232284218250534
2013-10-04,-0.008312850396310396,0.0075,-0.0001,0.001,0.0,0.0053,-0.008312850396310396,-0.009025309206716365,0.06329753297578898
2013-10-07,-0.0008261854368570419,-0.0095,-0.0027,0.0,0.0,-0.0077,-0.0008261854368570419,-0.0001802719569804869,0.06311726101880849
2013-10-08,-0.0033817996005017356,-0.013500000000000002,-0.0048,0.008,0.0,-0.011000000000000001,-0.0033817996005017356,-0.002803915666431194,0.0603133453523773
2013-10-09,-0.007942500769080216,-0.0005,-0.0044,0.0062,0.0,-0.0023,-0.007942500769080216,-0.008450418640654182,0.051862926711723115
2013-10-10,0.00043225363891785657,0.0222,0.0016,-0.0004,0.0,0.011899999999999999,0.00043225363891785657,-0.001515035658127974,0.05034789105359514
2013-10-11,0.011261917061945357,0.0070999999999999995,0.0079,0.0,0.0,0.0024,0.011261917061945357,0.011105964089178159,0.0614538551427733
2013-10-14,0.006854658938920951,0.0043,0.0021,-0.001,0.0,0.0026,0.006854658938920951,0.0066369193268399585,0.06809077446961326
2013-10-15,0.003939041715097504,-0.0073,-0.002,0.0003,0.0,0.0007000000000000001,0.003939041715097504,0.0045733353589202065,0.07266410982853347
2013-10-16,-0.011118359995956837,0.0137,-0.0033,0.0015,0.0,0.0060999999999999995,-0.011118359995956837,-0.012697739480788468,0.059966370347745004
2013-10-17,0.016112396509909876,0.006999999999999999,0.0015,-0.0006,0.0,0.0021,0.016112396509909876,0.015546423183951157,0.07551279353169615
2013-10-18,0.013433559207337749,0.0072,0.0029,0.0012,0.0,0.0031,0.013433559207337749,0.012901800351070327,0.08841459388276648
2013-10-21,0.0044485751926513295,-0.0002,-0.0011,0.0001,0.0,-0.0015,0.0044485751926513295,0.004358992034371511,0.092773585917138
2013-10-22,0.0025782688766113134,0.0051,-0.0027,0.0004,0.0,-0.0038,0.0025782688766113134,0.0017645057000704048,0.0945380916172084
2013-10-23,0.004740058421892176,-0.0051,0.0015,-0.0032,0.0,-0.0053,0.004740058421892176,0.005371169758049651,0.09990926137525805
2013-10-24,0.003522665453799443,0.0042,0.0043,-0.003,0.0,0.0016,0.003522665453799443,0.00351147716186841,0.10342073853712645
2013-10-25,0.002612729502515042,0.0033,-0.0033,0.0008,0.0,-0.0025,0.002612729502515042,0.0019613613269648888,0.10538209986409135
2013-10-28,0.005974118064172951,0.0009,-0.0007000000000000001,0.0005,0.0,-0.005699999999999999,0.005974118064172951,0.005691867264445756,0.11107396712853711
2013-10-29,0.0011806791548452558,0.0054,-0.0015,-0.0006,0.0,0.0025,0.0011806791548452558,0.0005873925878830722,0.11166135971642017
2013-10-30,0.002402576829654691,-0.0059,-0.0078000000000000005,0.005,0.0,-0.0040999999999999995,0.002402576829654691,0.0022319169053923037,0.11389327662181248
2013-10-31,-0.00784014187759543,-0.0033,-0.0008,-0.0045000000000000005,0.0,0.0038,-0.00784014187759543,-0.007312588337394238,0.10658068828441825
2013-11-04,-0.0037873424890274583,0.004699999999999999,0.0077,-0.0006,0.0,0.0005,-0.0037873424890274583,-0.0037259055103769714,0.10285478277404128
2013-11-05,0.0016610410374845292,-0.0023,-0.0002,-0.0024,0.0,0.0062,0.0016610410374845292,0.0021046730998615626,0.10495945587390285
2013-11-06,0.004451656956379104,0.0027,-0.0083,0.0033,0.0,-0.0131,0.004451656956379104,0.0032089942895035467,0.1081684501634064
2013-11-07,0.005985750734976038,-0.014499999999999999,-0.0033,0.0014000000000000002,0.0,-0.0115,0.005985750734976038,0.006984991090365491,0.11515344125377189
2013-11-08,-0.009337674532896936,0.0146,0.0052,0.0044,0.0,0.013000000000000001,-0.009337674532896936,-0.010384130538709502,0.10476931071506239
2013-11-11,0.006431437860439688,0.0011,0.0,-0.0014000000000000002,0.0,0.0023,0.006431437860439688,0.006413725761824203,0.1111830364768866
2013-11-12,-0.0012939115739071083,-0.0018,0.0040999999999999995,-0.006999999999999999,0.0,-0.0009,-0.0012939115739071083,-0.0006071631344828533,0.11057587334240375
2013-11-13,-0.0013396555675027854,0.009000000000000001,0.0011,-0.0011,0.0,0.0064,-0.0013396555675027854,-0.0020323237312442092,0.10854354961115954
2013-11-14,0.007731003441885105,0.0042,-0.0058,0.003,0.0,-0.0009,0.007731003441885105,0.006775005530474724,0.11531855514163426
2013-11-15,0.005359676317587049,0.0044,0.0009,-0.0029,0.0,-0.0006,0.005359676317587049,0.00504568084028794,0.1203642359819222
2013-11-18,0.004346765623094562,-0.0049,-0.0045000000000000005,0.0046,0.0,-0.0092,0.004346765623094562,0.004198675167262497,0.12456291114918469
2013-11-19,-0.0057763862025897745,-0.0027,-0.0029,0.0025,0.0,-0.0049,-0.0057763862025897745,-0.005881680085708997,0.1186812310634757
2013-11-20,0.0014568484964798687,-0.0033,0.0028000000000000004,0.0002,0.0,0.0009,0.0014568484964798687,0.0020054901506033015,0.120686721214079
2013-11-21,-0.003493092214149978,0.0096,0.0078000000000000005,-0.0003,0.0,0.0091,-0.003493092214149978,-0.00376269880669112,0.11692402240738788
2013-11-22,0.004702920531132719,0.0049,-0.0004,0.0007000000000000001,0.0,0.0048,0.004702920531132719,0.004242060865128428,0.12116608327251631
2013-11-25,0.005507460738678531,-0.0011,0.0014000000000000002,0.0013,0.0,-0.0038,0.005507460738678531,0.005591191371693453,0.12675727464420977
2013-11-26,-0.0010123909732799004,0.0017000000000000001,0.0084,-0.0040999999999999995,0.0,0.0064,-0.0010123909732799004,-0.00034174841543775495,0.12641552622877203
2013-11-27,-0.0007275813981689169,0.003,0.0034000000000000002,-0.0004,0.0,-0.0019,-0.0007275813981689169,-0.0008386400788654525,0.12557688614990659
2013-11-29,0.0008057040380499919,-0.0002,0.0029,-0.0015,0.0,-0.0021,0.0008057040380499919,0.0010293826247936716,0.12660626877470027
2013-12-02,-0.0034972299168975064,-0.0032,-0.0096,0.0014000000000000002,0.0,0.0024,-0.0034972299168975064,-0.0038094951266036147,0.12279677364809666
2013-12-03,-0.004882032037249425,-0.0034000000000000002,-0.0007000000000000001,-0.0009,0.0,-0.0060999999999999995,-0.004882032037249425,-0.004674372807494517,0.11812240084060215
2013-12-04,-0.001999057213192025,-0.0008,-0.0022,0.0029,0.0,0.0007000000000000001,-0.001999057213192025,-0.002148511810081264,0.11597388903052089
2013-12-05,-0.00037612070850635127,-0.0034000000000000002,0.006999999999999999,-0.0064,0.0,0.003,-0.00037612070850635127,0.0007390933948124561,0.11671298242533334
2013-12-06,-0.0027913407185733764,0.0102,-0.003,0.0018,0.0,0.0024,-0.0027913407185733764,-0.004073771342858232,0.11263921108247511
2013-12-09,0.009038021112115314,0.0017000000000000001,-0.0042,0.0002,0.0,-0.0026,0.009038021112115314,0.008511599683609379,0.1211508107660845
2013-12-10,0.0018088057533936401,-0.0034000000000000002,-0.005699999999999999,0.0023,0.0,0.0014000000000000002,0.0018088057533936401,0.0017299025401842257,0.12288071330626872
2013-12-11,-0.006432235831286153,-0.0116,-0.0033,0.0007000000000000001,0.0,-0.0046,-0.006432235831286153,-0.005563793992765121,0.1173169193135036
2013-12-12,-0.009881181198671965,-0.0024,0.0037,0.0023,0.0,0.0059,-0.009881181198671965,-0.00932936753132433,0.10798755178217928
2013-12-13,-0.00843561665593105,0.0009,0.0025,0.0001,0.0,0.0042,-0.00843561665593105,-0.00827278458682711,0.09971476719535217
2013-12-16,0.0004894414138628846,0.0067,0.0058,-0.0013,0.0,0.0004,0.0004894414138628846,0.00023399655397672467,0.0999487637493289
2013-12-17,0.0009428256306256794,-0.0025,0.0023,-0.0008,0.0,-0.0012,0.0009428256306256794,0.0013624058456833685,0.10131116959501227
2013-12-18,0.000853075514955544,0.0155,-0.0048,0.0005,0.0,0.0015,0.000853075514955544,-0.00108215880571794,0.10022901078929433
2013-12-19,0.015617508656663446,-0.001,-0.0055000000000000005,0.0024,0.0,-0.0013,0.015617508656663446,0.015238791853249016,0.11546780264254335
2013-12-20,-0.0009441467273950903,0.0069,0.0131,-0.003,0.0,0.0039000000000000003,-0.0009441467273950903,-0.0005911388926778155,0.11487666374986553
2013-12-23,0.006615272880006271,0.0062,0.0049,-0.0001,0.0,-0.0012,0.006615272880006271,0.00627552073853464,0.12115218448840018
2013-12-27,0.017707346332049647,-0.0005,-0.0006,0.0024,0.0,-0.0084,0.017707346332049647,0.017455305770899366,0.13860749025929955
2013-12-30,-0.002340400088832712,0.0,0.0003,-0.003,0.0,-0.0006,-0.002340400088832712,-0.0022305055832342663,0.1363769846760653
2013-12-31,0.002191780821917871,0.0043,-0.0018,0.0008,0.0,0.0004,0.002191780821917871,0.0016001649471526196,0.13797714962321792
2014-01-02,-0.0034940541279388157,-0.0088,-0.0028000000000000004,0.0017000000000000001,0.0,-0.0004,-0.0034940541279388157,-0.0028284759524328648,0.13514867367078506
2014-01-03,-0.008778622682109216,0.0003,0.0037,0.0003,0.0,0.0024,-0.008778622682109216,-0.008517198776338466,0.1266314748944466
2014-01-06,6.0541587746395175e-05,-0.0034000000000000002,-0.005699999999999999,0.003,0.0,-0.001,6.0541587746395175e-05,-9.419688402951678e-05,0.1265372780104171
2014-01-07,-0.003502551241027394,0.0068000000000000005,0.0039000000000000003,-0.0038,0.0,0.0051,-0.003502551241027394,-0.0037103816161116114,0.12282689639430548
2014-01-08,-0.0002256454762422257,0.0004,-0.0002,-0.001,0.0,0.0064,-0.0002256454762422257,-0.00010853758690546777,0.12271835880740001
2014-01-09,-0.003654545612375071,0.0002,0.002,-0.0045000000000000005,0.0,0.0077,-0.003654545612375071,-0.003219397418652834,0.11949896138874717
2014-01-10,0.0017337817351757137,0.0027,0.0055000000000000005,-0.008100000000000001,0.0,-0.0015,0.0017337817351757137,0.002068495499264207,0.12156745688801138
2014-01-13,0.0027657705454134734,-0.0132,-0.0008,0.001,0.0,-0.0053,0.0027657705454134734,0.003946263558331523,0.1255137204463429
2014-01-14,-0.0040418058025065914,0.0115,0.0015,-0.003,0.0,0.005600000000000001,-0.0040418058025065914,-0.004921752587618563,0.12059196785872434
2014-01-15,0.004885525433470545,0.0053,0.0022,0.0021,0.0,-0.0039000000000000003,0.004885525433470545,0.004323223005855646,0.12491519086457999
2014-01-16,0.004705780396914773,-0.0007000000000000001,0.0032,-0.006999999999999999,0.0,-0.0005,0.004705780396914773,0.005224775984547349,0.13013996684912735
2014-01-17,0.0022254233048398875,-0.0039000000000000003,0.0002,0.0003,0.0,-0.0001,0.0022254233048398875,0.0026353867577248416,0.1327753536068522
2014-01-21,0.00497971865021149,0.003,0.004699999999999999,0.0,0.0,-0.0004,0.00497971865021149,0.004975701396205348,0.13775105500305754
2014-01-22,0.006080019236219069,0.0015,0.003,0.0021,0.0,0.0029,0.006080019236219069,0.006117446469081521,0.14386850147213906
2014-01-23,0.004779992317869418,-0.0086,0.0016,-0.0052,0.0,-0.0055000000000000005,0.004779992317869418,0.005848774445028394,0.14971727591716746
2014-01-24,-0.008197765790256035,-0.0218,-0.0037,0.0018,0.0,-0.0101,-0.008197765790256035,-0.006443877661320845,0.14327339825584662
2014-01-27,-0.016591006423983,-0.006500000000000001,-0.0084,0.0039000000000000003,0.0,-0.005699999999999999,-0.016591006423983,-0.016736535864846278,0.12653686239100034
2014-01-28,-0.005461054061822227,0.0073,0.0018,0.0003,0.0,0.008199999999999999,-0.005461054061822227,-0.005936901175772013,0.12059996121522833
2014-01-29,0.000394093846881419,-0.010700000000000001,-0.0039000000000000003,0.0023,0.0,-0.0054,0.000394093846881419,0.0010554862611955066,0.12165544747642383
2014-01-30,-0.015100979593980568,0.012199999999999999,0.0029,-0.0038,0.0,0.012,-0.015100979593980568,-0.015793469796521017,0.10586197767990281
2014-01-31,0.0003466481787637808,-0.0066,-0.0007000000000000001,-0.0032,0.0,0.001,0.0003466481787637808,0.001121908278141106,0.10698388595804392
2014-02-03,0.003607445910524637,-0.0248,-0.0086,0.0029,0.0,-0.0087,0.003607445910524637,0.0053358193794498,0.11231970533749372
2014-02-04,-0.018990535719028537,0.0077,-0.0002,-0.0005,0.0,0.0045000000000000005,-0.018990535719028537,-0.019696800595947403,0.09262290474154632
2014-02-05,0.0021659476923631513,-0.0023,-0.0062,0.002,0.0,-0.0009,0.0021659476923631513,0.0018982924937416728,0.09452119723528798
2014-02-06,0.004601696594204197,0.012199999999999999,-0.004699999999999999,0.0028000000000000004,0.0,0.0017000000000000001,0.004601696594204197,0.0029448966772740066,0.09746609391256199
2014-02-07,0.008748890701614413,0.013300000000000001,-0.0017000000000000001,-0.006500000000000001,0.0,0.0058,0.008748890701614413,0.007586927360061816,0.10505302127262381
2014-02-10,0.013347195933637234,0.0016,0.0013,-0.004699999999999999,0.0,-0.001,0.013347195933637234,0.01340670479593111,0.11845972606855491
2014-02-11,0.004840619108168635,0.0109,-0.0019,0.0024,0.0,0.0007000000000000001,0.004840619108168635,0.003502220559754356,0.12196194662830927
2014-02-12,0.007173588626982142,0.0011,0.0025,-0.0005,0.0,0.0027,0.007173588626982142,0.0073035096031094406,0.12926545623141872
2014-02-13,0.002989368246843793,0.0072,0.0070999999999999995,-0.0008,0.0,0.0038,0.002989368246843793,0.0028262389741358714,0.13209169520555458
2014-02-14,0.0067557060663131045,0.0042,-0.0037,0.0037,0.0,-0.0033,0.0067557060663131045,0.005866447774525857,0.13795814298008044
2014-02-18,-0.0023523796536205873,0.0027,0.0097,-0.0026,0.0,0.006999999999999999,-0.0023523796536205873,-0.0017365703209463533,0.1362215726591341
2014-02-19,0.0005980248094863542,-0.0073,-0.0028000000000000004,-0.0044,0.0,-0.0034000000000000002,0.0005980248094863542,0.0012499050106741987,0.1374714776698083
2014-02-20,-0.0033981660149245757,0.0070999999999999995,0.005699999999999999,-0.0021,0.0,0.0049,-0.0033981660149245757,-0.0035776485531820367,0.13389382911662626
2014-02-21,0.004720537335937723,-0.0009,0.0034000000000000002,-0.0003,0.0,0.0023,0.004720537335937723,0.0051057155957942805,0.13899954471242054
2014-02-24,-0.0003325516947345805,0.006500000000000001,0.0018,0.0033,0.0,0.0039000000000000003,-0.0003325516947345805,-0.000920066946068266,0.13807947776635227
2014-02-25,0.006064690026954287,-0.001,0.0014000000000000002,-0.006,0.0,0.0011,0.006064690026954287,0.006493367441776881,0.14457284520812916
2014-02-26,0.0006867491330851047,0.0013,0.0068000000000000005,-0.0008,0.0,-0.001,0.0006867491330851047,0.0010178566893952112,0.14559070189752438
2014-02-27,-0.004812417392483061,0.0054,0.0014000000000000002,0.0,0.0,0.0004,-0.004812417392483061,-0.0052747435850000225,0.14031595831252436
2014-02-28,0.006861910437595664,0.0015,-0.0073,0.0084,0.0,-0.0024,0.006861910437595664,0.005870128828049112,0.14618608714057346
2014-03-03,-0.002316811255982135,-0.006999999999999999,0.001,0.0014000000000000002,0.0,-0.0006,-0.002316811255982135,-0.001575992606477589,0.14461009453409587
2014-03-04,0.00019492846972675847,0.0167,0.0111,-0.0013,0.0,0.008,0.00019492846972675847,-0.0005844818994902293,0.14402561263460564
2014-03-05,0.006855060797356247,0.0001,-0.0026,0.0028000000000000004,0.0,0.0034999999999999996,0.006855060797356247,0.006648097849866259,0.1506737104844719
2014-03-06,-0.0011024708813034123,0.0016,-0.0032,0.0077,0.0,-0.005,-0.0011024708813034123,-0.0018586996069988526,0.14881501087747304
2014-03-07,0.002182100039597957,0.0004,-0.0012,0.0052,0.0,-0.0025,0.002182100039597957,0.0018269431842250757,0.1506419540616981
2014-03-10,-0.002194162351200597,-0.0009,-0.001,0.0008,0.0,0.0,-0.002194162351200597,-0.0021950519115660444,0.14844690215013207
2014-03-11,-0.0007161452848151697,-0.0062,-0.0053,-0.0019,0.0,-0.0008,-0.0007161452848151697,-0.00037847728567657506,0.14806842486445548
2014-03-12,-0.00194762490936373,0.0013,0.003,-0.0017000000000000001,0.0,-0.0005,-0.00194762490936373,-0.001832942116723001,0.1462354827477325
2014-03-13,0.001613516367476232,-0.0121,-0.0012,0.0022,0.0,-0.0033,0.001613516367476232,0.0026538120084239275,0.14888929475615642
2014-03-14,-0.011436668184808475,-0.0016,0.0068000000000000005,-0.001,0.0,-0.0015,-0.011436668184808475,-0.010805564455551961,0.13808373030060445
2014-03-17,0.001603958706595051,0.009000000000000001,-0.0037,0.0002,0.0,0.0024,0.001603958706595051,0.000454457188677426,0.13853818748928187
2014-03-18,0.006686655650011074,0.008199999999999999,0.0074,-0.0039000000000000003,0.0,0.0049,0.006686655650011074,0.006568792250570202,0.14510697973985207
2014-03-19,0.005533790815937873,-0.0059,-0.0017000000000000001,0.0062,0.0,-0.0011,0.005533790815937873,0.005801171079928922,0.15090815081978098
2014-03-20,-0.013792000807829207,0.0052,-0.0048,0.009899999999999999,0.0,-0.0016,-0.013792000807829207,-0.01503583233923319,0.1358723184805478
2014-03-21,0.007721974777726623,-0.0037,-0.0028000000000000004,0.0087,0.0,-0.011000000000000001,0.007721974777726623,0.0073844884765718955,0.14325680695711968
2014-03-24,-0.002946580527167016,-0.0064,-0.009000000000000001,0.0092,0.0,-0.0101,-0.002946580527167016,-0.0034196030716838865,0.1398372038854358
2014-03-25,0.00026325846036275805,0.0029,-0.0034999999999999996,0.0014000000000000002,0.0,-0.0025,0.00026325846036275805,-0.00038026139573892406,0.13945694248969687
2014-03-26,0.006392949926137112,-0.0089,-0.011699999999999999,0.0026,0.0,-0.0084,0.006392949926137112,0.006260955084765299,0.14571789757446216
2014-03-27,-0.0010966854790406448,-0.0018,-0.001,-0.0034000000000000002,0.0,-0.0045000000000000005,-0.0010966854790406448,-0.0009570732740212338,0.14476082430044093
2014-03-28,0.0023055679889197886,0.0040999999999999995,-0.0044,0.0054,0.0,-0.004699999999999999,0.0023055679889197886,0.001290895008618725,0.14605171930905966
2014-03-31,0.006209871758143657,0.0096,0.01,-0.0018,0.0,0.0072,0.006209871758143657,0.006099781190051892,0.15215150049911155
2014-04-01,0.006380894162570449,0.0087,0.0074,-0.0037,0.0,0.0098,0.006380894162570449,0.0063097845579322435,0.1584612850570438
2014-04-02,0.0025960842396052716,0.003,0.0003,0.0015,0.0,-0.001,0.0025960842396052716,0.002229106386511046,0.16069039144355485
2014-04-03,-0.0015187604259168568,-0.0031,-0.009000000000000001,0.008100000000000001,0.0,-0.0106,-0.0015187604259168568,-0.002310920130577678,0.15837947131297717
2014-04-04,-0.001255091014878259,-0.0147,-0.0113,0.006999999999999999,0.0,-0.0166,-0.001255091014878259,-0.001079697535644564,0.1572997737773326
2014-04-07,-0.008031025557802636,-0.0125,-0.0029,-0.0005,0.0,-0.0104,-0.008031025557802636,-0.007125552616665462,0.15017422116066714
2014-04-08,-0.004454922227628808,0.0049,0.0029,-0.0022,0.0,-0.0014000000000000002,-0.004454922227628808,-0.004726765989187446,0.1454474551714797
2014-04-09,0.005064763237066186,0.0121,0.0033,-0.0086,0.0,0.0138,0.005064763237066186,0.004612859617517459,0.15006031478899715
2014-04-10,0.007697209551918517,-0.022400000000000003,-0.0070999999999999995,0.0079,0.0,-0.018500000000000003,0.007697209551918517,0.008893015275709378,0.15895333006470652
2014-04-11,-0.014203458088565681,-0.010700000000000001,-0.0039000000000000003,0.0024,0.0,-0.0052,-0.014203458088565681,-0.013541156106456289,0.14541217395825023
2014-04-14,-0.00218611521418021,0.0070999999999999995,-0.0051,0.002,0.0,-0.0016,-0.00218611521418021,-0.0033795405527471765,0.14203263340550307
2014-04-15,0.004195709548622848,0.006,-0.0037,0.0019,0.0,0.0,0.004195709548622848,0.003250664660172266,0.14528329806567533
2014-04-16,0.004607790282364075,0.011200000000000002,0.0006,-0.0037,0.0,0.0091,0.004607790282364075,0.0037978166742008695,0.1490811147398762
2014-04-17,0.0033372743356895173,0.0023,0.0034999999999999996,0.0023,0.0,0.0038,0.0033372743356895173,0.00333742704213627,0.15241854178201247
2014-04-22,0.006209415245242581,0.005699999999999999,0.0073,-0.0034999999999999996,0.0,0.0072,0.006209415245242581,0.006382899539747572,0.15880144132176005
2014-04-23,0.0011877076411960486,-0.0031,-0.0064,0.0091,0.0,-0.0027,0.0011877076411960486,0.0007087946752701351,0.15951023599703018
2014-04-24,-0.0018416664592717765,0.0008,-0.004,-0.0016,0.0,-0.005,-0.0018416664592717765,-0.002250584785336061,0.1572596512116941
2014-04-25,0.00014959982048016204,-0.0104,-0.0097,0.0055000000000000005,0.0,-0.0127,0.00014959982048016204,0.00011851343229984189,0.15737816464399396
2014-04-28,-0.004238027572108658,0.0012,-0.0064,-0.0058,0.0,-0.0118,-0.004238027572108658,-0.004855407069365331,0.15252275757462863
2014-04-29,0.007519047976700099,0.005699999999999999,-0.0021,-0.0013,0.0,0.006999999999999999,0.007519047976700099,0.0069748424843804275,0.15949760005900906
2014-04-30,-0.0015240619564316864,0.0034999999999999996,0.0023,-0.0005,0.0,0.0052,-0.0015240619564316864,-0.0016052075582436644,0.1578923925007654
2014-05-02,0.006014301594412074,-0.0008,0.0021,0.0040999999999999995,0.0,0.0013,0.006014301594412074,0.006128762947454143,0.16402115544821955
2014-05-06,0.004848644770802561,-0.0103,-0.005600000000000001,0.0014000000000000002,0.0,-0.0043,0.004848644770802561,0.005407238527164208,0.16942839397538376
2014-05-07,-0.0020187265610254073,0.0045000000000000005,-0.008199999999999999,0.0111,0.0,-0.0018,-0.0020187265610254073,-0.0034653483023793213,0.16596304567300443
2014-05-08,0.007861001702120599,-0.0026,-0.0101,0.0038,0.0,-0.0063,0.007861001702120599,0.007181693361980571,0.173144739034985
2014-05-09,0.0004487268395760442,0.0025,0.006999999999999999,-0.0036,0.0,-0.0017000000000000001,0.0004487268395760442,0.0007481584565308692,0.17389289749151587
2014-05-12,0.002519898225469795,0.012,0.0141,-0.0027,0.0,0.0085,0.002519898225469795,0.002495473305542534,0.1763883707970584
2014-05-13,0.003855758827979441,-0.0005,-0.010700000000000001,0.0022,0.0,-0.0014000000000000002,0.003855758827979441,0.0030762598928899994,0.17946463068994842
2014-05-14,0.0006968810521282826,-0.006,-0.011000000000000001,-0.0046,0.0,-0.0044,0.0006968810521282826,0.0006409756293923287,0.18010560631934075
2014-05-15,-0.002024406241649353,-0.009000000000000001,0.0034000000000000002,-0.0028000000000000004,0.0,-0.003,-0.002024406241649353,-0.0008194133597261063,0.17928619295961465
2014-05-16,-0.002750663323677544,0.0036,0.0027,-0.0043,0.0,-0.0019,-0.002750663323677544,-0.0028388813168591684,0.17644731164275548
2014-05-19,0.005394454208162471,0.005,0.0060999999999999995,0.0006,0.0,0.0070999999999999995,0.005394454208162471,0.005417586567184347,0.18186489820993984
2014-05-20,-0.0009873186206673294,-0.0078000000000000005,-0.0083,0.0023,0.0,0.0008,-0.0009873186206673294,-0.0007945136147510152,0.18107038459518882
2014-05-21,-0.0033942241484061766,0.008100000000000001,-0.0028000000000000004,0.001,0.0,0.004,-0.0033942241484061766,-0.00438100744174462,0.17668937715344418
2014-05-22,0.005413489831417695,0.0036,0.0064,-0.0027,0.0,0.0004,0.005413489831417695,0.005571559329818548,0.18226093648326272
2014-05-23,-0.0029347087928078526,0.0049,0.0062,-0.0022,0.0,0.0040999999999999995,-0.0029347087928078526,-0.0028635294008337326,0.179397407082429
2014-05-27,0.0028946963001402985,0.0069,0.0069,-0.0014000000000000002,0.0,0.005,0.0028946963001402985,0.0027958943150377083,0.1821933013974667
2014-05-28,0.00012935983053860773,-0.0012,-0.0029,0.0022,0.0,0.002,0.00012935983053860773,2.6348221984960415e-05,0.18221964961945167
2014-05-30,0.008294126206528505,0.0006,-0.0066,0.0026,0.0,-0.0001,0.008294126206528505,0.007692139903179613,0.18991178952263127
2014-06-02,0.002613687383747066,0.0006,-0.0069,0.0037,0.0,0.002,0.002613687383747066,0.0019991752697437392,0.19191096479237502
2014-06-03,-0.0019671501911173984,-0.0005,-0.0027,0.002,0.0,0.0018,-0.0019671501911173984,-0.002127450068883283,0.18978351472349173
2014-06-04,-0.0008893660662778649,0.0028000000000000004,0.0022,-0.0007000000000000001,0.0,0.0034999999999999996,-0.0008893660662778649,-0.0009338677734205572,0.18884964695007117
2014-06-05,0.0010104493291739844,0.0077,0.013000000000000001,-0.0017000000000000001,0.0,-0.001,0.0010104493291739844,0.0011223948708282538,0.1899720418208994
2014-06-06,0.0005367600522339931,0.0054,0.0048,-0.0002,0.0,-0.0023,0.0005367600522339931,0.00025369625798288866,0.1902257380788823
2014-06-10,0.0028585154936342787,-0.0003,-0.0018,-0.0003,0.0,-0.0014000000000000002,0.0028585154936342787,0.00274772007283969,0.19297345815172198
2014-06-11,-0.0017086237594513133,-0.0034000000000000002,-0.0013,-0.0025,0.0,0.0022,-0.0017086237594513133,-0.00130748337784173,0.19166597477388025
2014-06-12,0.00045587964777306204,-0.0069,0.0011,0.0016,0.0,-0.0025,0.00045587964777306204,0.001145070711459258,0.1928110454853395
2014-06-13,-0.004053081781117664,0.0031,-0.0005,-0.0018,0.0,-0.0009,-0.004053081781117664,-0.004369936112563013,0.1884411093727765
2014-06-16,-0.00040936564378757714,0.0013,0.004699999999999999,-0.0069,0.0,0.0011,-0.00040936564378757714,3.302338140112864e-05,0.18847413275417763
2014-06-17,0.005107121061253269,0.0034000000000000002,0.0053,0.0045000000000000005,0.0,-0.0006,0.005107121061253269,0.004943826032227588,0.19341795878640522
2014-06-18,-0.0018055733094721191,0.0074,-0.0028000000000000004,-0.001,0.0,0.0008,-0.0018055733094721191,-0.0027198680986533323,0.1906980906877519
2014-06-19,0.008371884554433367,0.0012,-0.0015,-0.0003,0.0,0.0012,0.008371884554433367,0.00818047033492249,0.1988785610226744
2014-06-20,0.00440518144585187,0.0018,0.0017000000000000001,0.0004,0.0,0.0034999999999999996,0.00440518144585187,0.0043939679994404275,0.20327252902211482
2014-06-24,-0.0027579557936826694,-0.0072,-0.0034999999999999996,-0.0025,0.0,-0.0046,-0.0027579557936826694,-0.0022549616149614357,0.20101756740715337
2014-06-25,-0.00539645308017823,0.0053,0.0034999999999999996,0.0015,0.0,0.0037,-0.00539645308017823,-0.005685589209481465,0.1953319781976719
2014-06-26,0.0016970353668544372,-0.0011,-0.0009,0.0,0.0,0.002,0.0016970353668544372,0.001794498380071733,0.19712647657774363
2014-06-27,-0.002020266293368072,0.0025,0.0049,-0.0022,0.0,-0.0012,-0.002020266293368072,-0.001900429588681073,0.19522604698906254
2014-06-30,0.0005897730170875189,0.0007000000000000001,0.0027,0.0017000000000000001,0.0,0.0008,0.0005897730170875189,0.0006589284673113539,0.1958849754563739
2014-07-01,0.0006929730935274133,0.0074,0.0049,-0.0038,0.0,0.0023,0.0006929730935274133,0.0004295733423998542,0.19631454879877375
2014-07-02,0.007354755518056529,-0.0003,-0.0045000000000000005,-0.002,0.0,-0.0009,0.007354755518056529,0.007129552336864418,0.20344410113563816
2014-07-03,0.0017936581935412807,0.0059,0.0021,0.0012,0.0,0.0006,0.0017936581935412807,0.0012897709168620173,0.20473387205250018
2014-07-07,-0.0029015966623795473,-0.0062,-0.0127,0.0033,0.0,-0.0015,-0.0029015966623795473,-0.0032591549009223703,0.2014747171515778
2014-07-08,-0.0019898384534316007,-0.008199999999999999,-0.0068000000000000005,0.0073,0.0,-0.0024,-0.0019898384534316007,-0.0018933323859083029,0.1995813847656695
2014-07-09,-0.004570780106073608,0.0046,-0.0038,-0.0012,0.0,0.0032,-0.004570780106073608,-0.005200720256375696,0.1943806645092938
2014-07-10,-0.0010450230775929188,-0.0049,-0.006,-0.0002,0.0,0.0001,-0.0010450230775929188,-0.000929764037299749,0.19345090047199406
2014-07-11,-9.510148120562969e-05,0.0012,-0.0022,-0.0036,0.0,0.0017000000000000001,-9.510148120562969e-05,-0.00021046801439790328,0.19324043245759617
2014-07-14,0.005389596493592039,0.0046,0.0001,-0.0015,0.0,0.004,0.005389596493592039,0.005051994589801683,0.19829242704739786
2014-07-15,0.0006700880574541171,-0.0032,-0.0095,0.01,0.0,-0.005,0.0006700880574541171,-8.93163406491791e-05,0.19820311070674868
2014-07-16,-0.004033592260544825,0.0033,-0.0060999999999999995,0.0034999999999999996,0.0,-0.0011,-0.004033592260544825,-0.004937030609664379,0.1932660800970843
2014-07-17,0.003061176061128492,-0.0121,-0.0039000000000000003,0.0018,0.0,-0.0055000000000000005,0.003061176061128492,0.0038842378399628267,0.19715031793704713
2014-07-18,-0.0029966327311153197,0.011200000000000002,0.0051,-0.0045000000000000005,0.0,0.0049,-0.0029966327311153197,-0.003564608918717019,0.1935857090183301
2014-07-21,0.0040497037863149645,-0.0025,-0.0024,0.0004,0.0,0.0024,0.0040497037863149645,0.004187061258905023,0.19777277027723514
2014-07-22,-9.453210546637855e-05,0.0053,0.0028000000000000004,-0.0033,0.0,0.0027,-9.453210546637855e-05,-0.0002888158154594098,0.19748395446177572
2014-07-23,0.002174443980493002,0.0019,0.0016,-0.0078000000000000005,0.0,-0.002,0.002174443980493002,0.0023071652929363227,0.19979111975471203
2014-07-24,0.0004323729413153094,0.0005,-0.0031,0.0003,0.0,-0.0015,0.0004323729413153094,0.00012679632693258098,0.1999179160816446
2014-07-25,-0.00012572685840025146,-0.0053,-0.0039000000000000003,0.0016,0.0,-0.0022,-0.00012572685840025146,6.27775698159293e-05,0.19998069365146054
2014-07-28,-0.001666090346106579,-0.0008,-0.004699999999999999,0.0027,0.0,-0.0022,-0.001666090346106579,-0.00204117649296651,0.19793951715849403
2014-07-29,-0.0010469802884313384,-0.0033,0.0070999999999999995,-0.0066,0.0,-0.0021,-0.0010469802884313384,-3.894924198597177e-05,0.19790056791650806
2014-07-30,-0.004452359750667836,0.0012,0.0046,-0.0036,0.0,-0.0013,-0.004452359750667836,-0.004170951749564595,0.19372961616694348
2014-07-31,-0.007377269776940452,-0.0203,-0.002,0.0048,0.0,-0.0068000000000000005,-0.007377269776940452,-0.005696313977124121,0.18803330218981937
2014-08-01,-0.01564568348192222,-0.0032,-0.0019,-0.0003,0.0,0.0031,-0.01564568348192222,-0.015361944907668663,0.17267135728215072
2014-08-04,-0.0003969539857419992,0.0074,0.0001,-0.0022,0.0,0.0054,-0.0003969539857419992,-0.0009738493046681087,0.17169750797748262
2014-08-05,0.0041494112212397734,-0.0084,0.0079,-0.0018,0.0,-0.003,0.0041494112212397734,0.005562860935346737,0.17726036891282937
2014-08-06,-0.007158825855709655,0.0002,0.0040999999999999995,0.0011,0.0,-0.0052,-0.007158825855709655,-0.007051502202660851,0.17020886671016852
2014-08-07,0.005560252324900719,-0.0052,-0.0003,-0.0015,0.0,0.0011,0.005560252324900719,0.00615999779308275,0.17636886450325126
2014-08-08,-0.008318512530315278,0.0113,-0.0021,-0.0017000000000000001,0.0,0.0005,-0.008318512530315278,-0.009576652657692891,0.16679221184555837
2014-08-11,0.008673606638895968,0.004,0.0059,-0.0026,0.0,0.0003,0.008673606638895968,0.008750221583097769,0.17554243342865614
2014-08-12,0.002836707479694501,-0.0023,-0.006,0.0026,0.0,-0.0004,0.002836707479694501,0.0025729457310425556,0.1781153791596987
2014-08-13,0.002836742259400712,0.006999999999999999,-0.0009,-0.0024,0.0,0.0077,0.002836742259400712,0.002290469928045342,0.18040584908774404
2014-08-14,0.004950256352561141,0.0044,-0.0023,0.0001,0.0,-0.0034000000000000002,0.004950256352561141,0.004255927885675634,0.18466177697341968
2014-08-18,0.0034145249252322965,0.009300000000000001,0.006,-0.0018,0.0,0.001,0.0034145249252322965,0.0029301897819122213,0.1875919667553319
2014-08-19,0.0051083430957674725,0.0049,-0.0012,-0.0009,0.0,-0.0006,0.0051083430957674725,0.00453102533917692,0.19212299209450884
2014-08-20,0.0014668337007024562,0.0019,-0.0066,0.0029,0.0,0.0001,0.0014668337007024562,0.000722656998660055,0.1928456490931689
2014-08-21,-0.001108410460227806,0.0028000000000000004,-0.0015,0.008100000000000001,0.0,-0.0039000000000000003,-0.001108410460227806,-0.001864877723546817,0.19098077136962208
2014-08-22,0.0027741009931281668,-0.001,0.0032,-0.0038,0.0,0.0009,0.0027741009931281668,0.0032454879714707997,0.1942262593410929
2014-08-26,0.00012646521811296693,0.0019,0.0072,-0.0032,0.0,-0.0021,0.00012646521811296693,0.0004800471748014028,0.1947063065158943
2014-08-27,0.00041886306339058445,0.0,-0.0022,0.0015,0.0,0.0007000000000000001,0.00041886306339058445,0.0002333884390042714,0.19493969495489857
2014-08-28,-0.0011691656265305215,-0.0019,-0.0043,0.0008,0.0,0.0005,-0.0011691656265305215,-0.0012784651596411411,0.19366122979525743
2014-08-29,0.002633701893418021,0.0039000000000000003,0.0027,0.0009,0.0,0.0006,0.002633701893418021,0.002390441255009876,0.1960516710502673
2014-09-02,0.0005505135504977958,0.0005,0.004699999999999999,-0.0009,0.0,0.0028000000000000004,0.0005505135504977958,0.0009085214721617442,0.19696019252242905
2014-09-03,0.0025624096082500474,-0.0014000000000000002,-0.005600000000000001,0.0024,0.0,-0.0012,0.0025624096082500474,0.0022209948140243995,0.19918118733645346
2014-09-04,0.0006585652685221452,-0.0018,-0.0013,-0.0017000000000000001,0.0,-0.0038,0.0006585652685221452,0.000734865436462255,0.19991605277291571
2014-09-05,-0.007529341711456322,0.0045000000000000005,-0.0027,-0.0002,0.0,0.0028000000000000004,-0.007529341711456322,-0.008116939286517232,0.19179911348639847
2014-09-08,-0.0017920156623746665,-0.0022,0.0054,-0.0046,0.0,0.0017000000000000001,-0.0017920156623746665,-0.0010008396510936884,0.1907982738353048
2014-09-09,0.0008383025164892653,-0.0072,-0.0043,0.0002,0.0,0.0017000000000000001,0.0008383025164892653,0.0013310097363260932,0.1921292835716309
2014-09-10,-0.002481193501485668,0.0045000000000000005,0.0023,-0.004,0.0,0.0001,-0.002481193501485668,-0.0026578930406694033,0.1894713905309615
2014-09-11,0.002907207021657624,0.0019,0.0049,0.0022,0.0,-0.0011,0.002907207021657624,0.0029417569684569897,0.19241314749941849
2014-09-12,0.0027881995181864416,-0.0055000000000000005,-0.0022,0.0013,0.0,-0.0042,0.0027881995181864416,0.0030800720045119946,0.19549321950393048
2014-09-15,-0.0028277068006742245,-0.0028000000000000004,-0.0106,0.0063,0.0,-0.0013,-0.0028277068006742245,-0.0034972583092800127,0.19199596119465046
2014-09-16,-0.001145348699436801,0.006999999999999999,-0.004,-0.001,0.0,0.0067,-0.001145348699436801,-0.0019715569921190867,0.19002440420253136
2014-09-17,0.005946826513989183,0.0017000000000000001,0.0009,-0.0024,0.0,0.0005,0.005946826513989183,0.005922556581305857,0.19594696078383722
2014-09-18,-0.0017452006980802617,0.005,0.0003,0.0001,0.0,0.0006,-0.0017452006980802617,-0.0022393713294124678,0.19370758945442476
2014-09-19,0.005386505386505423,-0.0018,-0.0097,0.0003,0.0,-0.0003,0.005386505386505423,0.004899881314286044,0.1986074707687108
2014-09-22,-0.0015900617225930265,-0.0097,-0.005600000000000001,0.001,0.0,-0.0007000000000000001,-0.0015900617225930265,-0.0010028168129722435,0.19760465395573856
2014-09-23,-0.004769936845408437,-0.0062,-0.0029,-0.0006,0.0,0.0027,-0.004769936845408437,-0.0042380327970471705,0.19336662115869138
2014-09-24,-0.006006763521130095,0.008100000000000001,0.0011,-0.009300000000000001,0.0,0.0015,-0.006006763521130095,-0.006430908165031589,0.1869357129936598
2014-09-25,0.0047503866132676915,-0.0163,0.0008,0.0012,0.0,-0.0022,0.0047503866132676915,0.006424676651674137,0.19336038964533395
2014-09-26,-0.00913223988507746,0.0085,-0.0002,-0.0025,0.0,0.006,-0.00913223988507746,-0.00982157534640712,0.18353881429892682
2014-09-29,-0.0008682699124560461,-0.0022,0.0018,-0.0044,0.0,0.0013,-0.0008682699124560461,-0.00033699457577226056,0.18320181972315455
2014-09-30,0.0004384985808591077,-0.004,-0.009899999999999999,0.0011,0.0,-0.0017000000000000001,0.0004384985808591077,0.00011128038975863764,0.18331310011291319
2014-10-01,0.001028027700963488,-0.0139,-0.0017000000000000001,0.003,0.0,-0.0039000000000000003,0.001028027700963488,0.002182739044138844,0.18549583915705203
2014-10-02,-0.009513422284495001,0.0016,0.0103,-0.0039000000000000003,0.0,-0.0024,-0.009513422284495001,-0.008900498187439751,0.17659534096961227
2014-10-03,-0.003801731274665172,0.0108,-0.0038,-0.0045000000000000005,0.0,0.0046,-0.003801731274665172,-0.004938514952137429,0.17165682601747484
2014-10-06,0.007769637900987637,-0.0026,-0.0078000000000000005,0.0036,0.0,-0.003,0.007769637900987637,0.007324702879746434,0.17898152889722127
2014-10-07,0.0020094950643278695,-0.015600000000000001,-0.0014000000000000002,0.0015,0.0,0.0011,0.0020094950643278695,0.003522182371102878,0.18250371126832415
2014-10-08,-0.007925981559309011,0.017,0.0003,-0.0006,0.0,0.0026,-0.007925981559309011,-0.009610811971955242,0.17289289929636892
2014-10-09,0.01942560765426922,-0.0217,-0.0042,-0.004,0.0,0.0005,0.01942560765426922,0.0215625465322308,0.19445544582859972
2014-10-10,-0.019837570509883173,-0.0129,-0.0017000000000000001,0.0051,0.0,-0.0039000000000000003,-0.019837570509883173,-0.0188594335238886,0.1755960123047111
2014-10-13,-0.006464249155698242,-0.0159,0.0134,0.0049,0.0,-0.009000000000000001,-0.006464249155698242,-0.004249960678089302,0.1713460516266218
2014-10-14,-0.012736786597979964,0.0027,0.0087,-0.0012,0.0,-0.0084,-0.012736786597979964,-0.012569841547686245,0.15877621007893555
2014-10-15,0.009030773655450219,-0.0054,0.018500000000000003,-0.013300000000000001,0.0,-0.0066,0.009030773655450219,0.011164490232964166,0.16994070031189973
2014-10-16,-0.016955225825366183,0.0022,0.0105,0.0024,0.0,-0.0033,-0.016955225825366183,-0.016626346755331423,0.1533143535565683
2014-10-17,0.003181125323083132,0.0113,-0.015700000000000002,-0.001,0.0,0.010700000000000001,0.003181125323083132,0.0011963731682011398,0.15451072672476945
2014-10-20,0.01218041884124984,0.009399999999999999,0.002,-0.0031,0.0,0.0003,0.01218041884124984,0.01144330721849565,0.1659540339432651
2014-10-21,0.01065504891042752,0.019799999999999998,-0.0043,0.0007000000000000001,0.0,0.0032,0.01065504891042752,0.008332975162769455,0.17428700910603456
2014-10-22,0.006425728747063557,-0.0085,-0.005699999999999999,0.0017000000000000001,0.0,0.0077,0.006425728747063557,0.007038192300312987,0.18132520140634756
2014-10-23,-0.0007218884602119418,0.0129,0.0052,-0.0044,0.0,0.0011,-0.0007218884602119418,-0.0015468887744359387,0.17977831263191163
2014-10-24,0.00704751049501133,0.006500000000000001,-0.004699999999999999,-0.0013,0.0,0.011000000000000001,0.00704751049501133,0.0063294562465071955,0.18610776887841882
2014-10-27,0.00879954726966948,-0.0017000000000000001,0.0012,-0.003,0.0,0.0034000000000000002,0.00879954726966948,0.009235268268823447,0.19534303714724227
2014-10-28,0.006723817801129904,0.0137,0.0158,0.0005,0.0,-0.0023,0.006723817801129904,0.006293649235549169,0.20163668638279145
2014-10-29,0.008813649777108008,-0.0017000000000000001,-0.0006,0.0044,0.0,0.0029,0.008813649777108008,0.008863499605470337,0.21050018598826178
2014-10-30,-0.004838998280677376,0.006,0.0027,-0.0052,0.0,0.0002,-0.004838998280677376,-0.0051026053688686766,0.20539758061939312
2014-10-31,0.016956307605713,0.0123,0.0028000000000000004,0.002,0.0,0.0001,0.016956307605713,0.01579094512184448,0.2211885257412376
2014-11-03,0.0028903955844596027,-0.0001,-0.0027,-0.0005,0.0,0.003,0.0028903955844596027,0.0027995478723774393,0.22398807361361503
2014-11-04,0.000942803268384645,-0.0034000000000000002,0.0,-0.0025,0.0,0.0052,0.000942803268384645,0.0014971007887158642,0.2254851744023309
2014-11-05,0.005153731286135427,0.0048,-0.005699999999999999,0.0085,0.0,-0.0017000000000000001,0.005153731286135427,0.003936397208672318,0.2294215716110032
2014-11-06,0.003976900455591348,0.0049,0.0011,-0.0049,0.0,0.0022,0.003976900455591348,0.0037529808246382452,0.23317455243564145
2014-11-07,-0.0001745333130975845,0.0008,0.0001,0.0048,0.0,-0.0091,-0.0001745333130975845,-0.000612462439575409,0.23256208999606603
2014-11-10,0.0008045113352610023,0.0033,0.002,-0.005,0.0,0.0062,0.0008045113352610023,0.0008993530452806492,0.2334614430413467
2014-11-11,0.008250987767607324,0.001,0.0003,-0.0027,0.0,-0.0038,0.008250987767607324,0.008176588562355147,0.24163803160370184
2014-11-12,-0.0003384705643432671,0.0007000000000000001,0.0076,-0.0027,0.0,-0.0022,-0.0003384705643432671,0.00014880518502482338,0.24178683678872667
2014-11-13,0.0030773629482491838,-0.0003,-0.009000000000000001,-0.0036,0.0,0.0036,0.0030773629482491838,0.0026986567691402305,0.2444854935578669
2014-11-14,-0.00033754641263174966,0.0006,-0.0016,0.0018,0.0,-0.008,-0.00033754641263174966,-0.0007436279123223943,0.2437418656455445
2014-11-17,-0.0037142642755308847,-0.0005,-0.0098,0.0023,0.0,0.0058,-0.0037142642755308847,-0.004280324957302101,0.2394615406882424
2014-11-18,0.0062587083411786825,0.0051,0.0003,-0.0034000000000000002,0.0,0.0060999999999999995,0.0062587083411786825,0.005992622901576936,0.24545416358981934
2014-11-19,0.002649581605616588,-0.0021,-0.009399999999999999,-0.0004,0.0,-0.001,0.002649581605616588,0.0022235469695322035,0.24767771055935153
2014-11-20,-0.0021797551507913722,0.0031,0.0089,0.0,0.0,-0.0072,-0.0021797551507913722,-0.002056203399504512,0.245621507159847
2014-11-21,0.002902714187389665,0.0048,-0.004,-0.0005,0.0,-0.0033,0.002902714187389665,0.0020737042993550503,0.24769521145920206
2014-11-24,0.003326967834337953,0.004,0.0096,-0.0053,0.0,0.0011,0.003326967834337953,0.003764347237884332,0.2514595586970864
2014-11-25,0.003531545999315953,-0.0008,0.0004,-0.0002,0.0,0.0048,0.003531545999315953,0.0037532273946562257,0.25521278609174264
2014-11-26,0.0018966194240500776,0.0029,0.0009,-0.0049,0.0,0.009399999999999999,0.0018966194240500776,0.00202451319509682,0.25723729928683947
2014-11-28,0.0011924214989179546,-0.0034000000000000002,-0.0089,-0.0116,0.0,0.0113,0.0011924214989179546,0.0015853640862719092,0.2588226633731114
2014-12-01,0.005080135274224293,-0.009000000000000001,-0.009899999999999999,0.0060999999999999995,0.0,0.003,0.005080135274224293,0.005207845895348792,0.26403050926846017
2014-12-02,0.0005486025264975228,0.006500000000000001,0.0040999999999999995,0.0008,0.0,0.0078000000000000005,0.0005486025264975228,0.0002870278011640428,0.2643175370696242
2014-12-03,0.0009430789700700462,0.0046,0.0043,0.003,0.0,-0.0021,0.0009430789700700462,0.0006049116575745563,0.2649224487271987
2014-12-04,0.0013292918964321087,-0.0017000000000000001,-0.0031,0.0007000000000000001,0.0,0.0091,0.0013292918964321087,0.001469953184475304,0.266392401911674
2014-12-05,0.0007075282464241002,0.0025,0.0058,0.0023,0.0,0.004,0.0007075282464241002,0.0008471967879903103,0.26723959869966435
2014-12-08,-0.005036663410936382,-0.008199999999999999,-0.0055000000000000005,0.0018,0.0,0.011000000000000001,-0.005036663410936382,-0.004374098067891185,0.26286550063177316
2014-12-09,-0.0008644498655706575,0.0013,0.0173,-0.0012,0.0,-0.0034999999999999996,-0.0008644498655706575,0.00013911912726239555,0.26300461975903555
2014-12-10,-0.003944715327932011,-0.0172,-0.0063,-0.0013,0.0,0.0063,-0.003944715327932011,-0.0023888309460042686,0.26061578881303127
2014-12-11,-0.011071278717969438,0.005,-0.0009,-0.0017000000000000001,0.0,0.0021,-0.011071278717969438,-0.011552968878850656,0.2490628199341806
2014-12-12,0.0033794094221506884,-0.0155,0.0051,-0.0059,0.0,0.0003,0.0033794094221506884,0.005558460220956921,0.2546212801551375
2014-12-15,-0.011001728525115469,-0.0068000000000000005,-0.0027,0.0007000000000000001,0.0,0.0017000000000000001,-0.011001728525115469,-0.010459405226736721,0.2441618749284008
2014-12-16,-0.008521235579158973,-0.008,0.0060999999999999995,0.006,0.0,-0.0055000000000000005,-0.008521235579158973,-0.007592516903623109,0.2365693580247777
2014-12-17,-0.001626594440829762,0.0215,0.0086,-0.0008,0.0,-0.0066,-0.001626594440829762,-0.0034117876373891444,0.23315757038738855
2014-12-18,0.010798481392511543,0.0236,-0.0086,-0.0019,0.0,0.0028000000000000004,0.010798481392511543,0.007866337557439198,0.24102390794482775
2014-12-19,0.020106756229945604,0.0043,-0.0024,0.0024,0.0,-0.0096,0.020106756229945604,0.019203413161116182,0.26022732110594393
2014-12-22,0.003549643565811797,0.0037,0.002,-0.001,0.0,0.002,0.003549643565811797,0.0033750274825102887,0.2636023485884542
2014-12-23,0.0029365887237921477,0.0021,-0.003,0.011000000000000001,0.0,-0.0095,0.0029365887237921477,0.0019314271552012372,0.26553377574365544
2014-12-29,-0.0013654219664996313,0.0013,0.0016,0.005699999999999999,0.0,-0.0018,-0.0013654219664996313,-0.0016267589582866634,0.26390701678536876
2014-12-30,-0.0023324339935803418,-0.0048,0.0006,0.0032,0.0,-0.0008,-0.0023324339935803418,-0.001915206874975503,0.2619918099103933
2014-12-31,-0.0023891885553471216,-0.009300000000000001,0.005,-0.0045000000000000005,0.0,-0.0048,-0.0023891885553471216,-0.0010249723264099302,0.26096683758398337
2015-01-02,-0.01177620076108193,-0.0012,-0.0059,0.0012,0.0,-0.0008,-0.01177620076108193,-0.012109292178293676,0.2488575454056897
2015-01-05,-0.004720522751432842,-0.0184,0.0033,-0.0067,0.0,0.011399999999999999,-0.004720522751432842,-0.002092248492239636,0.24676529691345006
2015-01-07,-0.015789788174838004,0.011899999999999999,0.002,-0.0067,0.0,0.0089,-0.015789788174838004,-0.016479906458477443,0.23028539045497262
2015-01-08,0.013925779767777221,0.0181,-0.0011,-0.0029,0.0,0.0014000000000000002,0.013925779767777221,0.012083226544320681,0.2423686169992933
2015-01-09,0.01880169155345988,-0.0085,0.0,-0.004699999999999999,0.0,-0.0001,0.01880169155345988,0.019851092555966517,0.2622197095552598
2015-01-12,-0.0031443537544907324,-0.0078000000000000005,0.004,-0.0044,0.0,0.0088,-0.0031443537544907324,-0.001714479995921397,0.2605052295593384
2015-01-13,0.0001916146482029528,-0.0019,0.0027,0.0001,0.0,0.0032,0.0001916146482029528,0.0006398896176085032,0.26114511917694694
2015-01-14,-0.00240946100283684,-0.006,0.0029,-0.005,0.0,0.0013,-0.00240946100283684,-0.0013846857057451907,0.25976043347120176
2015-01-15,-0.0046976098324815335,-0.0108,-0.01,0.0060999999999999995,0.0,0.0074,-0.0046976098324815335,-0.004292830632183497,0.25546760283901826
2015-01-16,0.0007569460935645555,0.013600000000000001,0.004699999999999999,-0.0013,0.0,-0.0023,0.0007569460935645555,-0.00035484694484147657,0.25511275589417676
2015-01-20,0.0015689220842356548,0.0011,-0.0066,-0.0054,0.0,0.0073,0.0015689220842356548,0.001347952965481182,0.25646070885965794
2015-01-21,0.000801617944475048,0.0042,-0.0097,0.0059,0.0,-0.0095,0.000801617944475048,-0.000704287616752615,0.2557564212429053
2015-01-22,0.0051144881102849135,0.0158,0.0045000000000000005,0.0042,0.0,0.004,0.0051144881102849135,0.003706867159280332,0.25946328840218563
2015-01-23,0.01023541453428855,-0.004699999999999999,0.005,-0.0076,0.0,0.0017000000000000001,0.01023541453428855,0.011363989844497163,0.2708272782466828
2015-01-26,-0.0009118541033433968,0.0042,0.0059,-0.0005,0.0,-0.0083,-0.0009118541033433968,-0.0011139940043214279,0.26971328424236135
2015-01-27,0.002716328393237403,-0.012199999999999999,0.006500000000000001,0.002,0.0,-0.0054,0.002716328393237403,0.00425128678682277,0.27396457102918415
2015-01-28,-0.009550022032955593,-0.0139,-0.0006,-0.008100000000000001,0.0,0.0121,-0.009550022032955593,-0.007595241871348223,0.2663693291578359
2015-01-29,-0.0027132093912053045,0.0098,0.0026,0.0004,0.0,0.0058,-0.0027132093912053045,-0.0034521267840034106,0.2629172023738325
2015-01-30,0.0014626832925000602,-0.0131,-0.0079,0.0005,0.0,-0.025,0.0014626832925000602,0.0017415860587681451,0.2646587884326006
2015-02-02,-0.01711761054514922,0.0124,-0.0046,0.01,0.0,-0.009300000000000001,-0.01711761054514922,-0.019272553369122737,0.24538623506347787
2015-02-03,0.00763052507225598,0.0149,0.0015,0.005,0.0,-0.0134,0.00763052507225598,0.0057098292635245395,0.25109606432700243
2015-02-04,0.00603164771637979,-0.0034999999999999996,-0.0008,-0.0021,0.0,0.0075,0.00603164771637979,0.0065781995366133526,0.2576742638636158
2015-02-05,0.0030930253012402247,0.011000000000000001,0.0046,-0.0007000000000000001,0.0,-0.0074,0.0030930253012402247,0.002116150210890872,0.2597904140745067
2015-02-06,0.0054582121615104695,-0.002,0.0009,0.0034000000000000002,0.0,-0.0075,0.0054582121615104695,0.005450541365398951,0.26524095543990567
2015-02-09,-0.008095636059736181,-0.0046,-0.0036,0.0011,0.0,-0.0063,-0.008095636059736181,-0.008031745474030934,0.2572092099658747
2015-02-10,-0.004117487599915047,0.0105,-0.003,-0.0073,0.0,0.012199999999999999,-0.004117487599915047,-0.004908434282708333,0.2523007756831664
2015-02-11,0.009056198456547102,0.0003,-0.0008,-0.0034000000000000002,0.0,0.0049,0.009056198456547102,0.009192609207250658,0.26149338489041707
2015-02-12,0.002967337416156392,0.01,0.0016,-0.0005,0.0,-0.0049,0.002967337416156392,0.0019388507949764336,0.2634322356853935
2015-02-13,0.003300210079452121,0.004699999999999999,0.0017000000000000001,-0.003,0.0,-0.0134,0.003300210079452121,0.0027356079199993433,0.2661678436053928
2015-02-17,0.00045004173774178935,0.0016,-0.0004,-0.0003,0.0,-0.0011,0.00045004173774178935,0.00024162754162900023,0.2664094711470218
2015-02-18,0.0029166999209153835,0.0003,0.0032,-0.0083,0.0,0.0068000000000000005,0.0029166999209153835,0.003533209395585813,0.2699426805426076
2015-02-19,0.005801966302295437,-0.0001,0.0028000000000000004,-0.0038,0.0,-0.005699999999999999,0.005801966302295437,0.006009085698337138,0.27595176624094475
2015-02-20,-0.002646891700412102,0.0060999999999999995,-0.004,-0.0027,0.0,0.005,-0.002646891700412102,-0.0033574497993779603,0.2725943164415668
2015-02-23,0.006418438949106728,-0.0008,0.0004,-0.0037,0.0,0.0089,0.006418438949106728,0.006848402521027993,0.27944271896259476
2015-02-24,0.006184030440047966,0.0032,-0.0004,0.0070999999999999995,0.0,-0.0004,0.006184030440047966,0.0055701984217640796,0.28501291738435885
2015-02-25,0.0015311645396535744,0.0001,0.0023,-0.0048,0.0,-0.01,0.0015311645396535744,0.0016245238387402263,0.2866374412230991
2015-02-26,0.0012443913504134984,-0.0008,0.0066,-0.005,0.0,0.0042,0.0012443913504134984,0.0020380383457612662,0.28867547956886036
2015-02-27,0.001512719628424932,-0.0036,-0.0022,0.0022,0.0,-0.0017000000000000001,0.001512719628424932,0.0016287623974425847,0.29030424196630294
2015-03-02,-0.001964274317645223,0.0062,0.0023,-0.0046,0.0,0.0040999999999999995,-0.001964274317645223,-0.002212138305082338,0.2880921036612206
2015-03-03,0.0037444401813246757,-0.0043,-0.0031,0.0032,0.0,-0.0039000000000000003,0.0037444401813246757,0.0037909941360640066,0.2918830977972846
2015-03-04,-0.012444343769687536,-0.0040999999999999995,0.0012,-0.0037,0.0,0.0005,-0.012444343769687536,-0.011795869560374896,0.28008722823690974
2015-03-05,0.002415580133466151,0.0015,0.0027,-0.0043,0.0,-0.0002,0.002415580133466151,0.002584259203844623,0.2826714874407544
2015-03-06,0.0018377095131857802,-0.0129,0.0029,0.0040999999999999995,0.0,0.0004,0.0018377095131857802,0.0032553403469306515,0.285926827787685
2015-03-09,-0.01782234752507053,0.0037,0.0009,0.0,0.0,0.0079,-0.01782234752507053,-0.01797818455967566,0.2679486432280094
2015-03-10,-0.00013080634846806565,-0.0163,0.0044,-0.0053,0.0,0.0043,-0.00013080634846806565,0.0021506031091152933,0.2700992463371247
2015-03-11,-0.013845482956610226,-0.0003,0.0054,0.0051,0.0,-0.0007000000000000001,-0.013845482956610226,-0.01363681844546788,0.2564624278916568
2015-03-12,-0.0021520433356671297,0.0128,0.004,0.0045000000000000005,0.0,0.0069,-0.0021520433356671297,-0.003226667456333577,0.2532357604353232
2015-03-13,0.0008936946518651957,-0.0058,0.0021,-0.0002,0.0,0.0074,0.0008936946518651957,0.0018111383444511591,0.2550468987797744
2015-03-16,-0.0006715173340023989,0.0124,-0.0077,-0.0038,0.0,0.006500000000000001,-0.0006715173340023989,-0.0022236121600030037,0.2528232866197714
2015-03-17,0.007775636339469773,-0.0019,0.0053,-0.0001,0.0,0.0021,0.007775636339469773,0.008383470934413426,0.2612067575541848
2015-03-18,-0.00488730619303034,0.0109,-0.0053,0.0002,0.0,-0.0086,-0.00488730619303034,-0.006582548366419406,0.2546242091877654
2015-03-19,0.013997599569984394,-0.0036,0.0089,-0.0111,0.0,0.0098,0.013997599569984394,0.015570465440655143,0.27019467462842056
2015-03-20,-0.00018880255609622,0.008100000000000001,-0.0016,0.005600000000000001,0.0,-0.0043,-0.00018880255609622,-0.0014308372876321246,0.26876383734078846
2015-03-23,0.006471340170244921,-0.0019,0.002,0.0024,0.0,-0.0049,0.006471340170244921,0.0066182817235466975,0.27538211906433513
2015-03-24,0.005650369835829008,-0.0051,0.0060999999999999995,-0.0026,0.0,-0.0018,0.005650369835829008,0.006648999438005203,0.2820311185023403
2015-03-25,-0.00520960404138977,-0.015600000000000001,-0.0101,0.0103,0.0,-0.012199999999999999,-0.00520960404138977,-0.0048759760695039475,0.27715514243283634
2015-03-26,-0.018408448265912654,-0.0022,0.0012,-0.0004,0.0,-0.0001,-0.018408448265912654,-0.018084868263072096,0.25907027416976425
2015-03-27,0.0018518518518518437,0.0032,0.0051,-0.0072,0.0,0.011399999999999999,0.0018518518518518437,0.002355301565308116,0.26142557573507236
2015-03-30,0.0017604084147521588,0.0124,0.0001,0.0001,0.0,0.0014000000000000002,0.0017604084147521588,0.0004942956167221517,0.2619198713517945
2015-03-31,-0.00012447646662563268,-0.0075,0.004,0.0039000000000000003,0.0,-0.0024,-0.00012447646662563268,0.0007480711327507741,0.2626679424845453
2015-04-01,-0.006356413166855861,-0.0038,0.0034999999999999996,0.0042,0.0,-0.0015,-0.006356413166855861,-0.005896428283759019,0.25677151420078625
2015-04-02,-0.00084753882096294,0.0034999999999999996,-0.0009,0.0028000000000000004,0.0,-0.005699999999999999,-0.00084753882096294,-0.0014944885585181878,0.25527702564226806
2015-04-07,0.014435134098486445,-0.0022,-0.0019,-0.0019,0.0,-0.003,0.014435134098486445,0.014536766123731292,0.26981379176599934
2015-04-08,0.002065019014171523,0.0037,0.005600000000000001,-0.0074,0.0,0.0127,0.002065019014171523,0.0025849605842986853,0.27239875235029803
2015-04-09,-0.0001523803995269267,0.0040999999999999995,-0.006999999999999999,-0.0008,0.0,-0.0077,-0.0001523803995269267,-0.001196625494722811,0.2712021268555752
2015-04-10,-0.002140908035299491,0.0049,-0.0008,-0.0027,0.0,0.0033,-0.002140908035299491,-0.0025451996429445107,0.2686569272126307
2015-04-13,0.0024509625664559677,-0.0038,0.0051,0.0024,0.0,0.0006,0.0024509625664559677,0.0031265070575584412,0.27178343427018914
2015-04-14,-0.0002974592625913129,0.001,-0.0021,0.0022,0.0,-0.011399999999999999,-0.0002974592625913129,-0.0008666320628901371,0.270916802207299
2015-04-15,0.0011539047701987944,0.005699999999999999,0.0025,0.0036,0.0,-0.0168,0.0011539047701987944,0.00023973417764927834,0.2711565363849483
2015-04-16,0.005588900487125937,-0.0008,-0.0009,-0.002,0.0,0.005699999999999999,0.005588900487125937,0.005803293773034938,0.27695983015798326
2015-04-17,0.0030780764545172727,-0.0123,-0.004699999999999999,0.0017000000000000001,0.0,0.0006,0.0030780764545172727,0.004003161112135462,0.2809629912701187
2015-04-20,-0.007308659719726859,0.0095,0.0017000000000000001,-0.0028000000000000004,0.0,0.003,-0.007308659719726859,-0.008028464947057164,0.27293452632306153
2015-04-21,0.007876466883366065,-0.001,0.0018,-0.0073,0.0,0.0123,0.007876466883366065,0.008619000935779629,0.28155352725884114
2015-04-22,0.0051788164141903115,0.0046,-0.0037,0.0018,0.0,-0.0018,0.0051788164141903115,0.004344998744905912,0.28589852600374704
2015-04-23,0.0004287490531791905,0.0029,0.0027,-0.0025,0.0,-0.0027,0.0004287490531791905,0.00033509587398298737,0.28623362187773005
2015-04-24,0.00946415051213556,0.0017000000000000001,-0.0049,-0.003,0.0,0.004,0.00946415051213556,0.009142316120766804,0.2953759379984969
2015-04-27,0.008972100164865833,-0.0053,-0.006999999999999999,0.005600000000000001,0.0,-0.0118,0.008972100164865833,0.008605793495158257,0.30398173149365515
2015-04-28,-0.007868438584803088,0.0027,0.0018,0.0106,0.0,-0.0074,-0.007868438584803088,-0.008551511814194017,0.29543021967946115
2015-04-29,0.004495557456193125,-0.0039000000000000003,-0.0074,0.0072,0.0,-0.0123,0.004495557456193125,0.003889859481538969,0.2993200791610001
2015-04-30,-0.007402768297574394,-0.0111,-0.0106,0.0070999999999999995,0.0,-0.0113,-0.007402768297574394,-0.007445968893387335,0.2918741102676128
2015-05-05,-0.0010066852407183376,-0.011899999999999999,-0.0016,0.0052,0.0,-0.0043,-0.0010066852407183376,-0.00013864888808604189,0.2917354613795267
2015-05-06,-0.005776531951885914,-0.0031,0.0064,-0.0012,0.0,0.0045000000000000005,-0.005776531951885914,-0.004878728339890493,0.2868567330396362
2015-05-07,-0.0075588325565128095,0.0039000000000000003,0.0008,-0.0037,0.0,0.0084,-0.0075588325565128095,-0.007605182799427094,0.27925155024020915
2015-05-08,0.015462953639907356,0.0121,-0.005600000000000001,-0.0011,0.0,0.0017000000000000001,0.015462953639907356,0.013888789977436526,0.2931403402176457
2015-05-11,0.012493625701172942,-0.0039000000000000003,0.0069,-0.0005,0.0,0.0053,0.012493625701172942,0.013502619532218315,0.306642959749864
2015-05-12,-0.005868938694423449,-0.0026,-0.0001,0.0014000000000000002,0.0,-0.0032,-0.005868938694423449,-0.005720254554020098,0.3009227051958439
2015-05-13,0.0013721088961910935,0.0001,-0.0002,0.0004,0.0,-0.0008,0.0013721088961910935,0.0013170751228518565,0.30223978031869575
2015-05-15,0.017307043678677816,0.0005,-0.0025,-0.002,0.0,-0.0036,0.017307043678677816,0.017075363101021115,0.31931514341971684
2015-05-18,-0.003460542220687184,0.0044,0.0075,-0.0011,0.0,0.0075,-0.003460542220687184,-0.003212728253597027,0.3161024151661198
2015-05-19,0.0010674133939586922,-0.0009,-0.0012,0.0023,0.0,0.0084,0.0010674133939586922,0.001183402490411444,0.31728581765653124
2015-05-20,0.00023541141606884963,-0.0005,0.0021,-0.001,0.0,-0.0018,0.00023541141606884963,0.0004256271401797097,0.31771144479671093
2015-05-21,0.0021874264512467614,0.0023,-0.0028000000000000004,0.0002,0.0,-0.0051,0.0021874264512467614,0.0016390824163368873,0.3193505272130478
2015-05-22,0.0009255549876361718,-0.0022,-0.001,-0.0013,0.0,0.0031,0.0009255549876361718,0.0011997455552861303,0.3205502727683339
2015-05-26,-0.01324942033786011,-0.0101,-0.0002,-0.0002,0.0,0.0037,-0.01324942033786011,-0.012117442321021084,0.30843283044731284
2015-05-27,-0.00480446458543146,0.009300000000000001,0.0034999999999999996,-0.0032,0.0,0.008,-0.00480446458543146,-0.00525927044291229,0.30317356000440054
2015-05-28,0.007413653771828189,-0.0011,0.0009,0.0015,0.0,0.0022,0.007413653771828189,0.0075863972739037945,0.31075995727830436
2015-05-29,-0.0011648995535714396,-0.0058,0.0001,0.0005,0.0,0.0013,-0.0011648995535714396,-0.0005391157343000326,0.3102208415440043
2015-06-01,-0.008638690438778395,0.0017000000000000001,-0.0003,-0.0023,0.0,0.004,-0.008638690438778395,-0.008672136012805346,0.30154870553119895
2015-06-02,0.0006903547578121725,-0.0002,0.0032,0.0034999999999999996,0.0,-0.0084,0.0006903547578121725,0.0006272752582524182,0.30217598078945135
2015-06-03,-0.003611302744026881,0.0039000000000000003,0.0089,-0.0026,0.0,0.0029,-0.003611302744026881,-0.0032642837511043356,0.298911697038347
2015-06-04,-0.00017662726701093696,-0.0088,-0.001,0.0,0.0,0.0015,-0.00017662726701093696,0.0007103457774778898,0.29962204281582494
2015-06-05,-0.011496933208965839,0.0006,0.008199999999999999,0.0009,0.0,-0.0017000000000000001,-0.011496933208965839,-0.011070630837688293,0.28855141197813666
2015-06-08,-0.004353451665248762,-0.0066,0.0003,0.0001,0.0,-0.0004,-0.004353451665248762,-0.003653340362401367,0.28489807161573527
2015-06-09,-0.004343767949454416,0.0002,-0.0031,0.0037,0.0,-0.0004,-0.004343767949454416,-0.004710276554166357,0.28018779506156893
2015-06-10,0.0027474310438074653,0.011899999999999999,0.0015,0.0021,0.0,-0.0008,0.0027474310438074653,0.0015128501780205916,0.28170064523958954
2015-06-11,0.014389886089057707,0.0021,-0.001,-0.001,0.0,0.0042,0.014389886089057707,0.014226894664658138,0.2959275399042477
2015-06-12,0.0003331986360123712,-0.0063,0.0033,0.0012,0.0,0.0008,0.0003331986360123712,0.0011939153610768926,0.2971214552653246
2015-06-15,-0.009553237328495312,-0.0045000000000000005,0.0012,-0.0014000000000000002,0.0,0.0028000000000000004,-0.009553237328495312,-0.00889166897066196,0.2882297862946626
2015-06-16,-0.008106986462119738,0.005699999999999999,0.0011,-0.0001,0.0,0.0011,-0.008106986462119738,-0.00860256716655155,0.27962721912811106
2015-06-17,0.008331950686394092,0.0016,-0.0028000000000000004,-0.0066,0.0,0.0021,0.008331950686394092,0.008245079233749087,0.2878722983618601
2015-06-18,0.005337034440326819,0.009899999999999999,0.0022,-0.0044,0.0,0.008100000000000001,0.005337034440326819,0.004774241438296576,0.2926465398001567
2015-06-19,0.010332754547265883,-0.0043,0.005600000000000001,-0.0021,0.0,0.0038,0.010332754547265883,0.01131763741039224,0.3039641772105489
2015-06-22,0.0004014763058545759,0.0063,0.0009,-0.0006,0.0,0.0019,0.0004014763058545759,-0.000136185006137684,0.30382799220441126
2015-06-24,0.0017038293917609757,-0.0079,-0.0012,0.0013,0.0,0.0001,0.0017038293917609757,0.002408181428312111,0.3062361736327234
2015-06-25,-0.006670180987524098,-0.0025,0.0036,-0.0021,0.0,0.0084,-0.006670180987524098,-0.005910252082233892,0.3003259215504895
2015-06-26,-0.0019246281646689608,-0.0006,-0.0022,0.0040999999999999995,0.0,0.0005,-0.0019246281646689608,-0.0021403756174318187,0.2981855459330577
2015-06-29,-0.006976051724871314,-0.021400000000000002,-0.0044,0.0017000000000000001,0.0,0.0032,-0.006976051724871314,-0.005020491946278604,0.29316505398677906
2015-06-30,-0.013528949810808802,0.0033,0.0032,-0.0066,0.0,0.0069,-0.013528949810808802,-0.013282824376753485,0.27988222961002557
2015-07-01,0.0010349194861587585,0.0060999999999999995,-0.0076,-0.0004,0.0,0.0159,0.0010349194861587585,0.00023715001925731253,0.2801193796292829
2015-07-02,0.002190604259749305,-0.0011,-0.005699999999999999,-0.001,0.0,-0.0033,0.002190604259749305,0.0018817000093249645,0.2820010796386079
2015-07-06,-0.004459260542038261,-0.0037,0.0019,-0.005600000000000001,0.0,0.0141,-0.004459260542038261,-0.003446071534795458,0.2785550081038124
2015-07-07,-0.004602449807929348,0.0053,-0.0046,-0.0028000000000000004,0.0,-0.0034000000000000002,-0.004602449807929348,-0.005448180775526667,0.27310682732828573
2015-07-08,0.004164997997597111,-0.0168,0.0,0.0009,0.0,0.0055000000000000005,0.004164997997597111,0.0060142021667559005,0.27912102949504164
2015-07-09,-0.00048583465668882624,0.0029,0.0014000000000000002,0.0002,0.0,0.0002,-0.00048583465668882624,-0.0006972705608263803,0.2784237589342153
2015-07-10,0.013609982588508398,0.0123,0.0023,-0.0052,0.0,0.0104,0.013609982588508398,0.012879499339177574,0.2913032582733929
2015-07-13,0.007293366543559704,0.011399999999999999,-0.0008,-0.0043,0.0,-0.0001,0.007293366543559704,0.006188864240698094,0.29749212251409096
2015-07-14,0.011006501580985638,0.0048,0.0017000000000000001,0.001,0.0,-0.0027,0.011006501580985638,0.010526206965092866,0.30801832947918384
2015-07-15,0.002445812600151727,-0.0018,-0.0079,-0.0006,0.0,0.0127,0.002445812600151727,0.0023933655221117386,0.31041169500129556
2015-07-16,0.0020542374782658163,0.0077,-0.0016,-0.0064,0.0,0.0077,0.0020542374782658163,0.0015237406818425846,0.31193543568313814
2015-07-17,0.009410529998250773,0.0005,-0.0059,-0.006500000000000001,0.0,-0.0011,0.009410529998250773,0.009155853268798734,0.3210912889519369
2015-07-20,0.0004158868787689906,-0.0001,-0.0070999999999999995,-0.0060999999999999995,0.0,0.0138,0.0004158868787689906,0.00045128271945340745,0.3215425716713903
2015-07-21,0.0022587126723481194,-0.0046,0.0001,0.003,0.0,-0.0039000000000000003,0.0022587126723481194,0.0025608033697147015,0.324103375041105
2015-07-22,-0.005101758655016059,-0.0017000000000000001,0.0019,0.0023,0.0,0.0105,-0.005101758655016059,-0.004646018186463793,0.31945735685464116
2015-07-23,-0.0001737100293222184,-0.0058,-0.0039000000000000003,-0.0031,0.0,-0.0016,-0.0001737100293222184,0.00024077646920722573,0.3196981333238484
2015-07-24,-0.005149659816669303,-0.0109,-0.0062,0.0004,0.0,0.0105,-0.005149659816669303,-0.0042145849099646075,0.31548354841388376
2015-07-27,-0.0005169330501844555,-0.0074,-0.0025,0.0005,0.0,0.0021,-0.0005169330501844555,0.00011734751438430106,0.31560089592826807
2015-07-28,-0.003830078698332391,0.0123,-0.0037,-0.0014000000000000002,0.0,-0.0092,-0.003830078698332391,-0.0055217500981730346,0.31007914583009505
2015-07-29,0.009219111765943963,0.0075,-0.0039000000000000003,0.0053,0.0,-0.0102,0.009219111765943963,0.007766436518611872,0.3178455823487069
2015-07-30,0.007063207363532803,0.001,0.0015,-0.0027,0.0,0.002,0.007063207363532803,0.007195746083607987,0.3250413284323149
2015-07-31,-0.0007455474251001985,-0.0015,0.0085,-0.0101,0.0,0.012,-0.0007455474251001985,0.0005934610568751494,0.32563478948919006
2015-08-03,0.0064869570023213105,-0.0034000000000000002,-0.0033,-0.002,0.0,0.0106,0.0064869570023213105,0.006916937657576017,0.33255172714676606
2015-08-04,3.431920983443278e-05,-0.0014000000000000002,0.0003,-0.0013,0.0,0.0027,3.431920983443278e-05,0.0003042614048357167,0.33285598855160176
2015-08-05,0.0026768065012079743,0.0036,-0.0002,-0.004,0.0,0.0072,0.0026768065012079743,0.00257830151013226,0.33543429006173403
2015-08-06,0.006947962159276145,-0.0088,-0.0053,0.019299999999999998,0.0,-0.0207,0.006947962159276145,0.006403307021827643,0.34183759708356165
2015-08-07,-0.01080210195715875,-0.0036,-0.0048,-0.003,0.0,0.01,-0.01080210195715875,-0.01043180710908363,0.331405789974478
2015-08-10,-0.0016493485073395414,0.0131,0.0014000000000000002,0.006999999999999999,0.0,-0.0199,-0.0016493485073395414,-0.0035971036635416374,0.32780868631093635
2015-08-11,0.004735943609229551,-0.0098,-0.0009,0.0042,0.0,0.0009,0.004735943609229551,0.0055780384626108554,0.3333867247735472
2015-08-12,-0.014031241436009902,0.0007000000000000001,-0.001,-0.0032,0.0,-0.0097,-0.014031241436009902,-0.014273000681196182,0.319113724092351
2015-08-13,0.005176774695647372,-0.0014000000000000002,-0.004699999999999999,0.0008,0.0,0.0132,0.005176774695647372,0.00526263646832937,0.32437636056068037
2015-08-14,-0.0016867486537118824,0.0043,0.0015,0.0044,0.0,0.0018,-0.0016867486537118824,-0.0021470404170528846,0.3222293201436275
2015-08-17,0.001253349767680226,0.006,0.0044,-0.0086,0.0,0.0072,0.001253349767680226,0.0013727590322577916,0.3236020791758853
2015-08-18,0.004114970192400784,-0.0034999999999999996,-0.0063,0.0037,0.0,0.0022,0.004114970192400784,0.003975282933724947,0.32757736210961025
2015-08-19,-0.0051381302991273595,-0.0085,-0.0012,-0.0022,0.0,0.0121,-0.0051381302991273595,-0.0039917098610819934,0.32358565224852825
2015-08-20,-0.00952624910864499,-0.022400000000000003,-0.0027,0.0055000000000000005,0.0,-0.0040999999999999995,-0.00952624910864499,-0.0076382070967436185,0.31594744515178463
2015-08-21,-0.01130938651121499,-0.029500000000000002,0.018600000000000002,0.0014000000000000002,0.0,-0.0012,-0.01130938651121499,-0.007028179822036127,0.3089192653297485
2015-08-24,-0.026970851685059565,-0.0391,0.0034000000000000002,-0.0043,0.0,-0.0001,-0.026970851685059565,-0.022496785085845135,0.2864224802439034
2015-08-25,-0.011661362744670702,-0.0116,0.0070999999999999995,-0.006,0.0,0.0095,-0.011661362744670702,-0.009552892255512604,0.2768695879883908
2015-08-26,-0.017121349124083893,0.0368,-0.013600000000000001,-0.0033,0.0,0.0043,-0.017121349124083893,-0.021696298978097783,0.255173289010293
2015-08-27,0.0198429319371729,0.024,-0.0072,0.0060999999999999995,0.0,-0.0208,0.0198429319371729,0.01618004157415797,0.271353330584451
2015-08-28,0.01149222972725198,0.0023,0.009899999999999999,0.0008,0.0,-0.0148,0.01149222972725198,0.01157579103207168,0.28292912161652267
2015-09-01,-0.009933294663573119,-0.0291,0.0031,-0.005,0.0,0.0083,-0.009933294663573119,-0.006322169456877954,0.2766069521596447
2015-09-02,-0.02047601611131443,0.0182,-0.0014000000000000002,-0.0092,0.0,0.0101,-0.02047601611131443,-0.02194595681484622,0.25466099534479847
2015-09-03,0.016694827818233345,0.0017000000000000001,-0.0034000000000000002,0.0074,0.0,-0.0072,0.016694827818233345,0.015877198344631534,0.27053819368943
2015-09-04,-0.005875561634567902,-0.0139,0.0091,-0.005699999999999999,0.0,0.0070999999999999995,-0.005875561634567902,-0.003452386927053707,0.2670858067623763
2015-09-08,0.00879230878409175,0.0252,-0.0034000000000000002,-0.0058,0.0,0.0088,0.00879230878409175,0.006308545970029817,0.27339435273240614
2015-09-09,0.019045644382571548,-0.0134,0.0015,0.0015,0.0,0.0028000000000000004,0.019045644382571548,0.020561391091664123,0.29395574382407025
2015-09-10,-0.01172828740844091,0.0049,-0.0011,-0.0036,0.0,0.0031,-0.01172828740844091,-0.012126521499402467,0.2818292223246678
2015-09-14,0.0050293378038558595,-0.0040999999999999995,0.0002,0.0004,0.0,0.0052,0.0050293378038558595,0.005571498910488678,0.2874007212351565
2015-09-15,-0.004879797492062033,0.012199999999999999,-0.002,0.0027,0.0,-0.0043,-0.004879797492062033,-0.006479662985477002,0.2809210582496795
2015-09-16,0.013902469507936378,0.0085,0.0001,0.0043,0.0,-0.0169,0.013902469507936378,0.012505778415013678,0.29342683666469316
2015-09-17,0.010746138786164833,-0.0017000000000000001,0.0092,-0.0149,0.0,0.011000000000000001,0.010746138786164833,0.012296013642464054,0.30572285030715723
2015-09-18,-0.0010115358126721128,-0.016200000000000003,0.005,-0.0096,0.0,0.012199999999999999,-0.0010115358126721128,0.0016179466402184736,0.3073407969473757
2015-09-21,-0.008122024258353698,0.0036,-0.0096,0.0124,0.0,-0.0008,-0.008122024258353698,-0.009592144840751705,0.297748652106624
2015-09-22,-0.005444540978858878,-0.0129,-0.0028000000000000004,0.0013,0.0,0.004,-0.005444540978858878,-0.00424035106561884,0.29350830104100517
2015-09-23,-0.0076728204530896035,-0.0027,-0.0016,-0.0015,0.0,0.019799999999999998,-0.0076728204530896035,-0.007018864560860216,0.28648943648014497
2015-09-24,-0.0018486729169417588,-0.0036,0.0027,0.0052,0.0,-0.005699999999999999,-0.0018486729169417588,-0.0015889900644302899,0.28490044641571466
2015-09-25,0.006857168055739373,-0.0022,-0.0168,0.0187,0.0,-0.0053,0.006857168055739373,0.005193569091948062,0.29009401550766273
2015-09-28,-0.002912515055294073,-0.0263,-0.0031,0.0116,0.0,-0.0034999999999999996,-0.002912515055294073,-0.0008382809539566609,0.28925573455370607
2015-09-29,-0.01892441945591377,-0.0006,-0.0074,0.006999999999999999,0.0,-0.0043,-0.01892441945591377,-0.019696132964239575,0.2695596015894665
2015-09-30,0.011342352493452107,0.018799999999999997,-0.0043,-0.0044,0.0,0.0025,0.011342352493452107,0.009284216552170484,0.278843818141637
2015-10-01,0.007533331857656187,0.0013,-0.0045000000000000005,-0.0006,0.0,0.0063,0.007533331857656187,0.007248331868935792,0.2860921500105728
2015-10-02,0.005236100533130131,0.0148,0.0032,-0.0084,0.0,-0.0207,0.005236100533130131,0.003741249665447818,0.2898333996760206
2015-10-05,0.014111184771285272,0.019299999999999998,0.0062,0.0077,0.0,-0.0194,0.014111184771285272,0.011826327952721604,0.3016597276287422
2015-10-06,0.009597425361340155,-0.0043,-0.0024,0.016399999999999998,0.0,-0.030699999999999998,0.009597425361340155,0.008660735960585428,0.31032046358932763
2015-10-07,-0.001978084531094417,0.009399999999999999,0.0077,-0.0024,0.0,-0.0033,-0.001978084531094417,-0.0024300010572658984,0.30789046253206176
2015-10-08,0.0072079394276426,0.0085,0.0023,0.0074,0.0,-0.016,0.0072079394276426,0.005874158611422972,0.31376462114348475
2015-10-09,0.007793421248221472,0.0012,0.0022,-0.0108,0.0,0.0046,0.007793421248221472,0.008285530632398265,0.32205015177588303
2015-10-12,-0.0011659432199698412,0.0006,-0.0038,-0.0008,0.0,0.0183,-0.0011659432199698412,-0.001063624392097263,0.32098652738378575
2015-10-13,0.001441550405040517,-0.0073,-0.0074,0.0066,0.0,-0.0015,0.001441550405040517,0.0014463696387337745,0.32243289702251954
2015-10-14,-0.0022750732025869037,-0.006,-0.0029,-0.0007000000000000001,0.0,-0.0077,-0.0022750732025869037,-0.0019856908577054796,0.32044720616481404
2015-10-15,0.00508132226984499,0.015600000000000001,0.0067,-0.0009,0.0,0.0067,0.00508132226984499,0.004076696504925933,0.32452390266973996
2015-10-16,0.004117329897556893,0.0034999999999999996,-0.0046,-0.0032,0.0,0.008100000000000001,0.004117329897556893,0.0037227126341171806,0.3282466153038571
2015-10-19,0.00824273530498817,0.0,0.0016,-0.0068000000000000005,0.0,0.013500000000000002,0.00824273530498817,0.00887574488877059,0.3371223601926277
2015-10-20,0.004800077465227098,-0.0015,0.0001,0.012199999999999999,0.0,-0.0106,0.004800077465227098,0.004317938456328462,0.34144029864895614
2015-10-21,0.0009430390638444361,-0.0073,-0.0088,-0.002,0.0,0.0043,0.0009430390638444361,0.0012721253804730043,0.34271242402942914
2015-10-22,-0.001726129892993709,0.015,-0.0079,0.0032,0.0,-0.0067,-0.001726129892993709,-0.004089060935922005,0.33862336309350716
2015-10-23,0.009320685308037343,0.0109,-0.0001,-0.005600000000000001,0.0,0.008100000000000001,0.009320685308037343,0.008537921073217191,0.34716128416672437
2015-10-26,0.003119155848587853,-0.002,-0.0034000000000000002,-0.0072,0.0,0.0171,0.003119155848587853,0.003713885060807366,0.35087516922753176
2015-10-27,0.002054827142769587,-0.0042,-0.0087,-0.009300000000000001,0.0,0.0169,0.002054827142769587,0.0025877566607395734,0.35346292588827133
2015-10-28,0.001982712377693211,0.0143,0.014199999999999999,0.0068000000000000005,0.0,-0.0069,0.001982712377693211,0.00106625273017151,0.35452917861844285
2015-10-29,-8.132009622883176e-05,-0.002,-0.008100000000000001,-0.0006,0.0,-0.0053,-8.132009622883176e-05,-0.0005157606969298627,0.354013417921513
2015-10-30,0.0005557325164517447,-0.0042,0.002,-0.005699999999999999,0.0,-0.0101,0.0005557325164517447,0.001108039327625768,0.35512145724913874
2015-11-02,-0.0018288346259356537,0.0125,0.0085,-0.0002,0.0,-0.0101,-0.0018288346259356537,-0.0027736492487971743,0.35234780800034154
2015-11-03,0.0016286092355716018,0.0033,0.004,0.0024,0.0,-0.0148,0.0016286092355716018,0.0011521129959343825,0.3534999209962759
2015-11-04,0.005589241556857801,-0.0025,0.0033,-0.0032,0.0,0.008100000000000001,0.005589241556857801,0.006359898493225094,0.359859819489501
2015-11-05,-0.002021154753082218,-0.0007000000000000001,0.0002,0.0049,0.0,0.010700000000000001,-0.002021154753082218,-0.0018701642945599649,0.3579896551949411
2015-11-06,-0.005852966988456116,0.0014000000000000002,0.0087,0.0033,0.0,0.0033,-0.005852966988456116,-0.0054504183020818,0.35253923689285926
2015-11-09,-0.006899221121395019,-0.0095,-0.0024,-0.0004,0.0,0.0043,-0.006899221121395019,-0.005959686340297656,0.3465795505525616
2015-11-10,-0.008964286446901474,0.0013,0.0,0.0022,0.0,0.0079,-0.008964286446901474,-0.009004829607689151,0.33757472094487245
2015-11-11,0.007893139040680012,-0.0043,-0.005,-0.0018,0.0,0.0137,0.007893139040680012,0.008362266085841586,0.345936987030714
2015-11-12,0.0010336801752464633,-0.014499999999999999,-0.0052,-0.0040999999999999995,0.0,0.0068000000000000005,0.0010336801752464633,0.0024877204653256284,0.34842470749603965
2015-11-13,-0.015680669625455633,-0.0106,0.0032,0.0036,0.0,-0.006,-0.015680669625455633,-0.014605118907198806,0.33381958858884087
2015-11-16,-0.0008406397198794078,0.0139,-0.006,0.0048,0.0,-0.01,-0.0008406397198794078,-0.0030853282434993197,0.33073426034534154
2015-11-17,0.015060806441519409,-0.0011,-0.0012,-0.0064,0.0,0.0086,0.015060806441519409,0.015499353308409625,0.34623361365375116
2015-11-18,-0.0036990608495509935,0.0161,-0.0002,-0.0008,0.0,-0.004699999999999999,-0.0036990608495509935,-0.00547458058400156,0.3407590330697496
2015-11-19,0.011248392841181813,-0.0013,-0.0025,-0.0017000000000000001,0.0,0.0021,0.011248392841181813,0.011318441342628235,0.3520774744123778
2015-11-20,0.0006051169779505434,0.0034999999999999996,0.0043,-0.0039000000000000003,0.0,0.0089,0.0006051169779505434,0.0008559694188222337,0.3529334438312
2015-11-23,-0.0015016851489454235,-0.0001,0.006500000000000001,-0.0034999999999999996,0.0,0.0008,-0.0015016851489454235,-0.0009130039096842362,0.35202043992151577
2015-11-24,-0.004219208285980618,0.0021,0.0069,0.0025,0.0,-0.0134,-0.004219208285980618,-0.004346163023062142,0.34767427689845365
2015-11-25,0.003717700766092337,0.0007000000000000001,0.0088,-0.0054,0.0,0.0002,0.003717700766092337,0.004430620443542787,0.35210489734199646
2015-11-27,-0.0014587545628485495,0.0009,0.0024,-0.0029,0.0,0.0078000000000000005,-0.0014587545628485495,-0.001122330008022054,0.3509825673339744
2015-11-30,0.002976129808182262,-0.0048,0.0012,0.0067,0.0,-0.0063,0.002976129808182262,0.003195525396429102,0.3541780927304035
2015-12-01,-0.0010026488899727835,0.0097,-0.0066,0.0025,0.0,0.0048,-0.0010026488899727835,-0.0024490843594214507,0.3517290083709821
2015-12-02,0.006483070099890767,-0.0101,0.0025,-0.006999999999999999,0.0,0.0098,0.006483070099890767,0.008162661746619487,0.3598916701176016
2015-12-03,-0.0011858479823739759,-0.015,-0.002,0.004,0.0,-0.0006,-0.0011858479823739759,0.00010101521482459614,0.3599926853324262
2015-12-04,-0.011966999682948742,0.0187,-0.0102,-0.0048,0.0,0.020099999999999996,-0.011966999682948742,-0.014020827526515336,0.34597185780591083
2015-12-07,0.020414154724272448,-0.0083,-0.0088,-0.0068000000000000005,0.0,0.0066,0.020414154724272448,0.021061824750537243,0.3670336825564481
2015-12-08,-0.007326522009675063,-0.0058,0.004699999999999999,-0.011899999999999999,0.0,0.0111,-0.007326522009675063,-0.005752744756138692,0.3612809378003094
2015-12-09,-0.002776991412895479,-0.0083,-0.0034999999999999996,0.0039000000000000003,0.0,-0.014199999999999999,-0.002776991412895479,-0.002585043228217683,0.3586958945720917
2015-12-10,-0.006623859411963552,0.003,0.0011,-0.0023,0.0,-0.0051,-0.006623859411963552,-0.006895374018819626,0.3518005205532721
2015-12-11,-0.0024358712662448157,-0.0202,-0.0023,-0.0006,0.0,0.0043,-0.0024358712662448157,-0.00036113753637752625,0.3514393830168946
2015-12-14,-0.009317109104302487,0.0029,-0.0103,-0.0017000000000000001,0.0,0.0146,-0.009317109104302487,-0.00994646711408763,0.34149291590280695
2015-12-15,0.008427082329289669,0.011000000000000001,0.0005,0.0079,0.0,0.0004,0.008427082329289669,0.0070467272266983875,0.34853964312950536
2015-12-16,0.004983955758858496,0.0147,0.0002,-0.0068000000000000005,0.0,-0.0017000000000000001,0.004983955758858496,0.0036522498291005814,0.3521918929586059
2015-12-17,0.009864130434782547,-0.0146,0.004,-0.0036,0.0,0.0075,0.009864130434782547,0.011951324684033156,0.36414321764263907
2015-12-18,-0.011792643220407396,-0.0169,0.0075,-0.0037,0.0,-0.0077,-0.011792643220407396,-0.009552129824644389,0.3545910878179947
2015-12-21,-0.008876847357708348,0.0074,-0.0018,-0.0007000000000000001,0.0,-0.0007000000000000001,-0.008876847357708348,-0.009765948194255365,0.34482513962373934
2015-12-22,0.001174490882241782,0.0089,-0.0007000000000000001,0.0051,0.0,-0.0106,0.001174490882241782,-0.00020949479698364418,0.3446156448267557
2015-12-23,0.012931685029430815,0.0129,0.0012,0.005699999999999999,0.0,-0.018600000000000002,0.012931685029430815,0.011063856418077797,0.3556795012448335
2015-12-29,0.009265091330231366,0.0105,0.0009,-0.0027,0.0,0.0024,0.009265091330231366,0.008369755516991833,0.3640492567618253
2015-12-30,0.008770693669934769,-0.0074,-0.0017000000000000001,-0.0015,0.0,0.005,0.008770693669934769,0.009590359067545148,0.37363961582937044
2015-12-31,-0.00684512326543645,-0.0092,-0.0024,0.0023,0.0,-0.0095,-0.00684512326543645,-0.006327813807187707,0.3673118020221827
2016-01-04,-0.017522120337314186,-0.0159,-0.0087,0.0052,0.0,-0.019299999999999998,-0.017522120337314186,-0.017041324633361193,0.35027047738882156
2016-01-05,-0.01733012455600936,0.0013,-0.0018,0.0,0.0,0.0066,-0.01733012455600936,-0.017445825530238244,0.3328246518585833
2016-01-06,0.0019495070730336853,-0.0134,-0.0013,0.0001,0.0,0.0187,0.0019495070730336853,0.0036669415110897373,0.33649159336967305
2016-01-07,-0.011743525827447782,-0.024399999999999998,-0.0029,0.0008,0.0,0.0084,-0.011743525827447782,-0.009228427250698425,0.3272631661189746
2016-01-08,-0.007777248395504532,-0.0111,-0.0049,-0.0003,0.0,-0.0009,-0.007777248395504532,-0.006955637454408227,0.32030752866456635
2016-01-11,-0.005190164814213355,-0.0006,-0.0064,0.004,0.0,0.015700000000000002,-0.005190164814213355,-0.0053588362252934355,0.3149486924392729
2016-01-12,0.0030025766792780256,0.0072,-0.0042,-0.0078000000000000005,0.0,0.0102,0.0030025766792780256,0.0024498852295681897,0.3173985776688411
2016-01-13,0.004706232042009282,-0.026600000000000002,-0.0073,0.008,0.0,0.0013,0.004706232042009282,0.006753604000036693,0.3241521816688778
2016-01-14,-0.017489980065789966,0.0165,0.0002,-0.0040999999999999995,0.0,-0.006500000000000001,-0.017489980065789966,-0.01920645209052384,0.304945729578354
2016-01-15,0.002064752946574545,-0.0213,0.004,-0.0022,0.0,0.0034999999999999996,0.002064752946574545,0.004719877625372923,0.3096656072037269
2016-01-19,0.006411186214499147,-0.0019,-0.013300000000000001,-0.0007000000000000001,0.0,0.016,0.006411186214499147,0.006077403054578774,0.31574301025830565
2016-01-20,-0.008085437564856425,-0.009399999999999999,0.0187,-0.0126,0.0,-0.0012,-0.008085437564856425,-0.0054259660620796825,0.31031704419622597
2016-01-21,-0.006988942649986169,0.0045000000000000005,-0.0052,-0.0001,0.0,-0.026000000000000002,-0.006988942649986169,-0.008372695486905859,0.30194434870932013
2016-01-22,0.014624974393491521,0.0208,0.0021,-0.0019,0.0,-0.0014000000000000002,0.014624974393491521,0.01262192491650378,0.3145662736258239
2016-01-25,0.011991376015805808,-0.017,-0.0039000000000000003,-0.0098,0.0,0.015700000000000002,0.011991376015805808,0.014183015015455665,0.32874928864127956
2016-01-26,-0.0045316574750972035,0.0152,0.0040999999999999995,0.0118,0.0,-0.0194,-0.0045316574750972035,-0.006669417915956823,0.32207987072532274
2016-01-27,0.01383580273423525,-0.0111,-0.005600000000000001,0.017,0.0,-0.0046,0.01383580273423525,0.013938731963202193,0.3360186026885249
2016-01-28,0.0017367607294394717,0.0049,-0.0046,0.0126,0.0,0.0046,0.0017367607294394717,0.0005798178759584625,0.33659842056448336
2016-01-29,0.005884881844258471,0.025699999999999997,0.0048,0.0042,0.0,-0.012,0.005884881844258471,0.0031137942742506786,0.33971221483873404
2016-02-01,0.021566099604831725,-0.0004,-0.0019,-0.01,0.0,0.0031,0.021566099604831725,0.021887777628166384,0.36159999246690044
2016-02-02,0.004972496947915652,-0.02,-0.0003,-0.0036,0.0,0.0125,0.004972496947915652,0.007441941971899466,0.3690419344387999
2016-02-03,-0.003944665488271685,0.0046,-0.0033,0.0045000000000000005,0.0,-0.024399999999999998,-0.003944665488271685,-0.005332468372622861,0.36370946606617705
2016-02-04,-0.0005960986371952559,0.0027,0.0011,0.0034999999999999996,0.0,-0.0204,-0.0005960986371952559,-0.0013653175395124304,0.36234414852666463
2016-02-05,-0.00587541648955857,-0.0206,-0.0106,0.0163,0.0,-0.0077,-0.00587541648955857,-0.005159301193614741,0.3571848473330499
2016-02-08,-0.02353022309575536,-0.0151,-0.0001,0.008199999999999999,0.0,0.011000000000000001,-0.02353022309575536,-0.021996456781516488,0.3351883905515334
2016-02-09,-0.006349183928584047,-0.0008,-0.004699999999999999,-0.0029,0.0,0.0176,-0.006349183928584047,-0.006104608706943531,0.32908378184458986
2016-02-10,0.007463004818968856,0.0001,-0.0005,-0.0055000000000000005,0.0,0.0064,0.007463004818968856,0.007744949871633416,0.3368287317162233
2016-02-11,-0.007591150242691027,-0.011699999999999999,0.0051,-0.0147,0.0,0.0055000000000000005,-0.007591150242691027,-0.005397244699260873,0.3314314870169624
2016-02-12,-0.0010450137913385609,0.019799999999999998,-0.0052,0.0108,0.0,-0.0131,-0.0010450137913385609,-0.004125898792310111,0.3273055882246523
2016-02-16,0.0015712180780859824,0.0178,0.0052,-0.0052,0.0,-0.013600000000000001,0.0015712180780859824,-5.805904854957848e-05,0.3272475291761027
2016-02-17,0.007467265349378834,0.0174,-0.0006,-0.006500000000000001,0.0,-0.0227,0.007467265349378834,0.005333704595853802,0.33258123377195653
2016-02-18,0.007834072679709673,-0.0051,0.0,0.0022,0.0,0.0018,0.007834072679709673,0.008332422461634506,0.34091365623359104
2016-02-19,-0.0041269252690055045,0.0006,0.0042,-0.0058,0.0,0.0141,-0.0041269252690055045,-0.003401475871432948,0.3375121803621581
2016-02-22,0.003957856413933823,0.0143,-0.0027,0.0026,0.0,-0.0159,0.003957856413933823,0.00184282731361001,0.3393550076757681
2016-02-23,0.0014903641433496218,-0.0121,0.004699999999999999,-0.005,0.0,0.0149,0.0014903641433496218,0.003570947049569197,0.34292595472533727
2016-02-24,-0.012782970669117126,0.0054,0.006999999999999999,-0.0029,0.0,-0.0021,-0.012782970669117126,-0.012820088502699,0.33010586622263827
2016-02-25,0.013122156229377256,0.011000000000000001,-0.0043,0.0022,0.0,0.0043,0.013122156229377256,0.011695042475787523,0.3418009086984258
2016-02-26,0.01110775897534345,-0.0002,0.008,0.0029,0.0,-0.019799999999999998,0.01110775897534345,0.011144459405409927,0.3529453681038357
2016-02-29,-0.009826127054738771,-0.0069,0.006500000000000001,0.0025,0.0,-0.0088,-0.009826127054738771,-0.008937349315124384,0.3440080187887113
2016-03-01,0.005341916926343265,0.023399999999999997,-0.0066,0.0039000000000000003,0.0,-0.0015,0.005341916926343265,0.002275326208730614,0.3462833449974419
2016-03-02,0.008413093089001665,0.0054,0.0052,0.0068000000000000005,0.0,-0.025,0.008413093089001665,0.007426955645339102,0.35371030064278103
2016-03-03,-0.001094372762278006,0.005,0.0046,0.006500000000000001,0.0,-0.0192,-0.001094372762278006,-0.0019436006500377476,0.3517666999927433
2016-03-04,0.007445830064652324,0.0037,0.0029,0.0028000000000000004,0.0,-0.0098,0.007445830064652324,0.006947217044482725,0.358713917037226
2016-03-07,-0.0015573709966503768,0.0021,0.012,0.0055000000000000005,0.0,-0.023799999999999998,-0.0015573709966503768,-0.0016655529567408253,0.3570483640804852
2016-03-08,-0.003240619348245533,-0.0127,-0.011699999999999999,-0.004699999999999999,0.0,0.036000000000000004,-0.003240619348245533,-0.001764398120250861,0.3552839659602343
2016-03-09,0.0014029880948365644,0.005,0.0001,0.004,0.0,-0.001,0.0014029880948365644,0.0007273696815209942,0.3560113356417553
2016-03-10,0.005368340933431278,-0.001,-0.0086,0.0062,0.0,0.0053,0.005368340933431278,0.004792087862296763,0.3608034235040521
2016-03-11,0.0029344767519763615,0.0169,0.0028000000000000004,0.0023,0.0,-0.0194,0.0029344767519763615,0.0008548635894767079,0.3616582870935288
2016-03-14,0.010848508330104603,-0.0012,-0.0008,-0.009000000000000001,0.0,-0.0006,0.010848508330104603,0.0112145169056259,0.37287280399915473
2016-03-15,-0.004249216901706253,-0.0034999999999999996,-0.0149,0.0069,0.0,0.0208,-0.004249216901706253,-0.004679763630826265,0.36819304036832845
2016-03-16,-0.0011547727287810714,0.0063,0.001,-0.0009,0.0,-0.0118,-0.0011547727287810714,-0.0019717548468903383,0.3662212855214381
2016-03-17,0.00580711604265643,0.0070999999999999995,0.0083,0.0059,0.0,-0.009300000000000001,0.00580711604265643,0.005223628774035718,0.3714449142954738
2016-03-18,0.007154228789990675,0.0054,0.0037,-0.0014000000000000002,0.0,-0.0089,0.007154228789990675,0.006694713003364926,0.37813962729883877
2016-03-21,-0.0006690191654313417,0.001,-0.0022,-0.0032,0.0,-0.0013,-0.0006690191654313417,-0.0008419856243554457,0.3772976416744833
2016-03-22,-0.003728012601732794,-0.0005,-0.0001,-0.0045000000000000005,0.0,-0.0006,-0.003728012601732794,-0.0035416121423252943,0.37375602953215803
2016-03-23,0.00125830083271845,-0.0085,-0.011699999999999999,-0.0016,0.0,0.031,0.00125830083271845,0.0020801936356572926,0.37583622316781534
2016-03-24,-0.002756887283446178,0.0,0.0048,-0.0006,0.0,-0.0051,-0.002756887283446178,-0.002520824704151033,0.3733153984636643
2016-03-29,0.002909661924995398,0.010700000000000001,0.018000000000000002,-0.011899999999999999,0.0,-0.0018,0.002909661924995398,0.0033778254695460844,0.37669322393321036
2016-03-30,0.018144139995394905,0.0040999999999999995,-0.003,0.0016,0.0,0.0009,0.018144139995394905,0.017475497956971644,0.394168721890182
2016-03-31,0.0006332262879370556,-0.0011,0.0045000000000000005,-0.0049,0.0,-0.01,0.0006332262879370556,0.0010051508279781368,0.3951738727181601
2016-04-01,-0.008426911875811186,0.0064,-0.0025,-0.0063,0.0,0.0108,-0.008426911875811186,-0.008818603105048534,0.3863552696131116
2016-04-04,0.012751048477428327,-0.0040999999999999995,-0.002,-0.0078000000000000005,0.0,0.0055000000000000005,0.012751048477428327,0.013430518049198426,0.39978578766231004
2016-04-05,-0.005819411757140752,-0.009399999999999999,-0.0008,-0.0038,0.0,0.0018,-0.005819411757140752,-0.004719637504132682,0.39506615015817736
2016-04-06,-0.006118660621309224,0.011399999999999999,0.0022,-0.0076,0.0,-0.013999999999999999,-0.006118660621309224,-0.007207415080285159,0.3878587350778922
2016-04-07,0.009175923937447532,-0.0123,-0.0005,-0.0038,0.0,0.003,0.009175923937447532,0.010626003155332343,0.39848473823322456
2016-04-08,-0.0056102609738640195,0.0029,0.0002,0.0068000000000000005,0.0,-0.0058,-0.0056102609738640195,-0.00625847436146794,0.39222626387175663
2016-04-11,0.006601687386107974,-0.0028000000000000004,-0.0013,0.0095,0.0,0.0003,0.006601687386107974,0.006488810679186848,0.39871507455094346
2016-04-12,-0.0032018863426984514,0.009899999999999999,-0.0007000000000000001,0.0087,0.0,-0.0144,-0.0032018863426984514,-0.00489590159515106,0.3938191729557924
2016-04-13,0.005597063157622534,0.0123,0.0086,0.0038,0.0,-0.013500000000000002,0.005597063157622534,0.004469777863306684,0.3982889508190991
2016-04-14,0.002519442123529855,0.0003,-0.0026,0.0014000000000000002,0.0,-0.0011,0.002519442123529855,0.002239843290779616,0.40052879410987874
2016-04-15,-0.003442704927491696,-0.0004,0.0034000000000000002,-0.0034000000000000002,0.0,0.0042,-0.003442704927491696,-0.0029629128102667207,0.397565881299612
2016-04-18,0.0039177844253594635,0.006500000000000001,0.0011,-0.0019,0.0,-0.0029,0.0039177844253594635,0.003313322489084195,0.4008792037886962
2016-04-19,0.013456880310661749,0.0028000000000000004,-0.0037,0.0148,0.0,-0.0060999999999999995,0.013456880310661749,0.012274528132344564,0.41315373192104077
2016-04-20,-0.0007777229788686821,0.0015,-0.0011,0.0058,0.0,-0.0111,-0.0007777229788686821,-0.0014479305795874508,0.4117058013414533
2016-04-21,-0.009479152824445888,-0.0048,0.001,-0.006,0.0,-0.0088,-0.009479152824445888,-0.00889347429056714,0.40281232705088615
2016-04-22,-0.007947206020455726,0.0012,0.008199999999999999,0.0051,0.0,-0.0127,-0.007947206020455726,-0.007965257942750924,0.3948470691081352
2016-04-25,-0.0018674857845694102,-0.0024,-0.0058,-0.0018,0.0,0.0137,-0.0018674857845694102,-0.0016518313228136947,0.3931952377853215
2016-04-26,0.0017483983767636573,0.0029,0.0066,0.008100000000000001,0.0,-0.0085,0.0017483983767636573,0.0014318728019265849,0.3946271105872481
2016-04-27,-0.0014812906549880652,0.0021,0.0005,0.006999999999999999,0.0,-0.0068000000000000005,-0.0014812906549880652,-0.002053745955637434,0.39257336463161063
2016-04-28,-0.0001676986584106856,-0.0096,-0.0013,-0.0002,0.0,0.0070999999999999995,-0.0001676986584106856,0.0009107365553131608,0.3934841011869238
2016-04-29,0.001793386403808634,-0.005,-0.0015,0.0036,0.0,0.0070999999999999995,0.001793386403808634,0.0022462293345858458,0.39573033052150963
2016-05-03,0.005299693480668679,-0.0105,-0.0066,-0.0045000000000000005,0.0,0.016399999999999998,0.005299693480668679,0.006460739389148691,0.40219106991065834
2016-05-04,-0.007891618358261465,-0.0066,-0.0014000000000000002,0.0005,0.0,0.0127,-0.007891618358261465,-0.007037210893413721,0.3951538590172446
2016-05-06,0.0013300362208893133,0.0038,0.0003,0.0024,0.0,0.0021,0.0013300362208893133,0.0009155101496688527,0.39606936916691343
2016-05-09,0.008285565062641383,0.0005,0.0039000000000000003,-0.0146,0.0,0.0091,0.008285565062641383,0.009193651971933864,0.40526302113884727
2016-05-10,0.003382915318403383,0.0126,-0.004,0.005,0.0,-0.0069,0.003382915318403383,0.0014705046139418046,0.4067335257527891
2016-05-11,0.007310249007348434,-0.0089,-0.0034999999999999996,0.0079,0.0,0.0038,0.007310249007348434,0.007817793678641296,0.41455131943143037
2016-05-12,-0.0014742170199303379,-0.0011,-0.0062,0.0014000000000000002,0.0,0.011200000000000002,-0.0014742170199303379,-0.0015854060266794253,0.4129659134047509
2016-05-13,-0.005474695375023042,-0.008199999999999999,0.0039000000000000003,-0.0067,0.0,0.002,-0.005474695375023042,-0.004078193649769395,0.4088877197549815
2016-05-17,0.0037718297834383914,-0.0095,-0.008,0.0060999999999999995,0.0,-0.0151,0.0037718297834383914,0.0036894045977609396,0.41257712435274246
2016-05-18,-0.013183534863055056,0.001,0.0013,0.0089,0.0,0.003,-0.013183534863055056,-0.013439298937385422,0.39913782541535703
2016-05-19,-0.0033254431780172463,-0.0032,-0.0034999999999999996,-0.0026,0.0,0.0022,-0.0033254431780172463,-0.0030912141252041497,0.3960466112901529
2016-05-20,0.00036785822614885674,0.0075,0.009000000000000001,-0.0026,0.0,-0.011899999999999999,0.00036785822614885674,2.4157781125854285e-05,0.39607076907127875
2016-05-23,-0.0010773637489678055,-0.0019,0.0025,-0.0032,0.0,-0.0043,-0.0010773637489678055,-0.0006921520265875977,0.3953786170446911
2016-05-24,0.005366795616148175,0.0143,0.0070999999999999995,-0.0034999999999999996,0.0,0.0008,0.005366795616148175,0.004486801927010261,0.3998654189717014
2016-05-25,0.011697672028367346,0.0070999999999999995,-0.0021,0.005600000000000001,0.0,-0.0159,0.011697672028367346,0.010275577945641674,0.41014099691734307
2016-05-26,0.0027302800759398363,-0.0004,-0.0008,-0.0053,0.0,0.0054,0.0027302800759398363,0.0030158014817453244,0.4131567983990884
2016-05-27,-0.0007155385852598123,0.0048,0.0034999999999999996,-0.0017000000000000001,0.0,-0.0021,-0.0007155385852598123,-0.0009683914934928771,0.41218840690559555
2016-05-31,0.002496673214625104,-0.0001,0.0052,-0.0037,0.0,-0.0060999999999999995,0.002496673214625104,0.0028546655964246494,0.4150430725020202
2016-06-01,-0.006605395565219579,0.002,0.006500000000000001,-0.0021,0.0,-0.0003,-0.006605395565219579,-0.00630846820693527,0.40873460429508496
2016-06-02,0.002526104136575051,0.0034999999999999996,0.0033,-0.0058,0.0,-0.006,0.002526104136575051,0.0024516649407813735,0.4111862692358663
2016-06-03,0.003357536368021596,-0.0038,-0.0016,-0.0007000000000000001,0.0,0.0067,0.003357536368021596,0.0038160781525991535,0.4150023473884655
2016-06-06,0.003858683619571746,0.006,0.0067,0.0031,0.0,-0.0131,0.003858683619571746,0.00329534007318043,0.4182976874616459
2016-06-07,0.006629068338637006,0.0012,0.0016,0.001,0.0,0.0,0.006629068338637006,0.00657774394465901,0.4248754314063049
2016-06-08,-0.0027293157304988285,0.0037,0.0045000000000000005,-0.0009,0.0,0.0055000000000000005,-0.0027293157304988285,-0.0026619040983336586,0.42221352730797124
2016-06-09,-0.0006151489853180416,-0.0027,-0.004,-0.0024,0.0,0.0115,-0.0006151489853180416,-0.00027293100416914026,0.4219405963038021
2016-06-10,-0.0023302117289417685,-0.0105,-0.0034999999999999996,-0.0018,0.0,0.0152,-0.0023302117289417685,-0.0010769121123141252,0.42086368419148795
2016-06-13,-0.012169325493257494,-0.0084,-0.0034999999999999996,0.0012,0.0,0.003,-0.012169325493257494,-0.011502566655463675,0.4093611175360243
2016-06-14,-0.010018545781312707,-0.0019,0.0026,-0.0072,0.0,0.0073,-0.010018545781312707,-0.009238937025194276,0.40012218051083
2016-06-15,0.0038561321513870313,-0.0011,0.0023,-0.0003,0.0,-0.0059,0.0038561321513870313,0.004010208602176729,0.4041323891130067
2016-06-16,-0.00723373691770983,0.0024,-0.0034999999999999996,-0.0044,0.0,0.0044,-0.00723373691770983,-0.007477406533026637,0.39665498257998005
2016-06-17,0.0071572528551495625,-0.003,-0.0011,0.0095,0.0,-0.0102,0.0071572528551495625,0.0068517809948284115,0.40350676357480847
2016-06-20,0.013096795710510799,0.0070999999999999995,0.0062,0.0001,0.0,-0.0037,0.013096795710510799,0.01269005189733553,0.416196815472144
2016-06-21,0.007767887666341688,0.0021,-0.0064,0.0051,0.0,0.0045000000000000005,0.007767887666341688,0.007036335979402994,0.423233151451547
2016-06-22,0.003737789364575801,-0.002,-0.0032,0.0007000000000000001,0.0,0.0012,0.003737789364575801,0.003732213310784581,0.4269653647623316
2016-06-24,-0.015346100888722026,-0.0369,0.0017000000000000001,-0.0121,0.0,0.0204,-0.015346100888722026,-0.010508081519732735,0.41645728324259884
2016-06-27,-0.028348418590460677,-0.0206,-0.0095,-0.0072,0.0,0.0277,-0.028348418590460677,-0.025988879118358815,0.39046840412424
2016-06-28,0.0026297197582228105,0.0176,-0.0038,0.0016,0.0,-0.0144,0.0026297197582228105,0.00016071888640404328,0.39062912301064406
2016-06-29,0.014836562928165941,0.0179,0.0028000000000000004,-0.0004,0.0,-0.0092,0.014836562928165941,0.012965033053270321,0.4035941560639144
2016-06-30,0.01591832536131257,0.014199999999999999,0.0034999999999999996,0.0042,0.0,0.0063,0.01591832536131257,0.01466027788414718,0.4182544339480616
2016-07-01,0.016365017086444836,0.0024,0.0052,-0.0043,0.0,-0.0095,0.016365017086444836,0.01640791084216424,0.43466234479022586
2016-07-05,-0.0023743051574145638,-0.0084,-0.0063,-0.0138,0.0,0.0194,-0.0023743051574145638,-0.0010303487956077734,0.4336319959946181
2016-07-06,-0.0038791407172350614,0.0062,0.0017000000000000001,-0.0012,0.0,-0.0043,-0.0038791407172350614,-0.004465624011649089,0.42916637198296903
2016-07-07,0.0038064540403597406,0.0002,0.0033,-0.0018,0.0,-0.005699999999999999,0.0038064540403597406,0.0039477364710891714,0.4331141084540582
2016-07-08,-0.0015805288836969026,0.0159,0.0091,0.0033,0.0,-0.0060999999999999995,-0.0015805288836969026,-0.0028740580698322273,0.43024005038422597
2016-07-11,0.012789388061569247,0.0042,0.006,0.0028000000000000004,0.0,-0.0022,0.012789388061569247,0.012613237094443008,0.442853287478669
2016-07-12,0.003929224534176901,0.0075,0.0062,0.0098,0.0,-0.0152,0.003929224534176901,0.002900346776328927,0.4457536342549979
2016-07-13,0.00292923076923072,-0.0004,-0.0051,0.0048,0.0,0.0086,0.00292923076923072,0.0026469326536290062,0.44840056690862695
2016-07-14,0.0065715197329667616,0.0051,-0.0046,0.0046,0.0,-0.0060999999999999995,0.0065715197329667616,0.005435497902695592,0.45383606481132255
2016-07-15,-0.0030235237462433386,-0.0005,0.0031,0.0001,0.0,-0.0013,-0.0030235237462433386,-0.002792184660490199,0.45104388015083235
2016-07-18,-0.00046468685608770665,0.0024,-0.0002,-0.0014000000000000002,0.0,-0.006999999999999999,-0.00046468685608770665,-0.0008334228994758084,0.45021045725135656
2016-07-19,-0.0013151858082275352,-0.0022,-0.0064,0.0004,0.0,0.0063,-0.0013151858082275352,-0.0013964801367249856,0.44881397711463156
2016-07-20,0.004116133774347648,0.0048,0.0044,-0.0089,0.0,-0.008,0.004116133774347648,0.0040427689202967325,0.4528567460349283
2016-07-21,0.0013054193202059307,-0.0038,-0.0005,-0.0003,0.0,-0.0031,0.0013054193202059307,0.0016129804889068178,0.4544697265238351
2016-07-22,-0.0016753378090236654,0.0048,0.0026,-0.0013,0.0,0.0033,-0.0016753378090236654,-0.0018861479988747177,0.4525835785249604
2016-07-25,-0.0004088581872325546,-0.0027,-0.0005,-0.0023,0.0,-0.0008,-0.0004088581872325546,-9.850792398204573e-05,0.45248507060097837
2016-07-26,0.001050035408170679,0.0013,0.0058,0.0054,0.0,-0.0026,0.001050035408170679,0.0010667930360541734,0.45355186363703254
2016-07-27,0.0007562082255939603,-0.0014000000000000002,0.0055000000000000005,-0.0043,0.0,-0.0088,0.0007562082255939603,0.0012329290258756617,0.4547847926629082
2016-07-28,-0.0029250457038392332,0.0019,-0.0048,-0.0033,0.0,0.0019,-0.0029250457038392332,-0.003296231804821864,0.45148856085808636
2016-07-29,-0.0007150715071505686,0.0017000000000000001,-0.0005,0.0003,0.0,0.0019,-0.0007150715071505686,-0.0008963616946102079,0.45059219916347615
2016-08-01,0.005131404316740357,-0.0016,0.002,-0.009000000000000001,0.0,-0.0007000000000000001,0.005131404316740357,0.0057272775856275805,0.4563194767491037
2016-08-02,0.0046914361514401644,-0.006999999999999999,-0.005699999999999999,0.0017000000000000001,0.0,0.0044,0.0046914361514401644,0.00507528328320866,0.4613947600323124
2016-08-03,-0.0010417108283417415,0.0045000000000000005,0.0049,0.008,0.0,-0.0155,-0.0010417108283417415,-0.0017893747522492035,0.4596053852800632
2016-08-04,-0.005444371017515374,0.0005,0.0009,-0.0038,0.0,0.005,-0.005444371017515374,-0.005197675865726451,0.4544077094143367
2016-08-05,0.0070103570405321775,0.0092,0.0039000000000000003,0.01,0.0,-0.0134,0.0070103570405321775,0.0056792357056424155,0.46008694511997916
2016-08-08,0.00032083683933328323,-0.0006,0.0002,0.005,0.0,-0.0045000000000000005,0.00032083683933328323,0.00012911948168320514,0.46021606460166237
2016-08-09,0.00029047601757376706,0.0005,-0.0003,-0.0028000000000000004,0.0,0.0044,0.00029047601757376706,0.00040855185515353826,0.4606246164568159
2016-08-10,0.0057836340097039834,-0.0029,-0.0044,-0.0018,0.0,0.008,0.0057836340097039834,0.006023445131103794,0.4666480615879197
2016-08-11,0.0032240601503759053,0.0054,0.0014000000000000002,0.0003,0.0,-0.0073,0.0032240601503759053,0.002584915678347717,0.46923297726626745
2016-08-12,0.001462952525991389,-0.0006,0.0009,-0.0017000000000000001,0.0,-0.0028000000000000004,0.001462952525991389,0.0015844648013255479,0.470817442067593
2016-08-16,-7.184338142853117e-05,-0.005699999999999999,-0.0027,0.0058,0.0,-0.0034999999999999996,-7.184338142853117e-05,6.843030944021603e-05,0.4708858723770332
2016-08-17,-0.005568262103485851,0.0012,-0.0055000000000000005,0.0024,0.0,0.0040999999999999995,-0.005568262103485851,-0.006060769605610463,0.46482510277142275
2016-08-18,0.004955204469919564,0.0032,0.0046,0.0034000000000000002,0.0,0.0004,0.004955204469919564,0.00482456620513473,0.46964966897655747
2016-08-19,1.7973650628350054e-05,-0.0011,0.001,-0.0013,0.0,-0.0025,1.7973650628350054e-05,0.0001915074843019166,0.4698411764608594
2016-08-22,-0.0036605677175074146,-0.0002,0.0025,-0.004,0.0,0.0025,-0.0036605677175074146,-0.0032791166458060335,0.46656205981505333
2016-08-23,0.003962646494651494,0.0026,0.005699999999999999,-0.0001,0.0,-0.0043,0.003962646494651494,0.00398750152795691,0.47054956134301024
2016-08-24,-0.004959212275847343,-0.0055000000000000005,-0.0048,0.0037,0.0,0.0038,-0.004959212275847343,-0.004752808507027906,0.4657967528359823
2016-08-25,-0.006199814607485403,-0.0008,0.0019,0.0048,0.0,0.0040999999999999995,-0.006199814607485403,-0.0060622798064440256,0.4597344730295383
2016-08-26,1.2113576896957909e-05,-0.0015,0.0014000000000000002,-0.0008,0.0,-0.0044,1.2113576896957909e-05,0.00019654715846245002,0.45993102018800075
2016-08-30,0.0027436919312442314,-0.0014000000000000002,0.0012,0.0028000000000000004,0.0,-0.0045000000000000005,0.0027436919312442314,0.0027788945592197925,0.46270991474722056
2016-08-31,-0.004107297096503445,-0.0024,-0.0039000000000000003,0.0015,0.0,0.0022,-0.004107297096503445,-0.0041241727948560765,0.4585857419523645
2016-09-01,0.0005822451616032935,0.0003,0.0012,-0.0051,0.0,0.0064,0.0005822451616032935,0.0009449764744716645,0.4595307184268362
2016-09-02,0.004352174571904813,0.0053,0.004,0.0036,0.0,0.0002,0.004352174571904813,0.003949518082943266,0.46348023650977943
2016-09-06,-0.001787352978221767,0.0027,0.0009,-0.0055000000000000005,0.0,-0.0004,-0.001787352978221767,-0.0018299892106076463,0.4616502472991718
2016-09-07,0.004957068780080369,0.0009,0.0063,0.0002,0.0,-0.0064,0.004957068780080369,0.0051451756542712865,0.4667954229534431
2016-09-08,0.001147954607961417,-0.0018,-0.0001,0.0059,0.0,-0.006,0.001147954607961417,0.0009984535882246195,0.46779387654166776
2016-09-09,-0.007447177000346211,-0.0246,-0.005699999999999999,0.0043,0.0,-0.0019,-0.007447177000346211,-0.005443615834550941,0.4623502607071168
2016-09-12,-0.024500749101980128,0.0144,0.0001,-0.0044,0.0,-0.0021,-0.024500749101980128,-0.025898455896627037,0.4364518048104898
2016-09-13,0.012921968580187041,-0.0148,-0.0024,-0.0043,0.0,0.002,0.012921968580187041,0.014500554093490546,0.45095235890398033
2016-09-14,-0.008031810597849355,-0.0008,0.0012,-0.008100000000000001,0.0,0.0037,-0.008031810597849355,-0.007509677969800356,0.44344268093418
2016-09-15,0.0023326765007397198,0.010700000000000001,0.003,-0.0032,0.0,0.0008,0.0023326765007397198,0.0015414243905242442,0.4449841053247042
2016-09-16,0.005444534948525102,-0.0036,0.0032,-0.0044,0.0,0.001,0.005444534948525102,0.006211118807561811,0.45119522413226604
2016-09-19,-0.0021806398167776376,0.0005,0.0043,0.0015,0.0,0.0003,-0.0021806398167776376,-0.0019858742039645704,0.44920934992830147
2016-09-20,0.0020999426178471645,-0.0001,-0.0024,-0.004,0.0,-0.0003,0.0020999426178471645,0.0020776668891429304,0.4512870168174444
2016-09-21,0.00026803445461082636,0.011200000000000002,0.0015,0.0033,0.0,0.0059,0.00026803445461082636,-0.0007892391544196688,0.4504977776630247
2016-09-22,0.011857346439141875,0.006999999999999999,0.0086,-0.0006,0.0,-0.0019,0.011857346439141875,0.011686883320605933,0.4621846609836306
2016-09-23,0.002846842292159441,-0.0059,-0.001,-0.002,0.0,-0.0034999999999999996,0.002846842292159441,0.003390013288929631,0.4655746742725602
2016-09-26,-0.008468269496224869,-0.0088,-0.0022,-0.0036,0.0,0.004,-0.008468269496224869,-0.0074856802351756175,0.4580889940373846
2016-09-27,-0.003032485730369072,0.0064,-0.0007000000000000001,-0.0049,0.0,0.0001,-0.003032485730369072,-0.003581270221314428,0.4545077238160702
2016-09-28,0.005512719324874115,0.005600000000000001,0.002,0.011000000000000001,0.0,0.003,0.005512719324874115,0.004750553200789047,0.45925827701685923
2016-09-29,6.037991039607224e-06,-0.0098,-0.004,0.005,0.0,0.0038,6.037991039607224e-06,0.0006730635260541457,0.45993134054291335
2016-09-30,-0.010155839607774612,0.0088,0.0038,0.0034000000000000002,0.0,-0.0036,-0.010155839607774612,-0.011014313792502511,0.44891702675041084
2016-10-03,0.009229155102265057,-0.0026,-0.0002,-0.0014000000000000002,0.0,-0.0008,0.009229155102265057,0.00951863939739899,0.45843566614780984
2016-10-04,0.0009791477787849967,-0.0045000000000000005,0.0003,0.0014000000000000002,0.0,-0.0052,0.0009791477787849967,0.0013108830497108113,0.45974654919752067
2016-10-05,-0.009618868197956564,0.0058,0.0029,0.008,0.0,-0.0074,-0.009618868197956564,-0.010463363405999326,0.4492831857915213
2016-10-06,-0.0018778312268702298,-0.0006,-0.0025,0.0028000000000000004,0.0,0.0076,-0.0018778312268702298,-0.001915938884556526,0.4473672469069648
2016-10-07,-0.008447813525053138,-0.0038,-0.0051,0.002,0.0,0.0015,-0.008447813525053138,-0.008431639173094673,0.4389356077338701
2016-10-10,0.00028953723325610516,0.0052,0.005600000000000001,0.0005,0.0,0.0009,0.00028953723325610516,0.00012705658900845517,0.43906266432287855
2016-10-11,0.0018722093918398894,-0.013000000000000001,-0.0059,0.0043,0.0,0.0005,0.0018722093918398894,0.0026981950968877322,0.4417608594197663
2016-10-12,-0.014752979794564879,0.0006,-0.0024,0.0034000000000000002,0.0,0.0051,-0.014752979794564879,-0.014984663999361261,0.426776195420405
2016-10-13,-0.0037434723201416734,-0.0040999999999999995,-0.0069,-0.0062,0.0,0.0013,-0.0037434723201416734,-0.0035422024123669456,0.42323399300803805
2016-10-14,0.0016032164530087837,0.0001,-0.0039000000000000003,0.0058,0.0,0.0033,0.0016032164530087837,0.0012011604674911406,0.4244351534755292
2016-10-17,-0.00487698127364238,-0.0029,-0.0004,0.0015,0.0,0.0048,-0.00487698127364238,-0.004547578451264144,0.41988757502426505
2016-10-18,0.005259024221670719,0.006,-0.0018,0.0005,0.0,-0.0031,0.005259024221670719,0.004423752052463684,0.42431132707672875
2016-10-19,0.0011688084404220729,0.0024,0.0005,0.009300000000000001,0.0,-0.0033,0.0011688084404220729,0.0005620317614583169,0.42487335883818705
2016-10-20,-0.002172569437941341,-0.0016,-0.0003,-0.0011,0.0,-0.0043,-0.002172569437941341,-0.0020806577835560565,0.422792701054631
2016-10-21,-0.004586094061852813,0.0002,-0.0014000000000000002,-0.0033,0.0,-0.0024,-0.004586094061852813,-0.004641268654332263,0.41815143240029873
2016-10-24,0.003959823505009417,0.0054,0.0006,-0.0019,0.0,0.0037,0.003959823505009417,0.0035794896680315345,0.42173092206833024
2016-10-25,0.004038114795151689,-0.0046,-0.0059,0.0024,0.0,0.0002,0.004038114795151689,0.004042041773973724,0.42577296384230395
2016-10-26,-0.012682932912647297,-0.0023,-0.0084,0.0070999999999999995,0.0,-0.008,-0.012682932912647297,-0.013427800794235818,0.4123451630480681
2016-10-27,-0.0032209373559262187,-0.0032,-0.0096,0.005600000000000001,0.0,-0.0023,-0.0032209373559262187,-0.0037783821008744124,0.40856678094719373
2016-10-28,-0.00527152804617654,-0.0029,-0.001,0.0009,0.0,0.004,-0.00527152804617654,-0.004979665443407239,0.4035871155037865
2016-10-31,0.004630661732389747,0.0002,0.0007000000000000001,0.0009,0.0,0.0076,0.004630661732389747,0.00479087533208531,0.40837799083587184
2016-11-02,-0.0036012274606273664,-0.0073,-0.0064,0.0026,0.0,0.0008,-0.0036012274606273664,-0.0033420868234830116,0.4050359040123888
2016-11-03,-0.0021507292117386155,-0.004,-0.0045000000000000005,0.0105,0.0,0.0077,-0.0021507292117386155,-0.002229169280908338,0.4028067347314805
2016-11-04,-0.001938552972235343,-0.0012,0.0086,-0.0042,0.0,-0.0059,-0.001938552972235343,-0.001213012113193261,0.40159372261828724
2016-11-07,-0.0003514062639764745,0.022400000000000003,0.0018,-0.0011,0.0,-0.0023,-0.0003514062639764745,-0.002589339744643087,0.39900438287364415
2016-11-08,0.009977054691644479,0.004,-0.0008,-0.0023,0.0,0.005600000000000001,0.009977054691644479,0.009703187768094463,0.4087075706417386
2016-11-09,0.0013479306416909313,0.014499999999999999,0.018799999999999997,0.010700000000000001,0.0,-0.0199,0.0013479306416909313,0.00030833791242640776,0.40901590855416503
2016-11-10,-0.010193828088957354,0.0032,0.011399999999999999,0.018500000000000003,0.0,-0.019799999999999998,-0.010193828088957354,-0.010815711779864628,0.3982001967743004
2016-11-11,-0.013874345549738322,0.0018,0.0252,-0.0002,0.0,-0.0026,-0.013874345549738322,-0.012401533239589634,0.38579866353471076
2016-11-14,-0.008747337274275289,0.002,0.0064,0.0141,0.0,-0.015,-0.008747337274275289,-0.009328724260590142,0.37646993927412065
2016-11-15,-0.01188143387155764,0.008,-0.0054,0.0015,0.0,0.006999999999999999,-0.01188143387155764,-0.012986444252339635,0.363483495021781
2016-11-16,0.00885131249297638,-0.0012,0.003,-0.0054,0.0,0.0066,0.00885131249297638,0.009508058145852743,0.37299155316763377
2016-11-17,0.006637574042040164,0.005600000000000001,0.0013,-0.0015,0.0,-0.0014000000000000002,0.006637574042040164,0.006159809616396194,0.37915136278402994
2016-11-18,0.0032871397978246,-0.0016,0.005600000000000001,0.0038,0.0,0.0014000000000000002,0.0032871397978246,0.003735495905975679,0.3828868586900056
2016-11-21,-0.0003243930605835835,0.0077,-0.0026,0.0005,0.0,0.0037,-0.0003243930605835835,-0.0012450750439999248,0.3816417836460057
2016-11-22,0.006094078554554636,0.0031,0.005600000000000001,0.0053,0.0,0.0046,0.006094078554554636,0.006067749761774449,0.38770953340778014
2016-11-23,-0.0031285680189391675,0.0015,0.005,0.0019,0.0,-0.004699999999999999,-0.0031285680189391675,-0.003112925923013101,0.38459660748476704
2016-11-25,0.0035730960780244528,0.004,-0.0006,-0.0029,0.0,0.0003,0.0035730960780244528,0.0032186584244123287,0.38781526590917936
2016-11-28,0.003140366634573784,-0.0064,-0.0076,0.0008,0.0,0.0066,0.003140366634573784,0.0034106678956171994,0.3912259338047966
2016-11-29,-0.0012560791007761257,0.0012,-0.0036,-0.0005,0.0,0.0031,-0.0012560791007761257,-0.0015421333508547838,0.3896838004539418
2016-11-30,0.0072750725572396,-0.0025,-0.0038,0.022000000000000002,0.0,-0.006999999999999999,0.0072750725572396,0.0063759947909200355,0.39605979524486185
2016-12-01,-0.017377607601582915,-0.0036,-0.0064,0.0203,0.0,-0.0052,-0.017377607601582915,-0.018240879832574667,0.3778189154122872
2016-12-02,-0.011839910337277753,0.0,0.0004,-0.0032,0.0,0.0046,-0.011839910337277753,-0.01160390555431709,0.36621500985797006
2016-12-05,0.009139646679459552,0.0075,0.0109,0.0027,0.0,-0.0027,0.009139646679459552,0.00894286461268999,0.37515787447066007
2016-12-06,0.0017969980331039618,0.004699999999999999,0.0062,0.0021,0.0,-0.0045000000000000005,0.0017969980331039618,0.0015561796107340182,0.3767140540813941
2016-12-07,-0.00023482140527568632,0.0126,-0.006,0.0048,0.0,0.0009,-0.00023482140527568632,-0.0021074530773679844,0.3746066010040261
2016-12-08,0.012317970666527515,0.0036,0.0116,0.006,0.0,-0.0039000000000000003,0.012317970666527515,0.012438797103110804,0.3870453981071369
2016-12-09,0.0005929363237947845,0.0046,-0.0028000000000000004,0.002,0.0,-0.0064,0.0005929363237947845,-0.0002861195237454442,0.38675927858339143
2016-12-12,0.007896838688068447,-0.003,-0.0095,-0.0014000000000000002,0.0,0.0019,0.007896838688068447,0.007655254873518994,0.3944145334569104
2016-12-13,0.007023351525454036,0.006,-0.0053,-0.0025,0.0,-0.0011,0.007023351525454036,0.006096224858318046,0.4005107583152285
2016-12-14,0.0036045869638336083,-0.008199999999999999,-0.0038,-0.0028000000000000004,0.0,0.0002,0.0036045869638336083,0.00430611848024667,0.4048168767954751
2016-12-15,-0.008555439628189374,0.0046,0.0038,0.0029,0.0,0.0027,-0.008555439628189374,-0.008820302074978562,0.39599657472049654
2016-12-16,0.0038203479769376453,-0.0022,0.0007000000000000001,-0.0040999999999999995,0.0,-0.0087,0.0038203479769376453,0.004050368971846032,0.40004694369234256
2016-12-19,0.0014549751891785375,0.0022,0.0033,0.0006,0.0,0.0011,0.0014549751891785375,0.0014517112180176958,0.40149865491036024
2016-12-20,2.5377490166163417e-05,0.0044,0.0043,0.0064,0.0,0.0043,2.5377490166163417e-05,-0.00026955334771402924,0.40122910156264624
2016-12-21,0.0010594833274120794,-0.0024,-0.0036,0.002,0.0,0.0034000000000000002,0.0010594833274120794,0.0010718497411001703,0.40230095130374643
2016-12-22,0.0002788498710319602,-0.003,-0.0075,0.0025,0.0,0.0029,0.0002788498710319602,6.142606579926169e-05,0.4023623773695457
2016-12-23,0.0019260620268001522,0.0019,0.005699999999999999,-0.005,0.0,-0.0039000000000000003,0.0019260620268001522,0.0022003704643716268,0.4045627478339173
2016-12-28,0.00034779529401347017,-0.0087,-0.0027,0.0008,0.0,-0.0013,0.00034779529401347017,0.0010209635711178819,0.4055837114050352
2016-12-29,-0.002357864394351247,-0.0004,0.0015,-0.0033,0.0,0.0009,-0.002357864394351247,-0.0020818716108424113,0.4035018397941928
2016-12-30,0.004973989519772401,-0.0052,-0.0011,0.0021,0.0,-0.0027,0.004973989519772401,0.005314211356519821,0.4088160511507126
2017-01-03,-0.002635461457952428,0.0083,-0.0012,0.0006,0.0,-0.0062,-0.002635461457952428,-0.0037415609462446656,0.40507449020446795
2017-01-04,0.0030849369105115407,0.0079,0.0095,-0.0015,0.0,-0.0037,0.0030849369105115407,0.0028730530380493675,0.4079475432425173
2017-01-05,0.0014936096196021978,-0.0021,-0.0088,-0.0078000000000000005,0.0,-0.0060999999999999995,0.0014936096196021978,0.0012508346623049133,0.4091983779048222
2017-01-06,0.0032785234688163427,0.0029,-0.0066,-0.0031,0.0,-0.0021,0.0032785234688163427,0.002586947750771061,0.4117853256555933
2017-01-09,0.0016872185355695448,-0.0037,-0.003,-0.0103,0.0,-0.0038,0.0016872185355695448,0.002141109724437254,0.41392643538003054
2017-01-10,-0.0002880346643456878,0.0016,0.0088,0.0043,0.0,0.0070999999999999995,-0.0002880346643456878,0.0001483728435802905,0.4140748082236108
2017-01-11,-0.0016660716410805776,0.0031,-0.0023,0.0068000000000000005,0.0,0.0066,-0.0016660716410805776,-0.0022367421967348735,0.41183806602687595
2017-01-12,0.008457190180122998,-0.003,-0.0058,-0.0086,0.0,-0.0053,0.008457190180122998,0.008557072440743522,0.42039513846761944
2017-01-13,-0.0001679741693053497,0.0029,0.0060999999999999995,-0.0009,0.0,0.0018,-0.0001679741693053497,1.1883069890597752e-05,0.42040702153751003
2017-01-17,0.0014217477520172702,-0.0049,-0.0085,-0.0064,0.0,-0.0089,0.0014217477520172702,0.0013844309576447314,0.42179145249515476
2017-01-18,-0.0001494451847517038,0.0024,0.0018,0.0023,0.0,0.0049,-0.0001494451847517038,-0.00025139687167418035,0.42154005562348057
2017-01-19,0.0030640842000375277,-0.0038,-0.005,-0.0006,0.0,0.0034000000000000002,0.0030640842000375277,0.003216987452192066,0.42475704307567264
2017-01-20,-0.0030795594243211706,0.0033,0.0005,0.0022,0.0,0.0021,-0.0030795594243211706,-0.0034212631141075584,0.42133577996156507
2017-01-23,0.004041951596228437,-0.0029,-0.0004,-0.0033,0.0,0.0009,0.004041951596228437,0.00445099851413249,0.42578677847569757
2017-01-24,0.0012281735570511452,0.008199999999999999,0.0070999999999999995,0.008100000000000001,0.0,0.011399999999999999,0.0012281735570511452,0.0008205275375584837,0.426607306013256
2017-01-25,0.005104917199977685,0.0084,0.0017000000000000001,0.0043,0.0,0.0049,0.005104917199977685,0.0042989178359736195,0.43090622384922966
2017-01-26,-0.0008074606902248835,-0.001,-0.0062,0.004,0.0,0.0054,-0.0008074606902248835,-0.0011434367851615847,0.42976278706406806
2017-01-27,-0.0037629699085783342,-0.0012,-0.0001,-0.0068000000000000005,0.0,0.0006,-0.0037629699085783342,-0.003398648815328952,0.4263641382487391
2017-01-30,0.0023468073512656965,-0.0068000000000000005,-0.0072,-0.0046,0.0,-0.006999999999999999,0.0023468073512656965,0.0025765070769394683,0.42894064532567855
2017-01-31,-0.0011984555984556585,0.0,0.0087,-0.0055000000000000005,0.0,-0.0064,-0.0011984555984556585,-0.0005583065082725958,0.42838233881740595
2017-02-01,0.00397078197190762,0.0003,-0.0008,0.0004,0.0,0.004699999999999999,0.00397078197190762,0.0039730253992426735,0.4323553642166486
2017-02-02,-0.00380106331203824,-0.0002,-0.0023,-0.0029,0.0,-0.0051,-0.00380106331203824,-0.003947487663268833,0.42840787655337975
2017-02-03,0.009375038650390115,0.008199999999999999,0.0051,0.0074,0.0,0.0089,0.009375038650390115,0.008801444674778957,0.4372093212281587
2017-02-06,0.006255284214137805,-0.0027,-0.0062,-0.0016,0.0,-0.0023,0.006255284214137805,0.006122279213688376,0.44333160044184705
2017-02-07,-0.0038723111487245997,0.0,-0.003,-0.0051,0.0,-0.0024,-0.0038723111487245997,-0.0039536466041088176,0.43937795383773826
2017-02-08,0.006423930516420458,0.0007000000000000001,-0.0024,-0.0059,0.0,-0.0063,0.006423930516420458,0.006252926088172059,0.44563087992591033
2017-02-09,0.0014575665925735375,0.0070999999999999995,0.0068000000000000005,0.0008,0.0,0.0048,0.0014575665925735375,0.0012515138164083573,0.4468823937423187
2017-02-10,0.000812623561231837,0.0037,0.0039000000000000003,0.0017000000000000001,0.0,-0.0031,0.000812623561231837,0.0005644243773174145,0.4474468181196361
2017-02-13,0.002866110814872261,0.0049,-0.0032,0.0034000000000000002,0.0,0.0031,0.002866110814872261,0.0020861212587948183,0.4495329393784309
2017-02-14,0.002181202984804153,0.0045000000000000005,-0.0024,0.0034999999999999996,0.0,0.0012,0.002181202984804153,0.0014529377583838753,0.4509858771368148
2017-02-15,-0.0017122255314531798,0.0053,0.0018,-0.0042,0.0,-0.0021,-0.0017122255314531798,-0.0020474846505842137,0.4489383924862306
2017-02-16,0.005876242586754636,-0.0016,-0.0022,0.0,0.0,-0.0007000000000000001,0.005876242586754636,0.005879448201785983,0.45481784068801656
2017-02-17,0.005998018672510682,0.002,0.0,-0.0054,0.0,-0.0040999999999999995,0.005998018672510682,0.005884197165672972,0.4607020378536895
2017-02-21,0.00029809102507556955,0.006,-0.0001,0.0013,0.0,0.0008,0.00029809102507556955,-0.00036473286002210333,0.46033730499366743
2017-02-22,0.004696514566347061,-0.0015,-0.0037,0.001,0.0,-0.0006,0.004696514566347061,0.00455539352594747,0.4648926985196149
2017-02-23,0.0033991410198610365,-0.0012,-0.0066,0.0024,0.0,-0.0055000000000000005,0.0033991410198610365,0.0028758510738362,0.4677685495934511
2017-02-24,0.003872417156877242,0.0015,0.0003,-0.0096,0.0,-0.0062,0.003872417156877242,0.003929454382598476,0.47169800397604955
2017-02-28,0.0011660777385159033,-0.0042,-0.0137,0.0014000000000000002,0.0,0.0014000000000000002,0.0011660777385159033,0.0006586400668331167,0.4723566440428827
2017-03-01,-0.0002705914187225695,0.0147,0.0042,0.0077,0.0,0.013000000000000001,-0.0002705914187225695,-0.0015081788041914374,0.4708484652386912
2017-03-02,0.005507437394087658,-0.0069,-0.0052,-0.009000000000000001,0.0,-0.011399999999999999,0.005507437394087658,0.00593856528625625,0.4767870305249475
2017-03-03,-0.002949300126398564,0.0008,-0.0022,0.0014000000000000002,0.0,0.0064,-0.002949300126398564,-0.0030919106804392386,0.47369511984450824
2017-03-06,0.0014320593482956133,-0.0037,-0.0034999999999999996,-0.0008,0.0,0.0002,0.0014320593482956133,0.001613930578936614,0.47530905042344485
2017-03-07,-0.0008966875307686821,-0.0034999999999999996,-0.0029,-0.0007000000000000001,0.0,0.0011,-0.0008966875307686821,-0.000678992572440327,0.47463005785100454
2017-03-08,-0.00287432174805687,-0.0019,-0.0012,-0.0083,0.0,-0.0070999999999999995,-0.00287432174805687,-0.002626623307103069,0.4720034345439015
2017-03-09,0.001305997588022564,0.0005,-0.004699999999999999,-0.0023,0.0,-0.0018,0.001305997588022564,0.0009741413487503957,0.4729775758926519
2017-03-10,0.0056813174546286845,0.0034000000000000002,0.0009,-0.004699999999999999,0.0,-0.002,0.0056813174546286845,0.005503360704668046,0.47848093659731994
2017-03-13,0.005637538411207246,0.0013,0.0032,-0.0008,0.0,0.0054,0.005637538411207246,0.005862677756951167,0.4843436143542711
2017-03-14,-0.0006273999500403569,-0.0036,-0.0023,-0.0001,0.0,-0.0016,-0.0006273999500403569,-0.0004373953371421727,0.48390621901712894
2017-03-15,-0.0017264330266055703,0.0086,0.0070999999999999995,-0.0046,0.0,-0.0003,-0.0017264330266055703,-0.0019951615459297446,0.48191105747119917
2017-03-16,0.011541104265899584,-0.0007000000000000001,0.0046,0.0023,0.0,-0.0019,0.011541104265899584,0.011807096245006322,0.4937181537162055
2017-03-17,-0.0018420870846669291,-0.0008,0.0064,-0.0034000000000000002,0.0,0.0014000000000000002,-0.0018420870846669291,-0.0011772585641065493,0.4925408951520989
2017-03-20,0.004371496458972581,-0.0025,-0.0011,-0.0070999999999999995,0.0,-0.0002,0.004371496458972581,0.004797135851809085,0.497338031003908
2017-03-21,0.0012575077230496398,-0.0149,-0.013300000000000001,-0.0070999999999999995,0.0,-0.0169,0.0012575077230496398,0.001793368029623869,0.4991313990335319
2017-03-22,-0.007134132004381492,0.0016,-0.003,-0.005699999999999999,0.0,0.0022,-0.007134132004381492,-0.007263170589940331,0.49186822844359157
2017-03-23,0.0026454262428593617,-0.0003,0.0069,0.0049,0.0,0.0015,0.0026454262428593617,0.0030103544503146725,0.49487858289390624
2017-03-24,0.0017916088186328543,-0.0005,0.0013,-0.002,0.0,0.0008,0.0017916088186328543,0.0020179225919052524,0.4968965054858115
2017-03-27,0.00289250020126741,-0.0005,0.0054,-0.0049,0.0,-0.0031,0.00289250020126741,0.0034118981015082567,0.5003084035873198
2017-03-28,-0.0004357773177906119,0.0073,-0.0014000000000000002,0.0072,0.0,0.0037,-0.0004357773177906119,-0.0014619898601439876,0.49884641372717575
2017-03-29,-0.0023920837516134973,0.0018,0.0038,-0.0009,0.0,-0.0046,-0.0023920837516134973,-0.0023915236175518937,0.49645489010962385
2017-03-30,0.001184534351496293,0.0036,0.0034000000000000002,0.0092,0.0,0.0072,0.001184534351496293,0.0008794171876847247,0.4973343072973086
2017-03-31,-0.001154416072228502,-0.0016,0.0058,-0.0032,0.0,0.0,-0.001154416072228502,-0.00048358585058334326,0.49685072144672526
2017-04-03,0.0007532501883124258,-0.0028000000000000004,-0.0111,-0.0008,0.0,0.0004,0.0007532501883124258,0.00032912441583544244,0.4971798458625607
2017-04-04,-0.0015340948265954685,0.0005,-0.0023,0.0031,0.0,0.0037,-0.0015340948265954685,-0.0017685421700449734,0.49541130369251574
2017-04-05,0.00208888402953214,-0.0044,-0.0079,-0.003,0.0,-0.0045000000000000005,0.00208888402953214,0.002018900929257389,0.4974302046217731
2017-04-06,-0.0011714712300449175,0.0031,0.0066,0.0048,0.0,0.0007000000000000001,-0.0011714712300449175,-0.0011971883458446373,0.4962330162759285
2017-04-07,-0.0024146812620732937,-0.0008,0.0013,-0.0026,0.0,0.0001,-0.0024146812620732937,-0.0021515627579347957,0.49408145351799365
2017-04-10,0.0012736577606675022,0.0008,0.001,0.0007000000000000001,0.0,-0.0091,0.0012736577606675022,0.0010369236400420401,0.4951183771580357
2017-04-11,0.0020836091333452803,-0.0005,0.008,0.0023,0.0,0.0014000000000000002,0.0020836091333452803,0.0026308587431269387,0.49774923590116266
2017-04-12,0.0018495223981757254,-0.0049,-0.0084,-0.0054,0.0,-0.006,0.0018495223981757254,0.001847559511622728,0.4995967954127854
2017-04-13,0.0019550398174530983,-0.0075,-0.0025,-0.008100000000000001,0.0,-0.0031,0.0019550398174530983,0.002781165569105297,0.5023779609818907
2017-04-18,0.004245774252984125,-0.0025,0.0037,-0.0019,0.0,-0.0003,0.004245774252984125,0.004817458857590301,0.507195419839481
2017-04-19,0.0004558300665511395,-0.0008,0.0059,-0.0044,0.0,0.0019,0.0004558300665511395,0.0011316969261247953,0.5083271167656058
2017-04-20,0.00091124476034273,0.0083,0.0054,0.0026,0.0,0.0044,0.00091124476034273,0.0004142014019200064,0.5087413181675259
2017-04-21,-6.259104151498708e-05,-0.0028000000000000004,0.0011,-0.0015,0.0,0.0019,-6.259104151498708e-05,0.0003979416441044468,0.5091392598116303
2017-04-24,0.007460181070146187,0.0118,0.0016,0.005,0.0,0.0092,0.007460181070146187,0.00636010406822651,0.5154993638798568
2017-04-25,0.016244549377555928,0.0066,0.0037,-0.0007000000000000001,0.0,0.0012,0.016244549377555928,0.01585381619771661,0.5313531800775735
2017-04-26,0.0069308581591818975,0.0004,0.0070999999999999995,0.0032,0.0,-0.0023,0.0069308581591818975,0.007211875280526932,0.5385650553581004
2017-04-27,-0.0013633829560572748,0.0005,-0.0013,-0.0097,0.0,0.0025,-0.0013633829560572748,-0.0011185373127835024,0.5374465180453168
2017-04-28,0.004388680079593174,-0.003,-0.006999999999999999,-0.006,0.0,-0.0007000000000000001,0.004388680079593174,0.00441776044395765,0.5418642784892745
2017-05-02,0.0020911982566010467,0.0003,-0.0046,-0.0023,0.0,-0.005699999999999999,0.0020911982566010467,0.0017027298836682098,0.5435670083729428
2017-05-03,0.004904060540160658,-0.0019,-0.0055000000000000005,0.0023,0.0,-0.0003,0.004904060540160658,0.004644730931880475,0.5482117393048233
2017-05-04,-0.0022405963265150187,0.0002,-0.0007000000000000001,-0.0033,0.0,-0.0001,-0.0022405963265150187,-0.0021984919763854637,0.5460132473284378
2017-05-05,0.0032096047147230173,0.0046,0.0007000000000000001,0.0,0.0,-0.0031,0.0032096047147230173,0.0027078971245424405,0.5487211444529803
2017-05-08,0.003592428601846605,-0.0004,-0.0024,0.0025,0.0,0.0,0.003592428601846605,0.003385992318168812,0.5521071367711491
2017-05-09,-0.0008867322014351511,-0.0005,0.0049,-0.008,0.0,0.0004,-0.0008867322014351511,-0.0002196452862608119,0.5518874914848882
2017-05-10,-0.0012849971142014963,0.002,0.0019,0.0003,0.0,0.0003,-0.0012849971142014963,-0.0013694021046435814,0.5505180893802447
2017-05-11,-0.000419796970919509,-0.0025,-0.0039000000000000003,-0.0016,0.0,0.0013,-0.000419796970919509,-0.0003397367697614962,0.5501783526104832
2017-05-12,-0.0005181488450734504,-0.0018,-0.003,-0.0060999999999999995,0.0,0.0031,-0.0005181488450734504,-0.00025766240281963396,0.5499206902076635
2017-05-15,0.0030613915416098612,0.0053,0.0025,0.002,0.0,0.001,0.0030613915416098612,0.0026288714356730116,0.5525495616433366
2017-05-16,0.006354353112708235,-0.0003,0.0014000000000000002,-0.0009,0.0,0.0084,0.006354353112708235,0.006693311075138408,0.559242872718475
2017-05-17,0.003740965190643186,-0.0197,-0.0086,-0.006,0.0,-0.0154,0.003740965190643186,0.005093921251578062,0.564336793970053
2017-05-18,-0.006630006840055845,0.004,0.0005,-0.0038,0.0,0.0058,-0.006630006840055845,-0.006760033708490973,0.557576760261562
2017-05-19,0.0037356321839080078,0.006999999999999999,-0.0037,0.004,0.0,-0.0025,0.0037356321839080078,0.0025599325217413593,0.5601366927833034
2017-05-22,0.004883081526935407,0.005600000000000001,0.0028000000000000004,-0.003,0.0,0.0034999999999999996,0.004883081526935407,0.00466440689932024,0.5648010996826236
2017-05-23,0.004477700192976391,0.0018,-0.001,0.0064,0.0,0.005600000000000001,0.004477700192976391,0.004123591807131128,0.5689246914897548
2017-05-24,0.002584739867070581,0.0024,-0.0013,-0.0046,0.0,0.0013,0.002584739867070581,0.0024302084244084816,0.5713548999141632
2017-05-26,0.008945871074838947,0.0006,-0.0003,0.001,0.0,0.0017000000000000001,0.008945871074838947,0.00886521715440464,0.5802201170685679
2017-05-30,-0.0034122470572674987,-0.0019,-0.005,-0.0034999999999999996,0.0,0.0007000000000000001,-0.0034122470572674987,-0.003417819898768569,0.5768022971697994
2017-05-31,0.006927486994372961,-0.0002,0.0004,-0.0053,0.0,-0.0003,0.006927486994372961,0.007150212373222926,0.5839525095430222
2017-06-01,0.00549331786909889,0.009399999999999999,0.01,0.0004,0.0,-0.0042,0.00549331786909889,0.00508241359622142,0.5890349231392437
2017-06-02,0.007240715787486716,0.0034999999999999996,0.005699999999999999,-0.0076,0.0,0.005600000000000001,0.007240715787486716,0.007641656021843082,0.5966765791610867
2017-06-06,0.0026599621046495565,-0.0028000000000000004,0.0009,-0.0003,0.0,-0.0012,0.0026599621046495565,0.0029988541276074403,0.5996754332886942
2017-06-07,-0.000970828422948881,0.0015,-0.0017000000000000001,-0.0004,0.0,0.0116,-0.000970828422948881,-0.000978875858303918,0.5986965574303903
2017-06-08,0.001257587095701177,0.0018,0.011399999999999999,0.009300000000000001,0.0,0.0096,0.001257587095701177,0.0017327889853245527,0.6004293464157149
2017-06-09,-0.006202186075962434,-0.0012,0.0004,0.024399999999999998,0.0,-0.016,-0.006202186075962434,-0.007229074593523965,0.5932002718221909
2017-06-12,-0.007682304586925889,-0.0012,-0.0025,0.0034000000000000002,0.0,-0.0123,-0.007682304586925889,-0.008108501444736405,0.5850917703774545
2017-06-13,-0.0024525283145973606,0.0055000000000000005,0.0008,-0.0014000000000000002,0.0,0.0053,-0.0024525283145973606,-0.0028122384709129587,0.5822795319065416
2017-06-14,0.006309947135727088,-0.0017000000000000001,-0.004699999999999999,-0.0052,0.0,-0.0021,0.006309947135727088,0.0063012947451951,0.5885808266517367
2017-06-15,-0.0028782937851922507,-0.003,-0.0024,-0.0011,0.0,0.0027,-0.0028782937851922507,-0.0026307835891537356,0.585950043062583
2017-06-16,0.004905646488493174,-0.0004,-0.0021,-0.0019,0.0,0.0009,0.004905646488493174,0.004889389077720248,0.5908394321403033
2017-06-19,0.0033015560741305864,0.0086,0.001,-0.0073,0.0,0.0079,0.0033015560741305864,0.0028883206155438145,0.5937277527558471
2017-06-20,0.004010367504028538,-0.0073,-0.004,-0.0048,0.0,0.0018,0.004010367504028538,0.004706931074754339,0.5984346838306014
2017-06-21,-0.0047059556829867994,-0.0007000000000000001,-0.0006,-0.0167,0.0,0.0060999999999999995,-0.0047059556829867994,-0.003970744476255933,0.5944639393543455
2017-06-22,-0.0004383767535071048,0.0002,0.0051,-0.0040999999999999995,0.0,-0.0053,-0.0004383767535071048,-8.764651055086095e-05,0.5943762928437947
2017-06-26,0.00498089092162153,0.0004,-0.0003,0.006999999999999999,0.0,-0.0059,0.00498089092162153,0.004551784639489469,0.5989280774832841
2017-06-27,-0.002992425423147697,-0.0085,-0.0039000000000000003,0.0134,0.0,-0.0032,-0.002992425423147697,-0.0028933187142634433,0.5960347587690207
2017-06-28,-0.006023656922515793,0.0101,0.0075,0.0021,0.0,0.009000000000000001,-0.006023656922515793,-0.006450209434671606,0.5895845493343491
2017-06-29,0.0031139582918313703,-0.0083,-0.0013,0.0137,0.0,-0.0049,0.0031139582918313703,0.0033215969624270877,0.5929061462967762
2017-06-30,-0.008858205991178342,0.0014000000000000002,-0.0009,-0.003,0.0,-0.0034999999999999996,-0.008858205991178342,-0.009039264381270397,0.5838668819155057
2017-07-03,-0.0019403858626016726,0.0023,0.0036,0.0121,0.0,-0.0059,-0.0019403858626016726,-0.002478128714094783,0.5813887532014109
2017-07-05,-0.0014942851541181216,0.0012,-0.0068000000000000005,-0.0058,0.0,0.0143,-0.0014942851541181216,-0.0015742222224016042,0.5798145309790094
2017-07-06,0.0027701566040641006,-0.0095,-0.005,0.0012,0.0,0.0073,0.0027701566040641006,0.003543396758804925,0.5833579277378143
2017-07-07,-0.002646076662133093,0.0069,0.0040999999999999995,-0.0040999999999999995,0.0,0.008199999999999999,-0.002646076662133093,-0.002773500182413712,0.5805844275554005
2017-07-10,0.007004175974615245,0.0005,-0.0044,-0.0007000000000000001,0.0,0.0040999999999999995,0.007004175974615245,0.006765647509667435,0.587350075065068
2017-07-11,-0.003024570684849284,0.0,0.0036,-0.0055000000000000005,0.0,0.0001,-0.003024570684849284,-0.0025900657872778756,0.5847600092777901
2017-07-12,0.00020084035834138893,0.0072,0.0012,-0.0052,0.0,0.0031,0.00020084035834138893,-0.00022765686269935056,0.5845323524150908
2017-07-13,0.011746801731107656,0.0017000000000000001,-0.0008,0.0039000000000000003,0.0,-0.0038,0.011746801731107656,0.01129883319521555,0.5958311856103063
2017-07-14,0.0003812687370081764,0.0042,-0.0013,-0.0052,0.0,-0.0014000000000000002,0.0003812687370081764,1.5531166784675098e-07,0.5958313409219742
2017-07-17,0.007888732842919697,0.0,0.0021,0.001,0.0,-0.0017000000000000001,0.007888732842919697,0.007960364382590157,0.6037917053045644
2017-07-18,0.0008443408443409009,0.0004,-0.0029,-0.003,0.0,0.0046,0.0008443408443409009,0.0008075375866502297,0.6045992428912146
2017-07-19,0.0007970478176934076,0.0059,0.0052,0.0003,0.0,-0.0034000000000000002,0.0007970478176934076,0.0004478513416329037,0.6050470942328475
2017-07-20,0.002833989253595504,-0.0001,0.0006,-0.0005,0.0,-0.0006,0.002833989253595504,0.002889311978857668,0.6079364062117052
2017-07-21,0.005966531727818908,-0.0008,-0.0040999999999999995,-0.0024,0.0,0.0032,0.005966531727818908,0.005923255102061355,0.6138596613137666
2017-07-24,-0.0059055118110237,-0.0003,0.001,-0.0018,0.0,0.0097,-0.0059055118110237,-0.0055348373619026866,0.6083248239518639
2017-07-25,0.0016398514851485404,0.0038,0.0036,0.0096,0.0,-0.0068000000000000005,0.0016398514851485404,0.0010108310502363166,0.6093356550021003
2017-07-26,-0.004633490872022975,-0.0006,-0.0034999999999999996,-0.0076,0.0,-0.002,-0.004633490872022975,-0.004591806113480815,0.6047438488886194
2017-07-27,0.003677497439717038,-0.0014000000000000002,-0.0063,0.0044,0.0,-0.010700000000000001,0.003677497439717038,0.003014714792710411,0.6077585636813299
2017-07-28,-0.002272621863549941,-0.0017000000000000001,-0.0003,0.0027,0.0,0.0017000000000000001,-0.002272621863549941,-0.002170276081415367,0.6055882875999145
2017-07-31,0.0003408950043386032,-0.0011,-0.0034999999999999996,0.0046,0.0,-0.0005,0.0003408950043386032,5.0580508996200054e-05,0.6056388681089107
2017-08-01,0.0022925121596083908,0.0024,-0.0019,0.0014000000000000002,0.0,0.0060999999999999995,0.0022925121596083908,0.001996067505560208,0.6076349356144709
2017-08-02,-0.0015763607702531316,-0.0008,-0.011699999999999999,0.0015,0.0,0.006500000000000001,-0.0015763607702531316,-0.0021974942752055002,0.6054374413392654
2017-08-03,-0.004648834953460035,-0.0021,-0.0034000000000000002,-0.0033,0.0,0.003,-0.004648834953460035,-0.004481895027962428,0.6009555463113029
2017-08-04,0.0025659501013419826,0.0025,0.0032,0.004,0.0,0.0002,0.0025659501013419826,0.0023888084180481656,0.603344354729351
2017-08-07,-0.0012357424278459609,0.0016,-0.001,-0.0058,0.0,0.0040999999999999995,-0.0012357424278459609,-0.001184477433034627,0.6021598772963164
2017-08-08,0.0012786863180563593,-0.0023,-0.0007000000000000001,0.0023,0.0,0.005699999999999999,0.0012786863180563593,0.0015169632177640339,0.6036768405140804
2017-08-09,-0.00429131293494775,-0.0014000000000000002,-0.0078000000000000005,-0.0008,0.0,-0.0023,-0.00429131293494775,-0.004696547573671772,0.5989802929404087
2017-08-10,0.0003271299796452212,-0.0149,-0.003,0.0026,0.0,-0.004699999999999999,0.0003271299796452212,0.001494762593862969,0.6004750555342716
2017-08-11,-0.008518170539899466,0.0019,0.0024,-0.0087,0.0,0.0,-0.008518170539899466,-0.008257118865169921,0.5922179366691017
2017-08-14,0.00531920463231528,0.0103,0.0029,0.0012,0.0,0.0111,0.00531920463231528,0.0046355605475417545,0.5968534972166435
2017-08-16,0.010425888700253034,0.0018,-0.0013,-0.0044,0.0,-0.0003,0.010425888700253034,0.01029280416861506,0.6071463013852586
2017-08-17,0.003649033109305984,-0.016,-0.0017000000000000001,-0.0017000000000000001,0.0,-0.0048,0.003649033109305984,0.005164990562638083,0.6123112919478967
2017-08-18,-0.01274058706324576,-0.0015,0.0012,0.0024,0.0,0.0021,-0.01274058706324576,-0.012538462655396689,0.5997728292925
2017-08-21,0.0009830898148773522,0.0006,-0.0024,-0.0022,0.0,0.0005,0.0009830898148773522,0.0008432421131970517,0.6006160714056971
2017-08-22,0.0011276241945541033,0.010700000000000001,-0.0002,-0.0024,0.0,0.0045000000000000005,0.0011276241945541033,0.00017181921934936043,0.6007878906250465
2017-08-23,0.005720010173520948,-0.0032,0.0009,0.0040999999999999995,0.0,-0.0024,0.005720010173520948,0.00592452958577227,0.6067124202108187
2017-08-24,-0.006554534240990222,-0.0015,0.0059,0.0016,0.0,0.0003,-0.006554534240990222,-0.006044916652878188,0.6006675035579405
2017-08-25,-0.0003065110214090395,0.0018,0.0012,0.005600000000000001,0.0,-0.0044,-0.0003065110214090395,-0.0007002419910718694,0.5999672615668686
2017-08-29,0.0008470612690329518,0.001,0.0013,-0.0038,0.0,0.0023,0.0008470612690329518,0.0010100966000674827,0.6009773581669361
2017-08-30,0.002959609123903704,0.0053,0.0,-0.0032,0.0,0.0055000000000000005,0.002959609123903704,0.0026323787773164966,0.6036097369442526
2017-08-31,0.004436667477726209,0.0062,0.0049,-0.0043,0.0,0.0004,0.004436667477726209,0.0042750351549929125,0.6078847720992455
2017-09-01,0.008813524378929974,0.0028000000000000004,0.0040999999999999995,0.004,0.0,-0.0039000000000000003,0.008813524378929974,0.008577348277411549,0.616462120376657
2017-09-05,-0.0011159628763176544,-0.008,0.0007000000000000001,-0.009899999999999999,0.0,-0.006999999999999999,-0.0011159628763176544,-4.303194717237852e-05,0.6164190884294847
2017-09-06,-0.001844933351782555,0.0028000000000000004,-0.0006,0.0012,0.0,-0.0075,-0.001844933351782555,-0.0023824091742895097,0.6140366792551951
2017-09-07,0.006818333513033367,-0.0007000000000000001,0.0014000000000000002,-0.0091,0.0,0.0001,0.006818333513033367,0.0072998555382640315,0.6213365347934592
2017-09-08,0.006756860125346144,-0.0017000000000000001,0.0003,0.0038,0.0,0.0046,0.006756860125346144,0.006925089349341701,0.6282616241428008
2017-09-11,0.0012359311525564514,0.010700000000000001,-0.0011,0.0064,0.0,0.0031,0.0012359311525564514,-0.00011194654155375489,0.6281496776012471
2017-09-12,0.0053979945969463644,0.0042,0.0024,0.0072,0.0,-0.0053,0.0053979945969463644,0.004760027753209074,0.6329097053544561
2017-09-13,-0.001811475698550385,0.001,0.0027,0.0032,0.0,-0.0060999999999999995,-0.001811475698550385,-0.0019742812352075726,0.6309354241192485
2017-09-14,-0.0013761953491654773,-0.0013,-0.0003,-0.0006,0.0,0.0001,-0.0013761953491654773,-0.001237632543646556,0.629697791575602
2017-09-15,0.0007925290257446992,0.0019,0.0029,0.0014000000000000002,0.0,-0.0025,0.0007925290257446992,0.0006883432652286102,0.6303861348408306
2017-09-18,0.001477879721775232,0.0024,0.0039000000000000003,0.0021,0.0,0.0048,0.001477879721775232,0.0015231734274360116,0.6319093082682666
2017-09-19,0.0019743137748678423,0.0015,-0.0029,0.004,0.0,0.0075,0.0019743137748678423,0.0016457610142186483,0.6335550692824853
2017-09-20,-0.0007791215530156002,0.0015,0.0022,0.0049,0.0,-0.003,-0.0007791215530156002,-0.0010193105772572542,0.632535758705228
2017-09-21,-0.006705669887869852,-0.0028000000000000004,0.001,0.0037,0.0,0.0004,-0.006705669887869852,-0.006462051739516312,0.6260737069657117
2017-09-22,-0.0010584743788427194,0.0013,0.0044,0.0012,0.0,-0.0034999999999999996,-0.0010584743788427194,-0.0010127272675492622,0.6250609796981624
2017-09-25,-0.0016831858855738187,-0.0026,0.0031,0.0059,0.0,-0.0148,-0.0016831858855738187,-0.001721936869391145,0.6233390428287713
2017-09-26,-0.0074144419108945194,0.0006,0.004,0.0017000000000000001,0.0,-0.0006,-0.0074144419108945194,-0.007276828836940857,0.6160622139918305
2017-09-27,-0.0010897760586944226,0.0063,0.0139,0.0023,0.0,0.008100000000000001,-0.0010897760586944226,-0.0007098006491842419,0.6153524133426462
2017-09-28,0.0006863347674657213,0.0013,0.0018,-0.0005,0.0,0.004699999999999999,0.0006863347674657213,0.0007910310812041209,0.6161434444238504
2017-09-29,0.0005527859387635867,0.0034999999999999996,-0.0014000000000000002,-0.0026,0.0,0.0040999999999999995,0.0005527859387635867,0.00026839577294365694,0.6164118401967941
2017-10-02,0.0031716475174183613,0.005,0.0085,0.0013,0.0,0.0002,0.0031716475174183613,0.0031845425860412375,0.6195963827828354
2017-10-03,0.002371214979959499,0.0026,-0.0004,-0.0005,0.0,-0.0002,0.002371214979959499,0.002084283283751541,0.6216806660665869
2017-10-04,0.00035611267404996245,0.0005,-0.0027,-0.0045000000000000005,0.0,0.0025,0.00035611267404996245,0.0003282313910997154,0.6220088974576866
2017-10-05,0.003534431465085485,0.0055000000000000005,-0.0033,0.0039000000000000003,0.0,0.0,0.003534431465085485,0.0026006164762911654,0.6246095139339778
2017-10-06,0.005427401536496822,-0.0008,-0.0006,-0.0025,0.0,0.0063,0.005427401536496822,0.005692226289753257,0.6303017402237311
2017-10-09,0.0032005564431990055,-0.0023,-0.0028000000000000004,0.0,0.0,0.005699999999999999,0.0032005564431990055,0.003374846371849961,0.633676586595581
2017-10-10,0.001245993227423861,0.0024,-0.0001,0.0043,0.0,-0.0001,0.001245993227423861,0.0008385470785184116,0.6345151336740994
2017-10-11,0.002990676715875659,0.0016,-0.0019,-0.0019,0.0,0.0042,0.002990676715875659,0.0028497436525510775,0.6373648773266505
2017-10-12,0.004152449945467924,-0.0018,0.0004,-0.0052,0.0,0.0062,0.004152449945467924,0.004680079831546758,0.6420449571581972
2017-10-13,0.00487265335405952,0.0004,-0.0022,0.0012,0.0,-0.0003,0.00487265335405952,0.004633869087200484,0.6466788262453977
2017-10-16,-0.0002280727849670255,0.0017000000000000001,-0.0027,0.0036,0.0,0.0026,-0.0002280727849670255,-0.0006563411763083004,0.6460224850690894
2017-10-17,-0.0018299577473170174,0.0001,-0.0034000000000000002,-0.0031,0.0,-0.0021,-0.0018299577473170174,-0.002010780001032818,0.6440117050680566
2017-10-18,0.0014209414979504307,0.0014000000000000002,0.0029,0.0023,0.0,0.0017000000000000001,0.0014209414979504307,0.0014292691380174097,0.645440974206074
2017-10-19,-0.00017364470309231194,0.0002,-0.0039000000000000003,0.0016,0.0,-0.0021,-0.00017364470309231194,-0.0005594880542807052,0.6448814861517933
2017-10-20,-0.0011859511924020296,0.005699999999999999,-0.0009,0.0027,0.0,0.0013,-0.0011859511924020296,-0.0019086632965573606,0.6429728228552359
2017-10-23,0.00552941819392211,-0.0045000000000000005,-0.0044,0.0017000000000000001,0.0,0.0042,0.00552941819392211,0.005735149078489813,0.6487079719337258
2017-10-24,-0.0005187747035571564,0.002,-0.0019,0.0049,0.0,0.0066,-0.0005187747035571564,-0.000882065495320247,0.6478259064384055
2017-10-25,0.0012555920808718774,-0.005,0.0002,0.0015,0.0,-0.0009,0.0012555920808718774,0.0017225496133485229,0.649548456051754
2017-10-26,0.0007405615431328009,0.002,0.0004,0.0028000000000000004,0.0,0.0032,0.0007405615431328009,0.0005316289989768169,0.6500800850507309
2017-10-27,0.0034533964153745348,0.008199999999999999,-0.0003,-0.0098,0.0,0.0097,0.0034533964153745348,0.0031181879284429815,0.6531982729791739
2017-10-30,0.009002010826011908,-0.0046,-0.008100000000000001,-0.0005,0.0,-0.0017000000000000001,0.009002010826011908,0.008914561630461724,0.6621128346096355
2017-10-31,-0.004731277103737322,0.0023,0.0084,-0.0025,0.0,0.0038,-0.004731277103737322,-0.004234440136193902,0.6578783944734417
2017-11-02,-0.00040145109884992357,0.0006,-0.0001,0.0051,0.0,0.0076,-0.00040145109884992357,-0.00048098816306161197,0.65739740631038
2017-11-03,0.0010970873310902347,0.003,-0.0044,-0.0072,0.0,0.005,0.0010970873310902347,0.0008380736226265249,0.6582354799330066
2017-11-06,0.005273946800651535,0.0006,0.0023,0.0019,0.0,-0.0039000000000000003,0.005273946800651535,0.005217922235189125,0.6634534021681957
2017-11-07,-0.002535538911518908,-0.002,-0.013600000000000001,-0.004,0.0,-0.0025,-0.002535538911518908,-0.0031666464130233715,0.6602867557551724
2017-11-08,0.0004244772099650192,0.0012,0.0004,-0.006,0.0,-0.0001,0.0004244772099650192,0.0005286988272863632,0.6608154545824587
2017-11-09,0.0022873027871930956,-0.0040999999999999995,-0.0004,0.0022,0.0,-0.008199999999999999,0.0022873027871930956,0.0024373536022187204,0.6632528081846775
2017-11-10,-0.002330741458002961,0.0001,0.0006,-0.0043,0.0,-0.0011,-0.002330741458002961,-0.0021773579622227537,0.6610754502224547
2017-11-13,-0.0037164386568146928,0.0009,-0.003,0.0009,0.0,0.008199999999999999,-0.0037164386568146928,-0.003867823240733,0.6572076269817217
2017-11-14,0.0031281667180684813,-0.0022,-0.0012,0.0,0.0,0.0092,0.0031281667180684813,0.0034763156903792145,0.660683942672101
2017-11-15,0.003455141719372315,-0.0052,-0.0004,0.0023,0.0,-0.0012,0.003455141719372315,0.0038685030343824124,0.6645524457064834
2017-11-16,-0.0031222643711700995,0.0101,0.0086,-0.0053,0.0,0.0031,-0.0031222643711700995,-0.003348916538261143,0.6612035291682222
2017-11-17,0.008908273082964864,-0.0014000000000000002,0.0074,0.0027,0.0,-0.011899999999999999,0.008908273082964864,0.009207749898178607,0.6704112790664009
2017-11-20,-0.0020164020038296523,0.0021,0.005600000000000001,0.0003,0.0,0.0045000000000000005,-0.0020164020038296523,-0.0017692305557924486,0.6686420485106084
2017-11-21,0.0025146932704094654,0.0067,0.0040999999999999995,-0.0033,0.0,0.009300000000000001,0.0025146932704094654,0.0024046942454048086,0.6710467427560132
2017-11-22,0.005519414613399336,-0.0005,0.0011,-0.0008,0.0,-0.0088,0.005519414613399336,0.005483478641018447,0.6765302213970317
2017-11-24,0.0008322869609979149,0.0021,0.0002,-0.0043,0.0,0.0049,0.0008322869609979149,0.0008786659746018212,0.6774088873716335
2017-11-27,0.003759000932539822,-0.0006,-0.0037,0.0001,0.0,0.0014000000000000002,0.003759000932539822,0.003597557852123503,0.681006445223757
2017-11-28,-0.00010535591142433653,0.0106,0.0039000000000000003,0.0086,0.0,-0.004699999999999999,-0.00010535591142433653,-0.001347189532930131,0.6796592556908269
2017-11-29,0.0036974242554863295,0.0002,0.0007000000000000001,0.0148,0.0,-0.0229,0.0036974242554863295,0.0027229124651264452,0.6823821681559533
2017-11-30,-0.007086073122548603,0.008199999999999999,-0.005600000000000001,-0.0052,0.0,0.0049,-0.007086073122548603,-0.0080421236589247,0.6743400444970287
2017-12-01,0.005396936769815657,-0.0022,-0.0036,0.0038,0.0,-0.0046,0.005396936769815657,0.0051537782348749376,0.6794938227319036
2017-12-04,0.000344161679509043,-0.0011,-0.0034000000000000002,0.012199999999999999,0.0,-0.019799999999999998,0.000344161679509043,-0.0006165461316633171,0.6788772766002403
2017-12-05,-0.009585427856037072,-0.0042,-0.0046,-0.0022,0.0,0.0095,-0.009585427856037072,-0.009176813346999825,0.6697004632532405
2017-12-06,0.002286872195686769,-0.0009,-0.0046,-0.0052,0.0,0.009000000000000001,0.002286872195686769,0.002441269989602905,0.6721417332428434
2017-12-07,0.0056945086260012994,0.0042,0.0026,-0.002,0.0,0.0066,0.0056945086260012994,0.0056418947533311906,0.6777836279961746
2017-12-08,-0.0015124900084719044,0.0051,-0.0046,-0.0013,0.0,-0.004699999999999999,-0.0015124900084719044,-0.002416631739359758,0.6753669962568148
2017-12-11,0.002406392759729844,0.0027,-0.0043,-0.0018,0.0,-0.0028000000000000004,0.002406392759729844,0.0018323727474347466,0.6771993690042496
2017-12-12,0.002156728658667702,0.0007000000000000001,-0.0052,0.005,0.0,-0.006,0.002156728658667702,0.0014296757003179087,0.6786290447045675
2017-12-13,0.0016319596877327218,0.0002,0.0072,-0.0089,0.0,0.005699999999999999,0.0016319596877327218,0.0025272281869547037,0.6811562728915223
2017-12-14,0.003391994511829154,-0.004699999999999999,-0.006999999999999999,-0.0022,0.0,0.004699999999999999,0.003391994511829154,0.0035862419937391023,0.6847425148852614
2017-12-15,-0.006158068161315901,0.0092,0.0068000000000000005,0.0004,0.0,0.0025,-0.006158068161315901,-0.006620329838899573,0.6781221850463618
2017-12-18,0.011250662857525132,0.0066,0.0075,0.0027,0.0,-0.0009,0.011250662857525132,0.010956321336584663,0.6890785063829464
2017-12-19,0.0009590128309302365,-0.003,-0.0036,-0.0024,0.0,-0.0006,0.0009590128309302365,0.0010980847700344065,0.6901765911529808
2017-12-20,-0.0017368403664355363,0.0001,0.0034999999999999996,0.0006,0.0,-0.0028000000000000004,-0.0017368403664355363,-0.0015907688472477325,0.6885858223057331
2017-12-21,-0.002151188354270016,0.0024,0.0027,0.0063,0.0,-0.0073,-0.002151188354270016,-0.0025926235757612642,0.6859931987299718
2017-12-22,-0.00020373739670990812,-0.0007000000000000001,-0.0021,-0.0021,0.0,0.0011,-0.00020373739670990812,-0.00017738858877410426,0.6858158101411976
2017-12-27,0.000805637567353813,0.0005,-0.0013,-0.002,0.0,0.0059,0.000805637567353813,0.000860933931496691,0.6866767440726943
2017-12-28,0.0036555972781898973,0.0022,0.0012,0.0005,0.0,-0.0008,0.0036555972781898973,0.0034720741778001265,0.6901488182504945
2017-12-29,0.0014106767946026927,-0.005699999999999999,-0.0031,0.0001,0.0,-0.0018,0.0014106767946026927,0.001755329384128786,0.6919041476346233
2018-01-02,-0.0011212980674098663,0.0085,0.0034999999999999996,-0.0021,0.0001,-0.0064,-0.0012212980674098663,-0.0019413365000543006,0.6899628111345689
2018-01-03,0.00010376575352812893,0.0059,-0.0039000000000000003,-0.0019,0.0001,0.0021,3.7657535281289205e-06,-0.000769107236704428,0.6891937038978645
2018-01-04,0.006951584150010731,0.0042,-0.0026,0.0024,0.0001,-0.002,0.00685158415001073,0.006109549005731275,0.6953032529035957
2018-01-05,0.006856757465622535,0.0066,-0.0034999999999999996,-0.0025,0.0001,0.0060999999999999995,0.006756757465622535,0.006044697327894672,0.7013479502314904
2018-01-08,0.005544805001488672,0.0019,-0.0015,0.0004,0.0001,0.0016,0.005444805001488672,0.005164751463158779,0.7065127016946492
2018-01-09,0.0008280596573034566,0.0015,-0.0034999999999999996,-0.0004,0.0001,0.0052,0.0007280596573034565,0.00045935931716983847,0.7069720610118191
2018-01-10,0.004220072383716917,-0.0007000000000000001,0.0006,0.005699999999999999,0.0001,-0.0023,0.0041200723837169165,0.003989666871690721,0.7109617278835098
2018-01-11,-0.005224155389855398,0.0086,0.011399999999999999,0.003,0.0001,-0.0033,-0.0053241553898553985,-0.0056255231528202195,0.7053362047306896
2018-01-12,0.004002313475997729,0.0066,-0.0032,0.0016,0.0001,0.0001,0.0039023134759977288,0.0029407366916983273,0.708276941422388
2018-01-16,-0.0013488304040089412,-0.0049,-0.0102,0.0001,0.0001,-0.0016,-0.0014488304040089412,-0.0016657463999215812,0.7066111950224664
2018-01-17,0.0024265954865324325,0.0095,-0.0003,-0.0009,0.0001,0.01,0.0023265954865324327,0.0015575093822022402,0.7081687044046686
2018-01-18,0.009267252207195462,-0.0018,-0.005,-0.0025,0.0001,0.0040999999999999995,0.009167252207195463,0.009190578058796908,0.7173592824634655
2018-01-19,0.004045761453939762,0.005699999999999999,0.009399999999999999,-0.0005,0.0001,0.0055000000000000005,0.0039457614539397615,0.004122539977564854,0.7214818224410303
2018-01-22,0.006499418567964512,0.0077,-0.0034000000000000002,-0.0016,0.0001,-0.0028000000000000004,0.006399418567964512,0.005355567438323974,0.7268373898793543
2018-01-23,0.005821555877980144,0.0022,0.0014000000000000002,-0.0036,0.0001,0.0005,0.005721555877980144,0.005719824640644539,0.7325572145199989
2018-01-24,-0.0006811867787434049,-0.0013,-0.0084,0.0044,0.0001,-0.0018,-0.000781186778743405,-0.0014045000391843454,0.7311527144808145
2018-01-25,0.0015860640217416541,0.0007000000000000001,0.0014000000000000002,-0.0054,0.0001,0.0060999999999999995,0.001486064021741654,0.0018242067685947663,0.7329769212494093
2018-01-26,0.0014323142550853633,0.0111,-0.006,-0.0051,0.0001,0.006,0.0013323142550853632,6.550659160367675e-05,0.7330424278410129
2018-01-29,0.0017367511648668872,-0.0062,-0.0003,-0.0028000000000000004,0.0001,-0.0013,0.0016367511648668872,0.0023338188661356854,0.7353762467071486
2018-01-30,0.0072231780209645316,-0.0106,0.0014000000000000002,-0.0021,0.0001,0.0031,0.007123178020964531,0.008468135752030054,0.7438443824591787
2018-01-31,-0.0020426760817598027,-0.0007000000000000001,-0.0074,0.0011,0.0001,0.0027,-0.0021426760817598025,-0.002550887339552966,0.7412934951196257
2018-02-01,-0.001667482762727822,0.0003,0.0008,0.0053,0.0001,-0.0018,-0.001767482762727822,-0.0019646463506122116,0.7393288487690135
2018-02-02,-0.00832482733936934,-0.0213,0.0004,-0.0029,0.0001,0.0014000000000000002,-0.00842482733936934,-0.0060356262286644854,0.733293222540349
2018-02-05,-0.02205171392033925,-0.0403,0.0079,-0.0059,0.0001,-0.0023,-0.02215171392033925,-0.017239266425791457,0.7160539561145576
2018-02-06,-0.03256818451052043,0.0167,-0.0052,-0.0019,0.0001,0.0078000000000000005,-0.032668184510520434,-0.03453807274584323,0.6815158833687144
2018-02-07,0.006353317948476345,-0.0038,0.0053,0.0021,0.0001,0.0015,0.006253317948476345,0.006972160545941658,0.688488043914656
2018-02-08,-0.006687601495701373,-0.036699999999999997,0.008100000000000001,0.0052,0.0001,-0.0113,-0.006787601495701373,-0.00281288966637797,0.6856751542482781
2018-02-09,-0.02835806831566551,0.0137,-0.0059,0.0015,0.0001,0.0058,-0.02845806831566551,-0.030220458728239967,0.6554546955200381
2018-02-12,0.015977229417497827,0.013600000000000001,-0.0046,-0.003,0.0001,0.0054,0.015877229417497828,0.014358687744005618,0.6698133832640437
2018-02-13,0.010122848715672494,0.0031,0.0008,-0.0024,0.0001,0.0060999999999999995,0.010022848715672494,0.009966181382570341,0.679779564646614
2018-02-14,0.0013087830207845796,0.0152,0.0026,0.0048,0.0001,0.0022,0.0012087830207845795,-0.0003243812329908173,0.6794551834136232
2018-02-15,0.013457654630905404,0.012199999999999999,-0.0014000000000000002,-0.0063,0.0001,0.0028000000000000004,0.013357654630905404,0.012259631097410004,0.6917148145110332
2018-02-16,0.01319979886020785,0.0003,0.0034999999999999996,0.0015,0.0001,-0.0016,0.01309979886020785,0.013220113153364348,0.7049349276643976
2018-02-20,-0.006800873016603909,-0.0062,-0.0036,-0.0024,0.0001,0.003,-0.006900873016603909,-0.006348500698159631,0.698586426966238
2018-02-21,-0.003240596937427296,-0.0044,0.0079,0.0023,0.0001,0.0078000000000000005,-0.003340596937427296,-0.0022528920349277693,0.6963335349313102
2018-02-22,-0.001520916084501465,0.0001,0.0005,-0.0040999999999999995,0.0001,0.002,-0.001620916084501465,-0.0014140958831863346,0.6949194390481239
2018-02-23,0.0024781646675206873,0.0154,-0.0038,-0.0014000000000000002,0.0001,0.0005,0.0023781646675206875,0.0005645934425041405,0.6954840324906281
2018-02-26,0.017104462215448302,0.011200000000000002,-0.005,-0.0006,0.0001,0.001,0.017004462215448303,0.015533145551185373,0.7110171780418134
2018-02-27,0.0007812214465845194,-0.0125,-0.0019,0.0003,0.0001,0.0027,0.0006812214465845193,0.0019106336452843543,0.7129278116870977
2018-02-28,-0.009613848323967491,-0.0111,-0.0042,-0.0031,0.0001,0.0053,-0.00971384832396749,-0.008614920755696637,0.7043128909314011
2018-03-01,-0.014182795351988704,-0.011899999999999999,0.01,-0.0003,0.0001,-0.0085,-0.014282795351988703,-0.012530130025122328,0.6917827609062788
2018-03-02,-0.012151901101572793,0.006999999999999999,0.0118,-0.0048,0.0001,-0.0018,-0.012251901101572793,-0.012059435694050227,0.6797233252122286
2018-03-05,0.005092840205038784,0.010700000000000001,-0.0039000000000000003,0.0022,0.0001,-0.004,0.004992840205038784,0.00344478264253795,0.6831681078547666
2018-03-06,0.015855674278206593,0.0036,0.0068000000000000005,0.0013,0.0001,0.0038,0.015755674278206594,0.015877775641649883,0.6990458834964164
2018-03-07,-0.003509178564806122,0.0005,0.0078000000000000005,-0.0044,0.0001,0.008,-0.003609178564806122,-0.002808625405958105,0.6962372580904583
2018-03-08,0.00669882724003658,0.0037,-0.0049,-0.0034999999999999996,0.0001,-0.0012,0.00659882724003658,0.00597194954770621,0.7022092076381645
2018-03-09,0.007356644778491909,0.0171,-0.0025,0.0027,0.0001,0.0063,0.0072566447784919086,0.005338514964213339,0.7075477226023779
2018-03-12,0.012959012821395098,-0.0009,0.004699999999999999,-0.0008,0.0001,-0.0052,0.012859012821395099,0.013187294798162693,0.7207350174005406
2018-03-13,0.00024001449144091594,-0.0067,0.0008,0.0003,0.0001,-0.0006,0.00014001449144091595,0.0008733940475897032,0.7216084114481303
2018-03-14,-0.004409773942491857,-0.0053,0.0023,-0.005699999999999999,0.0001,0.0034000000000000002,-0.004509773942491857,-0.0035297628430727306,0.7180786486050575
2018-03-15,-0.003183279596542062,-0.0017000000000000001,-0.0039000000000000003,0.0031,0.0001,0.0026,-0.003283279596542062,-0.0034195464034613692,0.7146591022015962
2018-03-16,0.0009443473738475767,0.0025,0.0046,0.0017000000000000001,0.0001,-0.0040999999999999995,0.0008443473738475767,0.0007478252000390725,0.7154069274016353
2018-03-19,-0.0012488263766715628,-0.0137,0.0034999999999999996,0.0040999999999999995,0.0001,0.0045000000000000005,-0.0013488263766715629,0.0002820881645562499,0.7156890155661915
2018-03-20,-0.011162221857145391,0.0014000000000000002,-0.0007000000000000001,-0.0036,0.0001,0.0139,-0.01126222185714539,-0.011032800795159184,0.7046562147710322
2018-03-21,5.076470099579282e-05,-0.0007000000000000001,0.0074,0.0044,0.0001,-0.0031,-4.923529900420718e-05,0.0003091437416738943,0.7049653585127061
2018-03-22,-0.0019289607147306381,-0.0254,0.0051,-0.0049,0.0001,-0.009399999999999999,-0.002028960714730638,0.0009438092055622889,0.7059091677182684
2018-03-23,-0.021564738139162848,-0.021,0.0021,-0.0023,0.0001,-0.0033,-0.021664738139162847,-0.019313737700505842,0.6865954300177626
2018-03-26,-0.010868794745174038,0.026699999999999998,-0.0068000000000000005,0.0003,0.0001,0.0128,-0.010968794745174038,-0.013962523478681398,0.6726329065390811
2018-03-27,0.014327687934452903,-0.0187,-0.0021,0.0037,0.0001,-0.0182,0.014227687934452903,0.015525120985992596,0.6881580275250737
2018-03-28,-0.010668161308251056,-0.0034999999999999996,0.0013,0.0064,0.0001,-0.012,-0.010768161308251055,-0.010791295428642093,0.6773667320964316
2018-03-29,0.002170922022956563,0.0141,-0.0031,-0.0022,0.0001,0.0055000000000000005,0.002070922022956563,0.0005766377500610485,0.6779433698464926
2018-04-03,-0.0075485142870715255,0.0125,-0.0004,0.0018,0.0001,-0.0015,-0.007648514287071526,-0.009079875499929517,0.6688634943465631
2018-04-04,0.00393938233548412,0.011699999999999999,0.0033,-0.0032,0.0001,0.0008,0.0038393823354841198,0.0029636778839071142,0.6718271722304703
2018-04-05,0.013454817654322732,0.0075,0.0002,0.0046,0.0001,-0.0038,0.013354817654322733,0.012342866808479064,0.6841700390389494
2018-04-06,0.005908892035697922,-0.0219,0.004,-0.0006,0.0001,-0.005699999999999999,0.005808892035697922,0.008273223041867913,0.6924432620808173
2018-04-09,-0.010761539073132641,0.003,-0.0015,-0.0051,0.0001,0.0058,-0.01086153907313264,-0.010978112106882968,0.6814651499739344
2018-04-10,0.008216872482459954,0.0177,0.004,-0.0012,0.0001,0.0039000000000000003,0.008116872482459955,0.006658494309615447,0.6881236442835498
2018-04-11,0.012126384499235714,-0.0049,0.0092,-0.003,0.0001,-0.0053,0.012026384499235715,0.013152472621479555,0.7012761169050293
2018-04-12,-0.004753521126760513,0.0084,-0.0023,0.0019,0.0001,0.0125,-0.004853521126760513,-0.005684682448388567,0.6955914344566407
2018-04-13,0.00033051849507004493,-0.0037,0.0003,-0.0025,0.0001,-0.0083,0.00023051849507004494,0.000544595660182982,0.6961360301168237
2018-04-16,0.0006840868371455089,0.008199999999999999,0.0007000000000000001,-0.0002,0.0001,0.0,0.0005840868371455089,-0.00022107995744674407,0.695914950159377
2018-04-17,0.005431749693069001,0.0109,0.0016,-0.0118,0.0001,0.0108,0.005331749693069001,0.004934655729347531,0.7008496058887245
2018-04-18,0.010013876040703048,0.0013,0.0021,0.0002,0.0001,0.0005,0.009913876040703049,0.009924167035710923,0.7107737729244354
2018-04-19,-8.70102809517403e-05,-0.0049,-0.004699999999999999,0.0108,0.0001,0.0062,-0.00018701028095174032,-0.00022738959346015446,0.7105463833309753
2018-04-20,-0.016734906982495558,-0.008100000000000001,0.0006,0.0058,0.0001,0.0004,-0.016834906982495557,-0.016134653170029656,0.6944117301609456
2018-04-23,-0.009781454362528684,-0.0005,-0.0008,0.0019,0.0001,-0.0029,-0.009881454362528684,-0.010011012239491336,0.6844007179214543
2018-04-24,0.0013123729961616113,-0.013000000000000001,0.0053,0.0102,0.0001,-0.0103,0.0012123729961616113,0.0023635355859981753,0.6867642535074525
2018-04-25,-0.01797332656867305,0.0011,-0.0034000000000000002,0.0006,0.0001,-0.0054,-0.01807332656867305,-0.018556779177836494,0.668207474329616
2018-04-26,0.0016120930900045264,0.0095,-0.0039000000000000003,-0.0085,0.0001,0.0097,0.0015120930900045263,0.0007517850388849502,0.668959259368501
2018-04-27,0.014026993724388974,0.0001,-0.0026,0.0004,0.0001,0.0031,0.013926993724388975,0.013793382682913772,0.6827526420514147
2018-04-30,0.0022183601090811638,-0.008100000000000001,0.0003,-0.0009,0.0001,0.0022,0.002118360109081164,0.0030661139720547926,0.6858187560234695
2018-05-02,-0.0021617557216034294,-0.0062,0.0129,-0.0034999999999999996,0.0001,0.004,-0.002261755721603429,-0.0005299345299666631,0.6852888214935029
2018-05-03,-0.01177412518249894,-0.0025,-0.0052,-0.0015,0.0001,0.0089,-0.011874125182498939,-0.011721338019480478,0.6735674834740224
2018-05-04,0.0036172139350903465,0.013000000000000001,0.0002,-0.002,0.0001,-0.0039000000000000003,0.0035172139350903467,0.0021521020013354633,0.6757195854753578
2018-05-08,0.011306383524305604,0.0007000000000000001,0.0049,0.0023,0.0001,0.004699999999999999,0.011206383524305604,0.011488767389262798,0.6872083528646206
2018-05-09,0.0015025590458750072,0.009000000000000001,-0.0022,0.0025,0.0001,0.0021,0.0014025590458750072,0.0002698191695471154,0.6874781720341677
2018-05-11,0.017047212715082662,0.0019,0.0012,-0.0038,0.0001,0.0015,0.016947212715082663,0.016991814869919495,0.7044699869040872
2018-05-14,0.0034066916828781177,0.0005,-0.0036,0.0011,0.0001,-0.0036,0.003306691682878118,0.002894406194816648,0.7073643930989039
2018-05-15,-0.00345944455929994,-0.0055000000000000005,0.0067,0.004,0.0001,-0.0011,-0.00355944455929994,-0.002688521813386133,0.7046758712855178
2018-05-16,-0.007569890093678426,0.005,0.006999999999999999,-0.0025,0.0001,-0.0004,-0.0076698900936784265,-0.0076419726336852175,0.6970338986518325
2018-05-17,0.0024806057509174475,0.0001,0.009000000000000001,0.0029,0.0001,0.002,0.0023806057509174476,0.0029253341579786427,0.6999592328098112
2018-05-18,0.0004958202813664219,-0.0023,0.005699999999999999,-0.0062,0.0001,0.0064,0.00039582028136642193,0.001374187182025686,0.7013334199918368
2018-05-22,0.011671475746951238,-0.0042,-0.0076,0.0060999999999999995,0.0001,-0.0023,0.011571475746951238,0.011237552453744202,0.7125709724455811
2018-05-23,-0.0065375335918437015,0.0029,0.0005,-0.0069,0.0001,0.004,-0.006637533591843702,-0.0065852733296179805,0.7059856991159631
2018-05-24,0.01087542568535922,-0.0016,0.0037,-0.0034999999999999996,0.0001,0.0013,0.01077542568535922,0.01134205344199565,0.7173277525579588
2018-05-25,-0.0010439317478334962,-0.0022,0.0025,-0.0039000000000000003,0.0001,-0.006,-0.0011439317478334962,-0.0007401305956737836,0.716587621962285
2018-05-29,-0.007474878384915093,-0.0103,0.0132,-0.0102,0.0001,-0.0009,-0.007574878384915093,-0.005269994237080489,0.7113176277252045
2018-05-30,-0.0027448780667230395,0.0131,0.0004,0.0036,0.0001,0.0027,-0.0028448780667230393,-0.004255465628648485,0.7070621620965559
2018-05-31,0.010894471620431627,-0.006999999999999999,0.0007000000000000001,-0.0043,0.0001,0.0042,0.010794471620431628,0.011813518165011062,0.718875680261567
2018-06-01,-0.0009121507602778012,0.0106,-0.0023,-0.001,0.0001,0.0059,-0.0010121507602778013,-0.002117599679687377,0.7167580805818796
2018-06-04,0.009335256685322101,0.0048,0.0017000000000000001,-0.0045000000000000005,0.0001,0.0013,0.009235256685322102,0.00902941833989927,0.7257874989217789
2018-06-05,0.004775968196393557,0.0016,0.008199999999999999,-0.0044,0.0001,0.0034999999999999996,0.004675968196393557,0.005291031525920034,0.7310785304476989
2018-06-06,0.003501933265215174,0.0086,-0.0033,0.0021,0.0001,0.0002,0.0034019332652151743,0.00220900572781999,0.7332875361755189
2018-06-07,0.0042073911931855565,-0.0014000000000000002,-0.003,0.009300000000000001,0.0001,-0.009000000000000001,0.004107391193185556,0.003538003055729679,0.7368255392312486
2018-06-08,-0.008705595433247289,0.0031,0.0008,-0.004,0.0001,-0.001,-0.008805595433247288,-0.00896118130086936,0.7278643579303793
2018-06-11,0.009611138647321238,0.0012,0.0018,-0.0016,0.0001,-0.0064,0.009511138647321239,0.009423785450555968,0.7372881433809353
2018-06-12,-0.0011425358046621144,0.0023,0.0023,-0.0063,0.0001,0.0012,-0.0012425358046621144,-0.0010862476550110188,0.7362018957259243
2018-06-13,0.003556635851425524,-0.0033,0.0008,-0.002,0.0001,0.0023,0.0034566358514255243,0.00397494798213827,0.7401768437080626
2018-06-14,0.0012689055800679902,0.0028000000000000004,0.0032,-0.0101,0.0001,-0.002,0.0011689055800679902,0.0013945051152722788,0.7415713488233349
2018-06-15,0.0015029703674717808,-0.0007000000000000001,0.0004,-0.0025,0.0001,-0.009000000000000001,0.0014029703674717808,0.0013942337525599112,0.7429655825758947
2018-06-18,-0.0038672266967401414,-0.0009,0.0072,0.0008,0.0001,0.0078000000000000005,-0.003967226696740141,-0.003242664404584562,0.7397229181713102
2018-06-19,-0.00470682623520771,-0.0038,0.005699999999999999,-0.0014000000000000002,0.0001,-0.0067,-0.00480682623520771,-0.004118619990859831,0.7356042981804504
2018-06-20,-0.0005194828458702384,0.0023,0.0073,-0.0051,0.0001,0.0031,-0.0006194828458702384,-0.00012363197029294335,0.7354806662101574
2018-06-21,0.0017653674338995598,-0.0073,-0.0063,0.0033,0.0001,-0.0032,0.0016653674338995598,0.001820850625808628,0.737301516835966
2018-06-22,-6.709097984139946e-05,0.0011,0.0,0.0046,0.0001,-0.0064,-0.00016709097984139948,-0.0005780148596507462,0.7367235019763153
2018-06-25,0.0003354774067149285,-0.0148,-0.0054,0.005699999999999999,0.0001,-0.011399999999999999,0.0002354774067149285,0.0009788269372237634,0.737702328913539
2018-06-26,-0.01510036353555099,0.0027,0.0063,-0.0024,0.0001,0.0043,-0.015200363535550989,-0.014880630300858825,0.7228216986126802
2018-06-27,0.001956778352855672,-0.0102,-0.009899999999999999,0.0036,0.0001,-0.0034000000000000002,0.0018567783528556719,0.002057248963161281,0.7248789475758415
2018-06-28,-0.00899447643990916,0.0058,-0.0018,-0.0051,0.0001,0.0049,-0.00909447643990916,-0.009544382770441704,0.7153345648053998
2018-06-29,0.009569924922041414,0.0006,-0.002,-0.0024,0.0001,-0.0001,0.009469924922041415,0.00935108877110285,0.7246856535765026
2018-07-02,-0.003111427135086652,0.0036,0.0044,-0.0025,0.0001,0.005699999999999999,-0.0032114271350866517,-0.0030813264829618737,0.7216043270935407
2018-07-03,0.006310423784255269,-0.0044,0.008100000000000001,-0.0002,0.0001,-0.0064,0.006210423784255269,0.007089952118849919,0.7286942792123906
2018-07-05,0.0016079063700269282,0.0087,0.0044,-0.0043,0.0001,-0.0032,0.0015079063700269282,0.0009724013951565975,0.7296666806075472
2018-07-06,0.008252727922256927,0.0088,0.0005,-0.003,0.0001,0.001,0.008152727922256927,0.007388394860559961,0.7370550754681072
2018-07-09,0.00932437523546412,0.009300000000000001,-0.0040999999999999995,0.0086,0.0001,0.0049,0.00922437523546412,0.0077833342557842335,0.7448384097238915
2018-07-10,0.0037104020120599527,0.0021,-0.0078000000000000005,-0.0016,0.0001,-0.0019,0.003610402012059953,0.0028742845303415462,0.747712694254233
2018-07-11,0.004263363408565659,-0.006999999999999999,-0.0002,-0.0046,0.0001,0.0002,0.0041633634085656585,0.005045028364047066,0.7527577226182801
2018-07-12,-0.0011329521559153989,0.0085,-0.0034000000000000002,-0.0116,0.0001,0.0054,-0.001232952155915399,-0.0018415891114507406,0.7509161335068294
2018-07-13,0.009153338276312529,0.0008,-0.0013,-0.0029,0.0001,0.002,0.00905333827631253,0.009023574926077155,0.7599397084329066
2018-07-16,0.002536539285745516,-0.0016,-0.0077,0.0097,0.0001,0.0038,0.0024365392857455164,0.0018322432991125766,0.7617719517320192
2018-07-17,-0.00106003367679007,0.0048,0.0026,-0.0074,0.0001,0.0040999999999999995,-0.0011600336767900702,-0.001145109336171239,0.7606268423958479
2018-07-18,0.008698879888207216,0.0026,-0.0027,0.0068000000000000005,0.0001,0.0038,0.008598879888207216,0.007992892236929689,0.7686197346327776
2018-07-19,-0.002956876361007359,-0.0034000000000000002,0.0096,-0.0036,0.0001,-0.0008,-0.003056876361007359,-0.0019430154478340925,0.7666767191849435
2018-07-20,-0.00020407808809224783,-0.001,-0.0018,0.0011,0.0001,0.0026,-0.00030407808809224785,-0.0003028068330435995,0.7663739123518999
2018-07-23,0.0066143483151435275,0.0016,-0.0029,0.0054,0.0001,0.0038,0.006514348315143527,0.0060474384025265724,0.7724213507544264
2018-07-24,0.0030416774527568867,0.0022,-0.013600000000000001,0.0039000000000000003,0.0001,-0.0037,0.002941677452756887,0.0015744342140093651,0.7739957849684358
2018-07-25,-0.001088242252188375,0.0083,-0.0043,-0.0106,0.0001,0.0109,-0.001188242252188375,-0.001752210429624819,0.772243574538811
2018-07-26,-0.005020841227737705,-0.0021,0.0064,0.0058,0.0001,-0.0098,-0.0051208412277377055,-0.004876378366353265,0.7673671961724577
2018-07-27,-0.0006621484770584971,-0.008199999999999999,-0.0138,0.0106,0.0001,-0.013300000000000001,-0.0007621484770584971,-0.0014894391820025647,0.7658777569904551
2018-07-30,-0.0056514791285030026,-0.006999999999999999,-0.0022,0.0159,0.0001,-0.014199999999999999,-0.005751479128503003,-0.00601756040368184,0.7598601965867733
2018-07-31,-0.012386328002508537,0.0051,0.0084,-0.011000000000000001,0.0001,0.0007000000000000001,-0.012486328002508536,-0.012059613688717982,0.7478005828980553
2018-08-01,0.0002778218764883107,-0.0013,0.0006,-0.0022,0.0001,0.0111,0.00017782187648831069,0.000670111882426893,0.7484706947804822
2018-08-02,-0.003950147028352039,0.0067,0.0033,-0.006500000000000001,0.0001,0.0083,-0.004050147028352039,-0.0041267527624005715,0.7443439420180816
2018-08-03,0.0061744514918272275,0.0031,-0.010700000000000001,0.0051,0.0001,-0.008,0.006074451491827227,0.004675738504816155,0.7490196805228978
2018-08-06,0.0023974380405231838,0.0046,0.0026,-0.0033,0.0001,0.0034999999999999996,0.002297438040523184,0.002180255630765894,0.7511999361536636
2018-08-07,0.002593572679279102,0.0029,0.0003,-0.0015,0.0001,0.0028000000000000004,0.002493572679279102,0.0023217850432543357,0.753521721196918
2018-08-08,-0.0031602629758996554,-0.0004,-0.0013,0.0026,0.0001,0.0032,-0.0032602629758996552,-0.0033262111128880916,0.7501955100840298
2018-08-09,-0.002511636076227351,-0.0005,0.0037,-0.0034999999999999996,0.0001,0.0008,-0.002611636076227351,-0.0021711266021111767,0.7480243834819187
2018-08-10,-0.004688160304268228,-0.006,0.004,-0.0021,0.0001,0.0072,-0.004788160304268228,-0.003660162245399618,0.744364221236519
2018-08-13,-0.005134827932402464,-0.0046,-0.0014000000000000002,-0.0029,0.0001,-0.0001,-0.005234827932402464,-0.004750779134485574,0.7396134421020334
2018-08-14,0.0023650541028354135,0.0069,0.003,0.0022,0.0001,0.0039000000000000003,0.0022650541028354136,0.0017546676588287664,0.7413681097608622
2018-08-16,-0.004368574647187763,0.0086,-0.0007000000000000001,0.0026,0.0001,-0.0038,-0.004468574647187763,-0.005588593900918398,0.7357795158599438
2018-08-17,0.0053232006913480024,0.003,0.0009,0.0001,0.0001,-0.0034000000000000002,0.005223200691348002,0.0048928774352479075,0.7406723932951917
2018-08-20,0.0027737899009234045,0.0025,0.0012,0.0014000000000000002,0.0001,0.0015,0.0026737899009234047,0.0024778229396675614,0.7431502162348593
2018-08-21,0.005669214793866794,0.0033,0.009000000000000001,0.0014000000000000002,0.0001,0.0017000000000000001,0.005569214793866794,0.005823281954327223,0.7489734981891866
2018-08-22,-0.00028120372770688444,0.0005,0.0037,-0.0034999999999999996,0.0001,0.0098,-0.00038120372770688443,0.00014917506483340338,0.7491226732540199
2018-08-23,0.0017887829683249637,-0.0019,-0.0005,-0.0033,0.0001,0.0064,0.0016887829683249636,0.0021051973415899426,0.7512278705956099
2018-08-24,-0.0005440123543452142,0.0062,-0.0002,-0.0058,0.0001,0.0029,-0.0006440123543452142,-0.00104656455323385,0.7501813060423761
2018-08-28,0.013493582427615808,-0.0001,-0.0011,-0.0023,0.0001,0.002,0.013393582427615808,0.013451234607035525,0.7636325406494117
2018-08-29,-0.00023388165588204019,0.005600000000000001,-0.0004,-0.005699999999999999,0.0001,0.0044,-0.0003338816558820402,-0.0006580889215428642,0.7629744517278688
2018-08-30,0.0055018368337145145,-0.0040999999999999995,0.0029,-0.0042,0.0001,0.0028000000000000004,0.005401836833714514,0.006232567112411668,0.7692070188402805
2018-08-31,-0.005118439306856478,0.0008,0.005,-0.0038,0.0001,0.0028000000000000004,-0.005218439306856479,-0.0047724204994840065,0.7644345983407965
2018-09-04,-0.0039578523443331804,-0.0011,-0.0037,0.0001,0.0001,0.0072,-0.004057852344333181,-0.0040414187678361885,0.7603931795729604
2018-09-05,-0.006443995189877826,-0.0040999999999999995,-0.0018,0.0067,0.0001,-0.0146,-0.0065439951898778265,-0.0067811991087139215,0.7536119804642465
2018-09-06,-0.009095015282607638,-0.0044,-0.0034000000000000002,-0.0025,0.0001,0.0004,-0.009195015282607638,-0.008870567497990183,0.7447414129662563
2018-09-07,0.0018542858786616315,-0.0018,0.0011,-0.0022,0.0001,-0.0024,0.0017542858786616315,0.002040898125430097,0.7467823110916864
2018-09-10,-0.001652074811601702,0.0023,0.0012,-0.0036,0.0001,-0.0004,-0.001752074811601702,-0.0017973355768278834,0.7449849755148584
2018-09-11,0.005973239885313864,0.0037,-0.003,-0.0024,0.0001,0.0083,0.005873239885313864,0.005543278573376921,0.7505282540882353
2018-09-12,0.003355940850992699,0.0003,-0.0006,-0.0023,0.0001,-0.0083,0.003255940850992699,0.003082800041414847,0.7536110541296501
2018-09-13,0.005076253391840301,0.0045000000000000005,-0.0044,-0.0039000000000000003,0.0001,0.0019,0.004976253391840301,0.004380193132810389,0.7579912472624605
2018-09-14,0.005656863472014432,0.0012,0.0027,0.0025,0.0001,-0.0016,0.0055568634720144314,0.005494356707592798,0.7634856039700533
2018-09-17,-0.0035086045381999753,-0.0072,-0.0046,0.0085,0.0001,-0.013300000000000001,-0.003608604538199975,-0.0037443474961002103,0.7597412564739531
2018-09-18,-0.0036819908864197982,0.005699999999999999,0.0005,-0.0048,0.0001,0.0033,-0.003781990886419798,-0.00411012382398997,0.7556311326499631
2018-09-19,0.0027869876507616393,0.0005,-0.0067,0.0128,0.0001,-0.011200000000000002,0.0026869876507616395,0.0015000567523857605,0.7571311894023488
2018-09-20,-0.00202562304244217,0.0077,0.0031,-0.0023,0.0001,-0.002,-0.0021256230424421697,-0.0026869471857023123,0.7544442422166465
2018-09-21,0.011152627305821968,-0.0013,-0.0042,0.0031,0.0001,-0.0034000000000000002,0.011052627305821969,0.010724271587035443,0.765168513803682
2018-09-24,0.000789988301266139,-0.0031,0.0005,-0.0089,0.0001,0.013300000000000001,0.000689988301266139,0.0016406861101709107,0.7668091999138529
2018-09-25,-0.0026355291763000667,-0.0005,0.0027,-0.0038,0.0001,0.0126,-0.0027355291763000666,-0.002097402338692721,0.7647117975751602
2018-09-26,-0.000916871737428708,-0.004,-0.0038,-0.0062,0.0001,0.0013,-0.001016871737428708,-0.0006156161704367194,0.7640961814047235
2018-09-27,0.002030223930669404,0.0027,-0.0027,-0.0054,0.0001,0.0021,0.0019302239306694037,0.0016938371723947785,0.7657900185771183
2018-09-28,-0.00020736311874128304,-0.0003,0.004,-0.0019,0.0001,0.0028000000000000004,-0.00030736311874128303,0.00012114464368362594,0.7659111632208019
2018-10-01,0.0014604848118221227,0.0016,-0.0163,0.0036,0.0001,-0.0012,0.0013604848118221227,-6.284586281820161e-05,0.7658483173579836
2018-10-02,-0.003546650098374248,-0.0021,-0.0098,0.005699999999999999,0.0001,-0.0109,-0.003646650098374248,-0.004522429100772115,0.7613258882572115
2018-10-03,5.629021502864405e-05,0.002,0.0085,0.005,0.0001,0.0013,-4.370978497135595e-05,0.00018101718571760113,0.7615069054429291
2018-10-04,-0.010452071579804153,-0.009300000000000001,-0.0106,0.0158,0.0001,-0.0084,-0.010552071579804152,-0.011018482519315455,0.7504884229236136
2018-10-05,-0.01570369073924181,-0.0064,-0.0042,0.0037,0.0001,0.0007000000000000001,-0.01580369073924181,-0.015529272844450754,0.7349591500791629
2018-10-08,-0.008908408755489889,-0.0018,-0.0040999999999999995,0.0124,0.0001,-0.0125,-0.009008408755489888,-0.009792186314058766,0.7251669637651041
2018-10-09,-0.012177509060246134,-0.0018,-0.0029,0.0028000000000000004,0.0001,0.0045000000000000005,-0.012277509060246133,-0.012284049336767862,0.7128829144283363
2018-10-10,0.0023792550752143675,-0.0333,0.0029,0.0109,0.0001,-0.015700000000000002,0.0022792550752143677,0.005254592865100088,0.7181375072934364
2018-10-11,-0.0316179035246262,-0.0196,0.0046,-0.0092,0.0001,0.0043,-0.0317179035246262,-0.028943751154002467,0.6891937561394339
2018-10-12,-0.0054682127972084105,0.0139,-0.0087,-0.0175,0.0001,0.0175,-0.005568212797208411,-0.006639366283976093,0.6825543898554578
2018-10-15,0.006871672342106776,-0.0048,0.0091,0.0052,0.0001,-0.0097,0.0067716723421067755,0.007505124659967966,0.6900595145154258
2018-10-16,0.0007567512016929424,0.0225,0.0069,-0.014499999999999999,0.0001,0.009899999999999999,0.0006567512016929423,-0.0005236386081009856,0.6895358759073248
2018-10-17,0.018853128573762465,-0.0009,-0.0067,0.0023,0.0001,-0.0018,0.018753128573762465,0.018275059175492703,0.7078109350828174
2018-10-18,0.0036926065404033668,-0.0154,-0.0054,0.0042,0.0001,-0.0015,0.003592606540403367,0.004664259611966436,0.7124751946947839
2018-10-19,-0.012228409713346764,-0.0024,-0.013300000000000001,0.006999999999999999,0.0001,-0.005600000000000001,-0.012328409713346764,-0.013340136227199411,0.6991350584675845
2018-10-22,0.008036007227323335,-0.0038,0.0048,-0.0126,0.0001,0.0125,0.007936007227323336,0.00936113649052007,0.7084961949581046
2018-10-23,-0.007362244430182394,-0.0062,-0.0009,-0.0042,0.0001,-0.0037,-0.007462244430182394,-0.006809993490884968,0.7016862014672196
2018-10-24,-0.0036760970563515555,-0.0333,-0.009300000000000001,0.0076,0.0001,-0.0040999999999999995,-0.0037760970563515553,-0.0012653617208166512,0.7004208397464029
2018-10-25,-0.020524895938592105,0.019299999999999998,0.0042,-0.006,0.0001,0.0101,-0.020624895938592104,-0.021939278863045315,0.6784815608833575
2018-10-26,0.011447636174341068,-0.0165,0.005699999999999999,0.0034999999999999996,0.0001,-0.0016,0.011347636174341069,0.013309956357579459,0.691791517240937
2018-10-29,-0.007766844929794289,-0.0076,-0.0032,0.0161,0.0001,-0.0113,-0.007866844929794288,-0.008082027343323408,0.6837094898976136
2018-10-30,-0.008827315637834888,0.0166,0.0042,0.0009,0.0001,0.0003,-0.008927315637834887,-0.010406443027527298,0.6733030468700864
2018-10-31,0.013915517348011648,0.0121,-0.006500000000000001,-0.0074,0.0001,0.008,0.013815517348011648,0.012531795344219235,0.6858348422143056
2018-11-02,0.022869530128283373,-0.0053,0.008,0.0067,0.0001,-0.0008,0.022769530128283373,0.023621983757597144,0.7094568259719027
2018-11-05,-0.004458797409126811,0.004,-0.0102,0.015700000000000002,0.0001,-0.0013,-0.004558797409126811,-0.00623515438916388,0.7032216715827388
2018-11-06,0.001907623120023566,0.005699999999999999,-0.0016,0.0002,0.0001,-0.0015,0.001807623120023566,0.0010622376281401217,0.704283909210879
2018-11-07,0.006406423900146186,0.0212,-0.0033,-0.0105,0.0001,0.0169,0.006306423900146186,0.004584544319777332,0.7088684535306563
2018-11-08,0.01258962395638648,-0.0028000000000000004,-0.0025,0.0025,0.0001,0.0039000000000000003,0.01248962395638648,0.012612332277236913,0.7214807858078932
2018-11-09,0.0009567391441697729,-0.0104,-0.0086,0.0040999999999999995,0.0001,0.0004,0.0008567391441697728,0.0012315523350713,0.7227123381429645
2018-11-12,-0.008936058936509794,-0.0206,0.0002,0.0084,0.0001,-0.003,-0.009036058936509793,-0.007215097850116182,0.7154972402928483
2018-11-13,-0.014348364086326762,-0.0013,-0.0011,0.0016,0.0001,-0.0087,-0.014448364086326762,-0.014629649627927769,0.7008675906649205
2018-11-14,-4.153935623235524e-05,-0.0078000000000000005,0.0002,-0.0027,0.0001,-0.0069,-0.00014153935623235523,0.0006326300358035009,0.701500220700724
2018-11-15,-0.001781650842591557,0.0118,0.0034999999999999996,-0.0039000000000000003,0.0001,0.0054,-0.001881650842591557,-0.002630832727333723,0.6988693879733903
2018-11-16,0.010436173803677852,0.0015,0.0002,-0.0006,0.0001,0.0005,0.010336173803677852,0.01022383936832324,0.7090932273417135
2018-11-19,0.0051710567260346485,-0.018799999999999997,-0.0074,0.0232,0.0001,-0.0105,0.005071056726034648,0.005519418865316335,0.7146126462070299
2018-11-20,-0.018606535733471718,-0.018500000000000003,0.0015,-0.0054,0.0001,-0.0074,-0.018706535733471717,-0.01664109047881954,0.6979715557282103
2018-11-21,-0.013967815110847123,0.0051,0.009899999999999999,-0.0033,0.0001,-0.0018,-0.014067815110847122,-0.013856440660503852,0.6841151150677065
2018-11-23,-0.0030299619144105484,-0.0055000000000000005,0.0083,-0.0060999999999999995,0.0001,0.0004,-0.0031299619144105483,-0.00177285902167559,0.6823422560460309
2018-11-26,0.004121228088333459,0.016200000000000003,-0.0066,-0.002,0.0001,0.001,0.0040212280883334586,0.0019650181573205748,0.6843072742033515
2018-11-27,0.009356522390996748,0.0011,-0.0108,0.0025,0.0001,0.0054,0.009256522390996749,0.00843937002262228,0.6927466442259738
2018-11-28,0.0020656265811326746,0.0242,0.0044,-0.0116,0.0001,0.01,0.001965626581132675,0.0003403845819823987,0.6930870288079561
2018-11-29,0.02151234968222504,-0.0022,-0.001,-0.0009,0.0001,0.0029,0.02141234968222504,0.021668546354442104,0.7147555751623983
2018-11-30,-0.003310357337202993,0.0079,-0.0032,-0.0044,0.0001,-0.0028000000000000004,-0.0034103573372029927,-0.0043659217084660255,0.7103896534539322
2018-12-03,0.006911142454160847,0.0113,-0.0005,-0.0078000000000000005,0.0001,0.0024,0.006811142454160847,0.005911160719149314,0.7163008141730816
2018-12-04,0.006529332291050104,-0.0346,-0.0096,-0.0022,0.0001,0.0068000000000000005,0.0064293322910501036,0.009626609460068,0.7259274236331495
2018-12-06,-0.008373623545416185,-0.0016,0.0013,-0.0106,0.0001,0.0053,-0.008473623545416184,-0.007740812387800538,0.718186611245349
2018-12-07,0.007378363597601198,-0.0236,0.002,0.013300000000000001,0.0001,-0.0054,0.007278363597601198,0.009316648655029534,0.7275032599003786
2018-12-10,-0.01842122213123056,0.001,-0.0011,-0.016399999999999998,0.0001,0.0078000000000000005,-0.018521222131230558,-0.017971627545282153,0.7095316323550964
2018-12-11,0.008371064053169822,-0.0008,-0.0005,-0.0042,0.0001,0.0073,0.008271064053169823,0.008622396966921967,0.7181540293220184
2018-12-12,0.004262340801338638,0.0068000000000000005,0.005699999999999999,-0.0017000000000000001,0.0001,-0.0006,0.004162340801338637,0.003881659938924353,0.7220356892609427
2018-12-13,0.004771888899688569,-0.0026,-0.0151,-0.002,0.0001,0.0048,0.004671888899688568,0.004091411813871638,0.7261271010748144
2018-12-14,-0.0015477594339622573,-0.0189,-0.0006,0.0049,0.0001,-0.0053,-0.0016477594339622573,1.0529415496744006e-05,0.7261376304903111
2018-12-17,-0.019773750645899434,-0.0213,-0.0025,0.0108,0.0001,-0.009899999999999999,-0.019873750645899434,-0.018393992712703984,0.7077436377776071
2018-12-18,-0.01565426938898456,-0.0003,0.0002,-0.006,0.0001,0.0028000000000000004,-0.015754269388984558,-0.01544366277665551,0.6922999750009515
2018-12-19,-0.0017165535048293773,-0.0158,-0.006,0.0002,0.0001,0.006500000000000001,-0.0018165535048293774,-0.0004339760862942738,0.6918659989146573
2018-12-20,-0.010297871932790812,-0.016200000000000003,-0.0028000000000000004,0.0097,0.0001,-0.0046,-0.010397871932790811,-0.00932082875910406,0.6825451701555532
2018-12-21,-0.015699483620560357,-0.0216,-0.005600000000000001,0.0077,0.0001,0.0039000000000000003,-0.015799483620560356,-0.014094300579733767,0.6684508695758193
2018-12-27,-0.005359241249440634,0.0078000000000000005,-0.0067,-0.0013,0.0001,0.0025,-0.005459241249440634,-0.0066332207478743506,0.661817648827945
2018-12-28,0.01288699288669629,-0.0003,0.0077,0.0025,0.0001,0.0009,0.01278699288669629,0.013275260806153898,0.675092909634099
2018-12-31,-0.00023913637605916873,0.009000000000000001,-0.0009,-0.0045000000000000005,0.0001,0.006500000000000001,-0.00033913637605916875,-0.0010492534934794114,0.6740436561406196
2019-01-02,0.00520368065216862,0.0022,0.0058,0.011399999999999999,0.0001,-0.023,0.00510368065216862,0.004379791986480511,0.6784234481271001
2019-01-03,-0.011455849573379953,-0.0245,0.0036,0.0118,0.0001,-0.0074,-0.011555849573379953,-0.009306609224653786,0.6691168389024463
2019-01-04,-0.014521374323302005,0.0355,0.004,-0.0069,0.0001,-0.0096,-0.014621374323302004,-0.018042824634000254,0.6510740142684461
2019-01-07,0.02645982672502314,0.009399999999999999,0.0101,-0.0075,0.0001,-0.0073,0.02635982672502314,0.02615858439222963,0.6772325986606758
2019-01-08,0.008998902454422796,0.0101,0.0052,-0.0063,0.0001,0.0013,0.008898902454422796,0.008436645525632601,0.6856692441863084
2019-01-09,0.012696915294536659,0.0052,0.0046,0.0011,0.0001,-0.008,0.01259691529453666,0.012153514375120373,0.6978227585614287
2019-01-10,-0.0007319217699200679,0.004,0.0003,-0.0045000000000000005,0.0001,-0.0033,-0.0008319217699200679,-0.0011484618556785852,0.6966742967057501
2019-01-11,0.006059424212013333,0.0,0.0012,0.0022,0.0001,-0.002,0.005959424212013333,0.005922460196145216,0.7025967569018953
2019-01-14,-0.005554898948114867,-0.006,-0.006,0.0095,0.0001,-0.005699999999999999,-0.005654898948114867,-0.0058812402311395956,0.6967155166707557
2019-01-15,-0.00386498692655093,0.0105,0.0,-0.009000000000000001,0.0001,0.0115,-0.00396498692655093,-0.004509311014592531,0.6922062056561632
2019-01-16,0.009697571311987807,0.0028000000000000004,0.0004,0.0092,0.0001,-0.0075,0.009597571311987808,0.00885463904641734,0.7010608447025806
2019-01-17,0.0004915653994678157,0.0078000000000000005,0.0011,-0.0024,0.0001,-0.0021,0.00039156539946781573,-0.0003147727113123506,0.7007460719912683
2019-01-18,0.011839015840470849,0.013000000000000001,-0.0037,0.0012,0.0001,-0.0084,0.01173901584047085,0.009902437543433996,0.7106485095347023
2019-01-22,0.00012959303159742049,-0.0152,-0.0039000000000000003,0.003,0.0001,0.009399999999999999,2.959303159742048e-05,0.0014589142680708387,0.7121074238027731
2019-01-23,-0.0065019505851755255,0.0016,-0.0038,-0.0015,0.0001,0.0098,-0.006601950585175526,-0.006764407295933192,0.70534301650684
2019-01-24,0.004248104190344908,0.0023,0.0044,0.0,0.0001,-0.009899999999999999,0.004148104190344908,0.003991587640535348,0.7093346041473753
2019-01-25,-0.004415666338893041,0.009000000000000001,0.0046,-0.0034000000000000002,0.0001,-0.013500000000000002,-0.004515666338893041,-0.005322601914139688,0.7040120022332356
2019-01-28,0.0055207692737741275,-0.008,-0.0016,0.0063,0.0001,-0.0009,0.005420769273774127,0.005915970765790376,0.709927972999026
2019-01-29,-0.00024093147816088383,-0.0019,-0.0001,0.0019,0.0001,-0.0024,-0.0003409314781608838,-0.000265400058875866,0.7096625729401501
2019-01-30,-0.0028918744815249185,0.0151,-0.0015,-0.009399999999999999,0.0001,0.0009,-0.0029918744815249183,-0.0043358441053462995,0.7053267288348039
2019-01-31,0.020743377968236595,0.0091,0.0011,-0.0111,0.0001,0.0032,0.020643377968236596,0.02021269140597151,0.7255394202407753
2019-02-01,0.002504371266210099,0.0013,-0.0012,0.0043,0.0001,-0.0053,0.0024043712662100993,0.001925057971072746,0.7274644782118481
2019-02-04,0.001925819608840632,0.0073,0.0048,-0.004699999999999999,0.0001,-0.0012,0.001825819608840632,0.0015211518025078363,0.728985630014356
2019-02-05,0.008105535155718708,0.0043,-0.0007000000000000001,-0.0060999999999999995,0.0001,0.0009,0.008005535155718708,0.007735181164710962,0.736720811179067
2019-02-06,0.010158378976337557,-0.0021,-0.0001,0.0006,0.0001,-0.003,0.010058378976337557,0.010186314383732421,0.7469071255627994
2019-02-07,-0.003525688110151051,-0.009300000000000001,-0.0013,0.0038,0.0001,0.0068000000000000005,-0.0036256881101510508,-0.002721863221843027,0.7441852623409564
2019-02-08,-0.0044137684558511765,0.001,0.0005,-0.0068000000000000005,0.0001,0.0073,-0.004513768455851177,-0.004194380565230877,0.7399908817757255
2019-02-11,0.006008337184831555,0.0014000000000000002,0.0066,0.0023,0.0001,-0.0011,0.005908337184831555,0.0061072981151893205,0.7460981798909148
2019-02-12,0.001253367589073936,0.013600000000000001,0.0002,-0.0016,0.0001,-0.005,0.0011533675890739359,-0.0003120992987282875,0.7457860805921864
2019-02-13,0.012099235110946752,0.0028000000000000004,0.0006,0.0007000000000000001,0.0001,-0.0038,0.011999235110946752,0.01164035399151511,0.7574264345837015
2019-02-14,0.002865405184138642,-0.002,0.0053,-0.0059,0.0001,0.0019,0.002765405184138642,0.0035775735644658028,0.7610040081481673
2019-02-15,-0.001540527729499127,0.0113,0.0024,0.0048,0.0001,-0.0046,-0.001640527729499127,-0.0029255705697767433,0.7580784375783906
2019-02-19,-0.002238575657337128,0.0019,0.0029,0.0031,0.0001,-0.0042,-0.0023385756573371277,-0.002537622815065014,0.7555408147633256
2019-02-20,0.0022131026130293736,0.0019,0.0021,0.005600000000000001,0.0001,-0.0039000000000000003,0.0021131026130293737,0.0017808092277874377,0.757321623991113
2019-02-21,0.001708324277331049,-0.0037,-0.0006,-0.0023,0.0001,0.0044,0.001608324277331049,0.0021291927081640615,0.759450816699277
2019-02-22,-0.001453721744639676,0.006500000000000001,0.0055000000000000005,-0.0147,0.0001,0.0024,-0.001553721744639676,-0.0013074460941310028,0.758143370605146
2019-02-25,0.010334277817372712,0.0015,-0.0026,-0.0018,0.0001,-0.0063,0.010234277817372713,0.00982574719778617,0.7679691178029322
2019-02-26,0.0001376426967645212,-0.0016,-0.0063,-0.0033,0.0001,0.0021,3.7642696764521205e-05,-6.418553574199407e-05,0.7679049322671903
2019-02-27,-0.0018235147386439184,0.001,0.002,-0.0012,0.0001,0.0045000000000000005,-0.0019235147386439185,-0.0017542021853772603,0.766150730081813
2019-02-28,0.0010943841719303904,-0.0031,0.0002,-0.0027,0.0001,0.006999999999999999,0.0009943841719303903,0.0015765858287187613,0.7677273159105318
2019-03-01,0.0024360011706577867,0.0072,0.0029,-0.0040999999999999995,0.0001,-0.0024,0.002336001170657787,0.0018663592709711905,0.769593675181503
2019-03-04,0.005723142447427032,-0.0052,-0.0040999999999999995,0.0038,0.0001,-0.0051,0.005623142447427031,0.005649681972919015,0.775243357154422
2019-03-05,-0.004823967862982369,-0.0017000000000000001,-0.0031,-0.0022,0.0001,0.004699999999999999,-0.004923967862982369,-0.004779399007743253,0.7704639581466788
2019-03-06,-0.0008536485970564055,-0.0084,-0.0126,0.0005,0.0001,0.0075,-0.0009536485970564056,-0.0007834514229615211,0.7696805067237172
2019-03-07,-0.0014339810577111587,-0.008199999999999999,-0.0006,-0.0034000000000000002,0.0001,0.0051,-0.0015339810577111588,-0.0004886937744824908,0.7691918129492348
2019-03-08,-0.006599766106009057,-0.0022,0.0006,-0.0017000000000000001,0.0001,0.0014000000000000002,-0.006699766106009058,-0.006340054280872348,0.7628517586683624
2019-03-11,0.0003851996762591733,0.0149,0.0036,-0.0053,0.0001,-0.0034000000000000002,0.0002851996762591733,-0.0009246624388071568,0.7619270962295552
2019-03-12,0.009955091763362156,0.0025,-0.0028000000000000004,-0.0007000000000000001,0.0001,-0.0006,0.009855091763362156,0.009413880231742873,0.7713409764612981
2019-03-13,0.00573169007749336,0.0067,-0.0032,0.0008,0.0001,-0.0021,0.00563169007749336,0.004639375432752762,0.7759803518940508
2019-03-14,0.006631825093599589,-0.001,-0.004,0.003,0.0001,0.0021,0.006531825093599589,0.006307995662214916,0.7822883475562658
2019-03-15,0.004785600040620448,0.0048,-0.0025,-0.0025,0.0001,-0.0016,0.004685600040620448,0.004063541345087064,0.7863518889013528
2019-03-18,0.00589139452129776,0.0046,0.0015,0.0044,0.0001,-0.0059,0.005791394521297759,0.005133089020697213,0.79148497792205
2019-03-19,0.0011512827382947372,-0.0009,-0.0038,-0.0092,0.0001,0.0048,0.0010512827382947371,0.00130581429284265,0.7927907922148926
2019-03-20,0.0031655229803586055,-0.0037,0.0001,-0.0106,0.0001,0.005699999999999999,0.0030655229803586057,0.003945638025970497,0.796736430240863
2019-03-21,-0.00195918231233537,0.011000000000000001,0.003,-0.0123,0.0001,-0.0002,-0.00205918231233537,-0.0025925778804917,0.7941438523603713
2019-03-22,0.008040062482771402,-0.0217,-0.0151,-0.0008,0.0001,0.0101,0.007940062482771402,0.00943529895274457,0.8035791513131159
2019-03-25,-0.013905059436256861,-0.0005,0.0066,-0.0026,0.0001,0.0066,-0.01400505943625686,-0.013272946068026523,0.7903062052450893
2019-03-26,0.005819449988445157,0.0076,0.0017000000000000001,0.0046,0.0001,-0.0045000000000000005,0.005719449988445157,0.004783713806568198,0.7950899190516575
2019-03-27,0.00698888796056483,-0.005,0.001,0.0051,0.0001,-0.0038,0.00688888796056483,0.007224419290180238,0.8023143383418377
2019-03-28,-0.0018917001655237773,0.004,0.0034000000000000002,0.0002,0.0001,-0.0018,-0.0019917001655237773,-0.0022259170038269153,0.8000884213380108
2019-03-29,0.004039950622825756,0.0066,-0.0023,-0.0092,0.0001,-0.0004,0.003939950622825756,0.0033976827514153604,0.8034861040894262
2019-04-01,0.007993575334583542,0.011899999999999999,-0.0031,0.009899999999999999,0.0001,-0.0095,0.007893575334583543,0.005891972232073055,0.8093780763214993
2019-04-02,0.004969199178644709,-0.0005,-0.0013,-0.0044,0.0001,0.0024,0.004869199178644709,0.005035607913401526,0.8144136842349008
2019-04-03,-0.00023292877283318731,0.0027,0.0021,-0.0039000000000000003,0.0001,-0.0006,-0.00033292877283318733,-0.00035308992801667225,0.8140605943068842
2019-04-04,0.000441441551912288,0.0019,0.002,0.009399999999999999,0.0001,-0.0131,0.000341441551912288,-0.0003264979361389635,0.8137340963707452
2019-04-05,-0.0033951487369310545,0.0053,0.0053,-0.0007000000000000001,0.0001,-0.0066,-0.0034951487369310544,-0.003809718102306006,0.8099243782684392
2019-04-08,0.00366498585659811,0.0008,-0.0029,0.001,0.0001,-0.0019,0.0035649858565981103,0.003208970822373823,0.813133349090813
2019-04-09,0.0005064862921937014,-0.006500000000000001,-0.005600000000000001,-0.0015,0.0001,0.0098,0.00040648629219370143,0.0009708660099213215,0.8141042151007344
2019-04-10,-0.004335614089521089,0.0048,0.0097,-0.0011,0.0001,-0.0018,-0.004435614089521089,-0.004281543186279925,0.8098226719144545
2019-04-11,0.0037148503809156107,0.0,-0.0031,0.004,0.0001,-0.0011,0.003614850380915611,0.003243912699211818,0.8130665846136663
2019-04-12,-0.0035254420079086665,0.0064,-0.0051,0.0066,0.0001,-0.011000000000000001,-0.0036254420079086663,-0.0051060114001420884,0.8079605732135242
2019-04-15,0.0033411361502731674,-0.0009,-0.0021,-0.0055000000000000005,0.0001,0.008199999999999999,0.0032411361502731675,0.0035582108053253663,0.8115187840188496
2019-04-16,0.0004739646324323124,0.0013,0.0012,0.0070999999999999995,0.0001,-0.0087,0.0003739646324323124,-0.0001116275460325203,0.811407156472817
2019-04-17,-0.006918238993710673,-0.0032,-0.006999999999999999,0.0084,0.0001,-0.0083,-0.007018238993710673,-0.007624627695355457,0.8037825287774616
2019-04-18,-0.0027018579900150367,0.0011,-0.0025,-0.005,0.0001,-0.0005,-0.0028018579900150366,-0.002926864994004194,0.8008556637834574
2019-04-23,0.0034679125310812958,0.0097,0.0072,-0.0049,0.0001,0.0026,0.003367912531081296,0.003063654972221199,0.8039193187556786
2019-04-24,0.002802547770700529,-0.0022,0.0028000000000000004,-0.0008,0.0001,0.0042,0.002702547770700529,0.0032414420307125182,0.8071607607863911
2019-04-25,-0.003515932336742681,-0.0014000000000000002,-0.0075,-0.0021,0.0001,0.0138,-0.0036159323367426807,-0.00360810200138037,0.8035526587850107
2019-04-26,0.006464506896296462,0.0053,0.0043,0.0006,0.0001,0.0012,0.006364506896296461,0.006106356379515941,0.8096590151645267
2019-04-29,0.002014333227100845,0.0018,0.0009,0.006500000000000001,0.0001,-0.0045000000000000005,0.0019143332271008451,0.0014673194112875666,0.8111263345758142
2019-04-30,0.003017464595761607,-0.0004,-0.0069,0.0027,0.0001,0.0034000000000000002,0.002917464595761607,0.002472226351396124,0.8135985609272103
2019-05-02,-0.00590294293415288,-0.0016,0.0045000000000000005,-0.0028000000000000004,0.0001,0.004699999999999999,-0.00600294293415288,-0.005332369630410756,0.8082661912967996
2019-05-03,-0.0017584970166893332,0.0113,0.009300000000000001,-0.0027,0.0001,-0.0026,-0.0018584970166893333,-0.0023755502951232324,0.8058906410016763
2019-05-07,0.005100431385883382,-0.0169,-0.0028000000000000004,0.0049,0.0001,0.0027,0.005000431385883382,0.006472773047946053,0.8123634140496223
2019-05-08,-0.011852842155032456,-0.0021,-0.0016,-0.0031,0.0001,0.0014000000000000002,-0.011952842155032456,-0.01170514038872421,0.8006582736608981
2019-05-10,0.001043582995784332,0.0034999999999999996,-0.0037,0.0006,0.0001,0.006,0.000943582995784332,0.0004348008116334287,0.8010930744725315
2019-05-13,0.0018913250400721757,-0.0265,-0.0073,0.0028000000000000004,0.0001,0.0097,0.0017913250400721757,0.004187602186978779,0.8052806766595103
2019-05-14,-0.014768904279733082,0.0091,0.0040999999999999995,-0.0002,0.0001,-0.0054,-0.014868904279733081,-0.015654387419965235,0.789626289239545
2019-05-15,0.005656321095364338,0.0058,0.0005,-0.0096,0.0001,0.0038,0.0055563210953643374,0.005392531768311791,0.7950188210078568
2019-05-16,0.0108048648873022,0.0091,-0.0039000000000000003,-0.0033,0.0001,0.0045000000000000005,0.0107048648873022,0.009696320634799466,0.8047151416426562
2019-05-17,0.006459614065778948,-0.0070999999999999995,-0.008,0.0028000000000000004,0.0001,0.0046,0.006359614065778948,0.006564530690160645,0.8112796723328168
2019-05-20,-0.0038761903984724714,-0.006500000000000001,-0.0023,0.0073,0.0001,0.0034000000000000002,-0.003976190398472471,-0.003626894476341618,0.8076527778564753
2019-05-21,-0.0012902644427695072,0.009000000000000001,0.0043,-0.0034000000000000002,0.0001,-0.0063,-0.0013902644427695073,-0.0020618162581359147,0.8055909615983393
2019-05-22,0.004769892667161523,-0.004,-0.0051,-0.0062,0.0001,0.0132,0.004669892667161522,0.0052403103779821636,0.8108312719763214
2019-05-23,-0.0013225353492472608,-0.0137,-0.0069,-0.0027,0.0001,0.011899999999999999,-0.0014225353492472608,-0.00010528103023815707,0.8107259909460833
2019-05-24,-0.0014918662633859314,0.0023,0.005,0.003,0.0001,0.0005,-0.0015918662633859315,-0.001585178566751498,0.8091408123793319
2019-05-28,0.0010315397367935534,-0.0078000000000000005,0.0029,-0.0063,0.0001,0.0105,0.0009315397367935534,0.00238842654457801,0.8115292389239099
2019-05-29,-0.008256081653015512,-0.0070999999999999995,-0.0029,0.0040999999999999995,0.0001,-0.0040999999999999995,-0.008356081653015511,-0.008037530854430942,0.803491708069479
2019-05-31,-0.006077648766328056,-0.0137,-0.0022,-0.0011,0.0001,0.0058,-0.0061776487663280566,-0.004727924356157108,0.7987637837133219
2019-06-03,-0.0057704912592198895,-0.0034000000000000002,0.0018,0.0168,0.0001,-0.012199999999999999,-0.00587049125921989,-0.006229841446336945,0.7925339422669849
2019-06-04,-0.007819312951936688,0.0232,0.0043,-0.0003,0.0001,-0.011399999999999999,-0.007919312951936687,-0.010295558220049399,0.7822383840469356
2019-06-05,0.01559365656106881,0.006999999999999999,-0.0098,-0.0097,0.0001,0.0171,0.015493656561068811,0.014795911867067428,0.797034295914003
2019-06-06,0.011528093516689703,0.0055000000000000005,-0.0104,0.0002,0.0001,0.0066,0.011428093516689703,0.010281435978187464,0.8073157318921904
2019-06-07,0.006787265485240393,0.0104,0.0004,-0.011899999999999999,0.0001,0.0034999999999999996,0.0066872654852403925,0.0061066123023493625,0.8134223441945397
2019-06-11,0.017849954663554785,-0.0012,-0.0026,0.005699999999999999,0.0001,-0.004699999999999999,0.017749954663554786,0.017402785084964827,0.8308251292795046
2019-06-12,-0.0018775291716101848,-0.002,0.0042,-0.01,0.0001,0.0143,-0.001977529171610185,-0.0008317125176914963,0.829993416761813
2019-06-13,0.0004442505573142852,0.0052,0.0066,-0.0004,0.0001,-0.013999999999999999,0.0003442505573142852,-4.190478059807229e-05,0.829951511981215
2019-06-14,-0.002760331239748732,-0.0027,-0.0078000000000000005,0.003,0.0001,0.009000000000000001,-0.002860331239748732,-0.003014697050345177,0.8269368149308698
2019-06-17,-0.0028642490372272375,0.0015,0.0064,-0.0113,0.0001,-0.0028000000000000004,-0.0029642490372272373,-0.0023614296563089026,0.8245753852745609
2019-06-18,0.007873160448331576,0.0104,0.0016,0.0034999999999999996,0.0001,-0.0098,0.007773160448331575,0.006460073517200582,0.8310354587917614
2019-06-19,0.001037828862020645,0.0032,0.0011,-0.006,0.0001,0.0079,0.0009378288620206449,0.0010529924094456265,0.8320884512012071
2019-06-20,0.008928037386904234,0.009000000000000001,-0.0037,-0.0022,0.0001,-0.0038,0.008828037386904235,0.0076264212086395375,0.8397148724098467
2019-06-21,0.0034581973109058554,-0.0021,-0.004699999999999999,-0.0003,0.0001,-0.0007000000000000001,0.0033581973109058556,0.0032543316152264102,0.842969204025073
2019-06-24,0.001957486697361444,-0.0034999999999999996,-0.009000000000000001,0.0008,0.0001,0.0073,0.0018574866973614438,0.0017439020310432217,0.8447131060561163
2019-06-25,0.0009394875665307022,-0.0098,0.0034000000000000002,0.0072,0.0001,-0.0040999999999999995,0.0008394875665307021,0.0017628546573089578,0.8464759607134252
2019-06-26,-0.00691976295295588,-0.0007000000000000001,-0.0005,0.0027,0.0001,-0.019,-0.007019762952955881,-0.007483601760663943,0.8389923589527613
2019-06-27,-0.006426201501951504,0.0059,0.014199999999999999,-0.001,0.0001,-0.0002,-0.006526201501951504,-0.0061507206007478344,0.8328416383520134
2019-06-28,0.004262754431911317,0.0068000000000000005,0.0063,0.0062,0.0001,-0.0054,0.004162754431911317,0.003549042472558125,0.8363906808245716
2019-07-01,0.005893380152744429,0.0075,-0.0053,-0.0013,0.0001,0.0038,0.005793380152744429,0.004774018444033019,0.8411646992686046
2019-07-02,0.003813966682952129,0.0014000000000000002,-0.008100000000000001,-0.008100000000000001,0.0001,0.0176,0.0037139666829521293,0.003674778996528256,0.8448394782651328
2019-07-03,0.008258364341450391,0.0079,-0.0004,-0.0032,0.0001,0.0021,0.008158364341450392,0.007457895037852475,0.8522973733029853
2019-07-05,-0.0016585354511952587,-0.001,0.0016,0.0091,0.0001,-0.0028000000000000004,-0.0017585354511952588,-0.0019165916209953286,0.8503807816819899
2019-07-08,-0.004615127837876653,-0.0058,-0.0045000000000000005,0.0006,0.0001,0.0062,-0.004715127837876653,-0.00429907014375804,0.8460817115382319
2019-07-09,-0.0038995172397657723,0.0019,-0.0015,-0.0043,0.0001,0.0025,-0.0039995172397657725,-0.00409950914834962,0.8419822023898822
2019-07-10,7.829566007137976e-06,0.004,-0.0015,-0.0036,0.0001,-0.0009,-9.217043399286203e-05,-0.0005097521480734244,0.8414724502418087
2019-07-11,0.00803698658022898,0.0019,-0.0079,0.0004,0.0001,0.0026,0.007936986580228981,0.007244051294030516,0.8487165015358392
2019-07-12,0.0005708804374419009,0.0053,0.0018,0.0040999999999999995,0.0001,-0.0092,0.0004708804374419009,-0.0003015669034333247,0.8484149346324059
2019-07-15,-1.9406623092283722e-05,-0.0005,-0.0034999999999999996,-0.0106,0.0001,0.0073,-0.00011940662309228373,0.00021548123267637682,0.8486304158650823
2019-07-16,0.00033768179506988617,-0.0032,0.0034999999999999996,0.0011,0.0001,0.0005,0.00023768179506988618,0.0007839617340862656,0.8494143775991685
2019-07-17,0.0008769002739343574,-0.0064,-0.0014000000000000002,-0.006500000000000001,0.0001,0.0088,0.0007769002739343574,0.0017651588396927326,0.8511795364388612
2019-07-18,-0.003233159657610758,0.0034999999999999996,-0.0029,0.0001,0.0001,0.0028000000000000004,-0.003333159657610758,-0.0038397662079788985,0.8473397702308824
2019-07-19,0.005802783157927506,-0.005699999999999999,0.0016,0.0086,0.0001,-0.01,0.005702783157927506,0.005898714567327069,0.8532384847982094
2019-07-22,-0.004988206179188792,0.0025,-0.0044,-0.0048,0.0001,0.002,-0.005088206179188792,-0.0054417110696038185,0.8477967737286056
2019-07-23,0.0015661433234883415,0.0064,-0.0023,0.008,0.0001,-0.0078000000000000005,0.0014661433234883414,0.00019706058462100697,0.8479938343132266
2019-07-24,0.002440604835424043,0.0066,0.0075,0.0086,0.0001,-0.0075,0.0023406048354240433,0.0017018959487068684,0.8496957302619335
2019-07-25,-0.003936489750418074,-0.0063,-0.0066,-0.0011,0.0001,0.015300000000000001,-0.004036489750418074,-0.0034556574137814032,0.8462400728481521
2019-07-26,-0.004387277284473538,0.008199999999999999,0.0039000000000000003,-0.0019,0.0001,0.0028000000000000004,-0.004487277284473538,-0.004956530341337126,0.8412835425068149
2019-07-29,0.0054838684496069335,-0.0032,-0.0034000000000000002,-0.0046,0.0001,0.0044,0.005383868449606933,0.005740814859435229,0.8470243573662501
2019-07-30,-0.00365279432943459,-0.0017000000000000001,0.0137,0.0088,0.0001,-0.013600000000000001,-0.0037527943294345897,-0.0032393503057436654,0.8437850070605065
2019-07-31,-0.008812872560096706,-0.011000000000000001,0.0012,0.0062,0.0001,0.0011,-0.008912872560096706,-0.007866429488429817,0.8359185775720767
2019-08-01,-0.008643596113329734,-0.0104,-0.0042,-0.019,0.0001,0.024700000000000003,-0.008743596113329734,-0.006755097020641766,0.8291634805514349
2019-08-02,-0.004183038670309119,-0.0087,-0.0032,0.0007000000000000001,0.0001,0.0031,-0.004283038670309119,-0.003545218394144051,0.8256182621572908
2019-08-05,-0.012147925177381187,-0.030699999999999998,-0.0001,0.0001,0.0001,0.0040999999999999995,-0.012247925177381186,-0.008951459879845403,0.8166668022774455
2019-08-06,-0.019657158518840975,0.0129,-0.0040999999999999995,-0.0059,0.0001,0.010700000000000001,-0.019757158518840974,-0.020954640082639368,0.7957121621948061
2019-08-07,0.012145083173673752,0.0007000000000000001,0.0008,-0.009000000000000001,0.0001,0.0037,0.012045083173673752,0.012413580200160885,0.808125742394967
2019-08-08,0.00502884068567726,0.0197,0.0003,-0.0025,0.0001,0.0018,0.00492884068567726,0.003008610495784731,0.8111343528907518
2019-08-09,0.01507974359181617,-0.0078000000000000005,-0.0043,-0.0022,0.0001,0.0103,0.014979743591816171,0.015803384325856547,0.8269377372166083
2019-08-12,-0.00389410270397252,-0.0131,0.0029,-0.0026,0.0001,0.005600000000000001,-0.00399410270397252,-0.002214090577269978,0.8247236466393384
2019-08-13,-0.009273656818735957,0.0147,-0.0017000000000000001,-0.0053,0.0001,0.0005,-0.009373656818735957,-0.010838021283217638,0.8138856253561207
2019-08-14,0.010248092604024246,-0.029500000000000002,0.0022,-0.0051,0.0001,0.013000000000000001,0.010148092604024246,0.013845130412550297,0.8277307557686711
2019-08-16,-0.009840609287075065,0.0155,0.0053,0.006,0.0001,-0.0108,-0.009940609287075065,-0.011644129589822638,0.8160866261788484
2019-08-19,0.008244362251791846,0.011399999999999999,0.0002,0.0021,0.0001,-0.011699999999999999,0.008144362251791847,0.006638140221583295,0.8227247664004317
2019-08-20,0.01245744506362734,-0.0075,0.003,-0.0049,0.0001,0.0043,0.012357445063627341,0.013607719546601964,0.8363324859470337
2019-08-21,-0.004528122962640985,0.0085,0.0005,-0.003,0.0001,-0.0008,-0.004628122962640985,-0.005399947869912483,0.8309325380771212
2019-08-22,0.0028618038493444424,-0.001,-0.0053,0.0049,0.0001,-0.0004,0.0027618038493444426,0.0023307129175223506,0.8332632509946436
2019-08-23,-0.00044724135201450703,-0.026600000000000002,-0.005600000000000001,-0.0018,0.0001,0.0095,-0.000547241352014507,0.002127784952479852,0.8353910359471235
2019-08-27,-0.01191065425445556,-0.0046,-0.0088,-0.0066,0.0001,0.009300000000000001,-0.01201065425445556,-0.011699245779468449,0.823691790167655
2019-08-28,0.0014747193825413864,0.0068000000000000005,0.004699999999999999,0.0060999999999999995,0.0001,-0.0088,0.0013747193825413863,0.0005822464436070553,0.8242740366112621
2019-08-29,0.0069025677552049134,0.013500000000000002,0.0032,0.0033,0.0001,-0.009399999999999999,0.006802567755204913,0.005288653338976263,0.8295626899502383
2019-08-30,0.006616805493736854,0.0003,-0.0037,0.0023,0.0001,-0.0025,0.006516805493736854,0.006101487758927483,0.8356641777091658
2019-09-03,7.906169579412883e-06,-0.0086,-0.0096,0.0012,0.0001,0.0055000000000000005,-9.209383042058713e-05,0.0002355633853877863,0.8358997410945536
2019-09-04,-9.092023133276192e-05,0.0108,-0.0022,0.0043,0.0001,-0.0092,-0.00019092023133276194,-0.0018182834958806883,0.8340814575986729
2019-09-05,0.009598886718904532,0.014199999999999999,0.0040999999999999995,0.006999999999999999,0.0001,-0.0196,0.009498886718904533,0.007625629571145857,0.8417070871698188
2019-09-06,0.0019970709625881404,-0.0002,-0.0039000000000000003,0.0005,0.0001,-0.004,0.0018970709625881403,0.0015496400880767914,0.8432567272578956
2019-09-09,-0.001508496037266842,0.0007000000000000001,0.0076,0.0305,0.0001,-0.0381,-0.001608496037266842,-0.0030322144244813685,0.8402245128334143
2019-09-10,-0.02137394421874154,0.0016,0.010700000000000001,0.0111,0.0001,-0.0315,-0.02147394421874154,-0.021975888879629507,0.8182486239537847
2019-09-11,-0.0054191979587019865,0.0087,0.013300000000000001,-0.0004,0.0001,-0.0044,-0.005519197958701987,-0.005609673376754966,0.8126389505770297
2019-09-12,0.004736973323360718,0.0022,-0.0031,-0.0012,0.0001,0.01,0.0046369733233607175,0.00445322530007812,0.8170921758771078
2019-09-13,0.0034579364444087724,-0.0002,0.0002,0.0074,0.0001,-0.0068000000000000005,0.0033579364444087725,0.002992532258444641,0.8200847081355525
2019-09-16,-0.006445334311832931,-0.0023,0.0091,0.0053,0.0001,-0.0187,-0.006545334311832931,-0.006272038811783545,0.813812669323769
2019-09-17,-0.0026855821571365374,0.0017000000000000001,-0.006,-0.011899999999999999,0.0001,0.023700000000000002,-0.0027855821571365373,-0.002451843913309879,0.8113608254104591
2019-09-18,0.004781857920857845,-0.0004,-0.0075,0.0006,0.0001,0.009899999999999999,0.004681857920857845,0.0044082472560792235,0.8157690726665383
2019-09-19,0.0013059484751248313,-0.0005,-0.0043,-0.0046,0.0001,0.0055000000000000005,0.0012059484751248313,0.0012425722600266768,0.817011644926565
2019-09-20,0.004060763423523682,-0.0048,0.0029,0.0015,0.0001,0.0004,0.003960763423523681,0.004618189294050477,0.8216298342206154
2019-09-23,-0.004952822670619426,-0.0002,-0.0017000000000000001,0.005,0.0001,-0.0017000000000000001,-0.0050528226706194265,-0.005354894352553197,0.8162749398680622
2019-09-24,0.000921013114425856,-0.01,-0.0073,0.0001,0.0001,0.011399999999999999,0.0008210131144258559,0.0016167873256214796,0.8178917271936836
2019-09-25,-0.007829409293672807,0.0069,0.0036,0.0052,0.0001,-0.0064,-0.007929409293672807,-0.008724377340147606,0.809167349853536
2019-09-26,0.007500060484358743,-0.004,-0.0096,0.0013,0.0001,0.008100000000000001,0.007400060484358742,0.007298371634762923,0.8164657214882989
2019-09-27,0.002249277589670952,-0.0062,-0.0033,0.0088,0.0001,-0.006999999999999999,0.002149277589670952,0.0021230071426334663,0.8185887286309323
2019-09-30,-0.009172590048718197,0.005,-0.0017000000000000001,-0.0048,0.0001,0.002,-0.009272590048718197,-0.009704834834218107,0.8088838937967142
2019-10-01,-0.00022569451441426872,-0.0131,-0.0046,-0.0059,0.0001,0.011399999999999999,-0.00032569451441426874,0.0011833447475238235,0.810067238544238
2019-10-02,-0.008054275659398459,-0.0173,0.0089,-0.0036,0.0001,0.008,-0.008154275659398458,-0.00544057612208714,0.8046266624221509
2019-10-03,-0.010151624137945067,0.008,-0.0023,-0.0089,0.0001,-0.0023,-0.010251624137945066,-0.0109919919760489,0.7936346704461019
2019-10-04,0.01122465318120804,0.0139,-0.0048,-0.0007000000000000001,0.0001,0.0092,0.01112465318120804,0.009564701219558094,0.80319937166566
2019-10-07,0.01279308174823887,-0.0040999999999999995,0.0016,-0.0003,0.0001,-0.0013,0.01269308174823887,0.013213601749365665,0.8164129734150257
2019-10-08,-0.005163235199794684,-0.0161,-0.0013,-0.0013,0.0001,0.0066,-0.005263235199794684,-0.003476699371406305,0.8129362740436195
2019-10-09,-0.012221559588665748,0.0092,-0.0055000000000000005,-0.0009,0.0001,0.004,-0.012321559588665747,-0.01354203519386693,0.7993942388497526
2019-10-10,0.0034062863320211637,0.006,-0.004,0.0025,0.0001,-0.0038,0.003306286332021164,0.002238170177530467,0.801632409027283
2019-10-11,0.0046225149408463595,0.0123,0.0048,0.0018,0.0001,-0.0116,0.004522514940846359,0.003246675436923588,0.8048790844642066
2019-10-14,0.008449780864160065,-0.0018,-0.0034000000000000002,-0.0003,0.0001,0.0016,0.008349780864160066,0.008352483736241504,0.8132315682004482
2019-10-15,-0.001003230401894042,0.0103,0.0025,-0.0025,0.0001,-0.0027,-0.001103230401894042,-0.001986131481079337,0.8112454367193689
2019-10-16,0.010006226274879935,-0.0024,0.004,0.0022,0.0001,-0.0015,0.009906226274879935,0.010321746614552025,0.8215671833339209
2019-10-17,0.0013442784644998882,0.0037,0.008,-0.0029,0.0001,-0.0014000000000000002,0.0012442784644998881,0.001468390254560754,0.8230355735884817
2019-10-18,-0.0020574006847410803,-0.0049,-0.0034999999999999996,0.0087,0.0001,0.0046,-0.00215740068474108,-0.0020791659287886957,0.820956407659693
2019-10-21,-0.008783869837934109,0.0070999999999999995,0.0016,0.0034000000000000002,0.0001,-0.0046,-0.008883869837934108,-0.009735146039504603,0.8112212616201884
2019-10-22,0.0019233162951868305,-0.0034000000000000002,0.0023,0.0084,0.0001,-0.0206,0.0018233162951868304,0.0016032190123916883,0.8128244806325801
2019-10-23,-0.01205876695200533,0.0025,-0.0009,0.0027,0.0001,-0.0060999999999999995,-0.01215876695200533,-0.012706132509575798,0.8001183481230043
2019-10-24,0.007618074063256759,0.0025,-0.0026,-0.0089,0.0001,0.0105,0.007518074063256759,0.007610741114138186,0.8077290892371425
2019-10-25,0.0052738157063088615,0.005,0.0028000000000000004,0.0007000000000000001,0.0001,-0.008100000000000001,0.005173815706308861,0.004640676030113561,0.812369765267256
2019-10-28,0.002931435642573093,0.0062,0.0027,-0.0025,0.0001,-0.0016,0.002831435642573093,0.0024156712490128233,0.8147854365162689
2019-10-29,0.002483638730389464,-0.0013,0.003,0.005,0.0001,-0.0009,0.002383638730389464,0.002533271136908404,0.8173187076531773
2019-10-30,0.010005536503080812,0.0028000000000000004,-0.0037,-0.0115,0.0001,0.009300000000000001,0.009905536503080813,0.009954955324358186,0.8272736629775355
2019-10-31,0.006739676542849579,-0.0038,-0.0026,-0.0043,0.0001,0.0052,0.006639676542849578,0.007120884437358691,0.8343945474148942
2019-11-04,0.0007599439051715739,0.0039000000000000003,0.0003,0.013500000000000002,0.0001,-0.0259,0.0006599439051715738,-0.0007500369229088396,0.8336445104919853
2019-11-05,-0.008196464638556996,-0.0003,0.0023,0.0046,0.0001,-0.0076,-0.008296464638556995,-0.008430445426741994,0.8252140650652433
2019-11-06,-0.00560023995390358,-0.0005,-0.0073,0.0024,0.0001,0.01,-0.00570023995390358,-0.006009130403578238,0.8192049346616651
2019-11-07,0.0007183594416640716,0.0038,-0.0014000000000000002,0.005,0.0001,-0.0116,0.0006183594416640716,-0.0002967835744196711,0.8189081510872455
2019-11-08,-0.0002379592613744617,0.0031,0.0007000000000000001,-0.0037,0.0001,-0.0016,-0.0003379592613744617,-0.0005235643054613461,0.8183845867817842
2019-11-11,-0.0010909062058678796,-0.0019,0.0,-0.0019,0.0001,0.0079,-0.0011909062058678796,-0.0007559333004980217,0.8176286534812861
2019-11-12,-0.000698942452414394,0.0016,-0.0011,-0.0014000000000000002,0.0001,0.005,-0.000798942452414394,-0.0008853398707749386,0.8167433136105111
2019-11-13,0.00548417735352683,0.0001,-0.0023,-0.008199999999999999,0.0001,0.010700000000000001,0.00538417735352683,0.0057291890534268055,0.8224725026639379
2019-11-14,0.003968175548292004,0.0007000000000000001,-0.0012,-0.0025,0.0001,0.0051,0.003868175548292004,0.0039090757504743915,0.8263815784144123
2019-11-15,0.0004133581610678358,0.0074,-0.0025,-0.0033,0.0001,-0.0052,0.0003133581610678358,-0.0006317738809237694,0.8257498045334886
2019-11-18,0.008547075813979186,0.0003,-0.0034999999999999996,-0.0051,0.0001,0.0092,0.008447075813979186,0.008551281037418852,0.8343010855709074
2019-11-19,0.004182696434563386,0.0002,0.005699999999999999,-0.009399999999999999,0.0001,0.005,0.0040826964345633855,0.004878067546086199,0.8391791531169936
2019-11-20,-0.0023507378597016526,-0.0033,0.0001,-0.0044,0.0001,0.0,-0.0024507378597016525,-0.0019476998989374807,0.8372314532180561
2019-11-21,-0.004326981122522518,-0.0015,-0.0034000000000000002,0.001,0.0001,-0.009399999999999999,-0.004426981122522518,-0.004738097389384931,0.8324933558286712
2019-11-22,-0.001592020340309058,0.0024,0.0006,0.0021,0.0001,-0.0098,-0.001692020340309058,-0.0021866025043694682,0.8303067533243018
2019-11-25,0.00045055104351531943,0.0092,0.0131,-0.0038,0.0001,-0.0034999999999999996,0.00035055104351531944,0.00032972935297161424,0.8306364826772734
2019-11-26,0.006050329341551951,0.0019,0.0005,-0.0089,0.0001,0.009300000000000001,0.005950329341551951,0.006290397578485737,0.8369268802557591
2019-11-27,0.007181698929167813,0.0044,0.0023,-0.0002,0.0001,-0.002,0.007081698929167813,0.006740212968159049,0.8436670932239182
2019-11-29,-6.166748889984521e-05,-0.0042,-0.0004,-0.0031,0.0001,0.0,-0.00016166748889984522,0.0003573429834302493,0.8440244362073485
2019-12-02,-0.002913968547640992,-0.0087,-0.0025,0.0048,0.0001,-0.0043,-0.0030139685476409917,-0.002528792831652053,0.8414956433756964
2019-12-03,-0.005593697329560401,-0.0066,0.006,-0.0083,0.0001,0.0053,-0.005693697329560401,-0.004196277017614911,0.8372993663580814
2019-12-04,-0.002083681585463966,0.006,0.0014000000000000002,0.0025,0.0001,-0.003,-0.0021836815854639658,-0.0028678708913186047,0.8344314954667629
2019-12-05,0.004729237517578729,0.0013,-0.0021,0.0046,0.0001,0.005699999999999999,0.004629237517578729,0.00431652393938994,0.8387480194061528
2019-12-06,-8.917666673121736e-05,0.0091,0.0025,0.0036,0.0001,-0.0075,-0.00018917666673121737,-0.0012585567255193615,0.8374894626806335
2019-12-09,0.0023653312239231904,-0.0033,0.0034000000000000002,0.0012,0.0001,-0.0036,0.0022653312239231905,0.002723195152490686,0.8402126578331242
2019-12-10,-0.0030019110103597004,-0.0008,0.003,-0.0009,0.0001,-0.0007000000000000001,-0.0031019110103597002,-0.0027987671949458335,0.8374138906381783
2019-12-11,-0.0002289252927527863,0.0028000000000000004,-0.0007000000000000001,0.0013,0.0001,0.0046,-0.0003289252927527863,-0.0006148580446702799,0.836799032593508
2019-12-12,0.005821467242603771,0.009000000000000001,-0.0013,0.0113,0.0001,-0.009000000000000001,0.0057214672426037705,0.004109029669661772,0.8409080622631697
2019-12-13,0.005216713547635351,-0.0003,-0.0027,-0.0054,0.0001,0.0076,0.00511671354763535,0.005313764249047068,0.8462218265122168
2019-12-16,0.011127787224732146,0.0074,0.0003,-0.0005,0.0001,-0.0034000000000000002,0.011027787224732147,0.010216020685461619,0.8564378471976783
2019-12-17,0.0006339733807105118,0.001,0.0042,0.0066,0.0001,-0.001,0.0005339733807105117,0.0004671576645565726,0.856905004862235
2019-12-18,-0.0033082307415065078,-0.0005,0.002,0.0009,0.0001,-0.003,-0.0034082307415065076,-0.003315683342269216,0.8535893215199658
2019-12-20,0.005953264589114411,0.0048,-0.003,-0.0031,0.0001,0.0022,0.00585326458911441,0.005299962920310805,0.8588892844402766
2019-12-23,0.007450515935930838,0.001,0.0021,-0.0034000000000000002,0.0001,-0.006999999999999999,0.007350515935930837,0.007353018894654379,0.8662423033349309
2019-12-27,0.005539989333172979,-0.0009,-0.0053,-0.0007000000000000001,0.0001,0.0036,0.005439989333172979,0.005276289519238053,0.871518592854169
2019-12-30,0.0019199091591620009,-0.005699999999999999,0.0019,0.005600000000000001,0.0001,0.0004,0.0018199091591620008,0.002363688906915257,0.8738822817610843
2019-12-31,-0.006505489589352558,0.0028000000000000004,-0.0001,0.0011,0.0001,-0.004699999999999999,-0.006605489589352558,-0.007045032080243518,0.8668372496808407
2020-01-02,0.00105069608615703,0.0086,-0.0088,-0.0034000000000000002,0.0001,0.008199999999999999,0.0009506960861570299,-0.0002546569095703212,0.8665825927712705
2020-01-03,-0.003231247891441993,-0.0067,0.0038,0.0001,0.0001,0.0001,-0.003331247891441993,-0.002372213690194531,0.8642103790810759
2020-01-06,-0.002587361042165075,0.0036,-0.0007000000000000001,-0.0055000000000000005,0.0001,-0.0067,-0.002687361042165075,-0.003069246565833156,0.8611411325152427
2020-01-07,0.005806500263931827,-0.0019,-0.0001,-0.0026,0.0001,0.0001,0.005706500263931827,0.005989871048490434,0.8671310035637332
2020-01-08,-0.005458089668615916,0.004699999999999999,-0.0007000000000000001,-0.0064,0.0001,0.009399999999999999,-0.0055580896686159165,-0.005676247719262308,0.8614547558444708
2020-01-09,0.006754515574586061,0.006500000000000001,-0.0063,-0.0048,0.0001,0.0073,0.006654515574586061,0.005867384124452162,0.867322139968923
2020-01-10,0.004496510617905201,-0.0034000000000000002,-0.0019,-0.0034000000000000002,0.0001,0.002,0.004396510617905201,0.004783340676456871,0.87210548064538
2020-01-13,0.00029072259473641467,0.0073,-0.0011,-0.0009,0.0001,0.006500000000000001,0.00019072259473641468,-0.00047778593362711615,0.8716276947117528
2020-01-14,0.005723334885887317,-0.0006,0.004,-0.0018,0.0001,-0.009300000000000001,0.005623334885887316,0.005818122621084808,0.8774458173328377
2020-01-15,0.0051165013652649,0.0016,0.0046,-0.008199999999999999,0.0001,0.0014000000000000002,0.0050165013652648995,0.005471563958050908,0.8829173812908886
2020-01-16,0.00757855004939329,0.0088,0.0051,-0.0011,0.0001,0.0015,0.007478550049393289,0.006972419502014971,0.8898898007929036
2020-01-17,0.007199613679265977,0.0028000000000000004,-0.0064,-0.0012,0.0001,0.0088,0.007099613679265977,0.006602968710229564,0.8964927695031332
2020-01-21,-0.0010311898623870342,-0.0032,-0.0052,-0.0062,0.0001,0.0083,-0.0011311898623870343,-0.0007574151927716652,0.8957353543103616
2020-01-22,0.004034515094901996,0.0008,-0.0026,0.0,0.0001,0.0060999999999999995,0.0039345150949019955,0.00380609388860717,0.8995414481989688
2020-01-23,0.00018100464819932976,0.0008,-0.0005,-0.0014000000000000002,0.0001,0.0026,8.100464819932975e-05,6.72818543299902e-05,0.8996087300532988
2020-01-24,0.0008578067654532481,-0.0097,-0.0044,-0.0028000000000000004,0.0001,0.0051,0.0007578067654532481,0.001681830490447073,0.9012905605437459
2020-01-27,-0.015456218831706536,-0.015600000000000001,0.0037,-0.0040999999999999995,0.0001,0.0048,-0.015556218831706535,-0.013425894763314912,0.887864665780431
2020-01-28,-0.009285617210715212,0.0102,-0.0013,-0.0043,0.0001,0.0083,-0.009385617210715212,-0.010216571496263743,0.8776480942841672
2020-01-29,0.008108378657946483,-0.0011,-0.0025,-0.0097,0.0001,0.0062,0.008008378657946484,0.008419504248491623,0.8860675985326588
2020-01-30,-0.0022617944304690846,0.0034000000000000002,-0.0069,0.0068000000000000005,0.0001,0.0053,-0.0023617944304690844,-0.003304339733087031,0.8827632587995717
2020-01-31,-0.0007372103224189188,-0.0174,-0.0044,-0.0034999999999999996,0.0001,-0.0029,-0.0008372103224189188,0.0007447895228470041,0.8835080483224187
2020-02-03,-0.013519345759573358,0.0084,0.0062,-0.0067,0.0001,0.0025,-0.013619345759573357,-0.013795889519303684,0.869712158803115
2020-02-04,0.010982395261528381,0.015700000000000002,-0.0003,-0.006999999999999999,0.0001,-0.0003,0.010882395261528382,0.009449041515413394,0.8791612003185284
2020-02-05,0.014099458139921948,0.0097,0.0033,0.0148,0.0001,-0.0173,0.013999458139921948,0.01232681603988208,0.8914880163584105
2020-02-06,0.0033846748633182375,0.0027,-0.0046,-0.0084,0.0001,0.0043,0.0032846748633182377,0.0030693885190581516,0.8945574048774686
2020-02-07,0.002995220006906447,-0.0055000000000000005,-0.0079,-0.0002,0.0001,0.0038,0.002895220006906447,0.0030244138539715325,0.8975818187314402
2020-02-10,-0.004182235285163975,0.0073,-0.0001,-0.009000000000000001,0.0001,0.0098,-0.0042822352851639755,-0.004534698756834061,0.8930471199746061
2020-02-11,0.006823764898553362,0.0027,0.0005,0.0104,0.0001,-0.0104,0.006723764898553362,0.0058943682614958325,0.8989414882361019
2020-02-12,-0.0023495391288631024,0.0066,0.0016,-0.0036,0.0001,-0.0040999999999999995,-0.002449539128863102,-0.0029984085696488326,0.895943079666453
2020-02-13,-0.0030724637681159898,-0.0009,0.002,0.0001,0.0001,0.0063,-0.0031724637681159896,-0.002809474222706138,0.8931336054437469
2020-02-14,0.0049463569227190425,0.0014000000000000002,-0.0038,-0.0066,0.0001,0.0054,0.004846356922719042,0.004783942856983273,0.8979175483007301
2020-02-18,-0.0007280092550879236,-0.0019,0.0016,-0.0064,0.0001,0.0025,-0.0008280092550879237,-0.0002474626220752995,0.8976700856786548
2020-02-19,0.0008259186993042778,0.006,0.0018,0.0003,0.0001,-0.0008,0.0007259186993042778,0.00019164832126125045,0.8978617339999161
2020-02-20,-0.00047928618790905013,-0.0034999999999999996,0.0049,0.0067,0.0001,-0.0058,-0.0005792861879090501,-0.0002341373949786284,0.8976275966049375
2020-02-21,-0.004946586242577416,-0.011200000000000002,-0.0012,0.0002,0.0001,-0.0021,-0.005046586242577416,-0.004006332854135042,0.8936212637508025
2020-02-24,-0.017978847136319597,-0.0339,0.0016,0.0001,0.0001,0.006,-0.018078847136319597,-0.014290438384153234,0.8793308253666493
2020-02-25,-0.02326688287969188,-0.030899999999999997,-0.0011,-0.0068000000000000005,0.0001,0.0076,-0.02336688287969188,-0.019805870040525305,0.859524955326124
2020-02-26,-0.023016511598916642,-0.0052,-0.0038,-0.012,0.0001,0.0118,-0.02311651159891664,-0.022164155864556934,0.8373607994615672
2020-02-27,-0.0016046089007462092,-0.042199999999999994,0.0078000000000000005,0.0006,0.0001,-0.002,-0.0017046089007462092,0.0031846010486788817,0.8405454005102461
2020-02-28,-0.03619464399821853,-0.0078000000000000005,0.003,-0.008,0.0001,-0.0045000000000000005,-0.03629464399821853,-0.035097363695764175,0.8054480368144818
2020-03-02,-0.006758575796905294,0.0431,-0.0169,-0.0042,0.0001,0.0191,-0.006858575796905294,-0.01196703117338609,0.7934810056410958
2020-03-03,0.04173763183338933,-0.027999999999999997,0.008,-0.0063,0.0001,0.0083,0.041637631833389324,0.04551054880850483,0.8389915544496006
2020-03-04,-0.014776469491735967,0.0403,-0.0109,-0.011699999999999999,0.0001,0.0108,-0.014876469491735966,-0.019207353634634404,0.8197842008149662
2020-03-05,0.023914165999865983,-0.0338,0.0024,-0.013999999999999999,0.0001,0.0045000000000000005,0.023814165999865983,0.028095736762691247,0.8478799375776574
2020-03-06,-0.019509866572222766,-0.0178,0.0005,-0.0148,0.0001,0.0051,-0.019609866572222766,-0.01709410080121744,0.83078583677644
2020-03-09,-0.05036945716102985,-0.0779,-0.0042,-0.0475,0.0001,0.0346,-0.05046945716102985,-0.040217630719073375,0.7905682060573667
2020-03-10,-0.0014966779537683992,0.047400000000000005,-0.0248,0.0078000000000000005,0.0001,0.0033,-0.0015966779537683992,-0.0084440253179864,0.7821241807393803
2020-03-11,0.015026479563739344,-0.0506,-0.0083,-0.008100000000000001,0.0001,0.0024,0.014926479563739345,0.0199955538023045,0.8021197345416848
2020-03-12,-0.05317864369166501,-0.09630000000000001,-0.0045000000000000005,-0.011399999999999999,0.0001,0.0008,-0.05327864369166501,-0.04308314944414743,0.7590365850975374
2020-03-13,-0.03389056441189142,0.0898,-0.0269,0.0294,0.0001,-0.011000000000000001,-0.033990564411891425,-0.04647224526958798,0.7125643398279494
2020-03-16,-0.059580616677221206,-0.1201,-0.0021,-0.0075,0.0001,-0.0227,-0.05968061667722121,-0.0474690730725283,0.6650952667554211
2020-03-17,-0.0048464960118364455,0.0588,0.0085,-0.0067,0.0001,0.0127,-0.004946496011836446,-0.010029175361672086,0.6550660913937489
2020-03-18,0.024765072527304973,-0.0556,-0.0353,-0.047400000000000005,0.0001,-0.0076,0.024665072527304974,0.029551648580834235,0.6846177399745832
2020-03-19,-0.02534771145180856,0.0131,0.0545,0.0095,0.0001,0.0026,-0.02544771145180856,-0.023389056863157513,0.6612286831114257
2020-03-20,0.016660464317407597,-0.0415,0.0034999999999999996,-0.009000000000000001,0.0001,-0.0075,0.016560464317407597,0.021293403278031697,0.6825220863894574
2020-03-23,-0.05599042658031823,-0.0256,0.022099999999999998,-0.0326,0.0001,0.015300000000000001,-0.05609042658031823,-0.05046172877196902,0.6320603576174885
2020-03-24,0.02202238030612607,0.0934,-0.0128,0.023799999999999998,0.0001,0.0015,0.02192238030612607,0.010482381816521141,0.6425427394340096
2020-03-25,0.03601359994941351,0.011699999999999999,-0.0074,0.0187,0.0001,-0.0021,0.03591359994941351,0.03350041571335341,0.676043155147363
2020-03-26,0.020174371927715956,0.0603,-0.0070999999999999995,0.0108,0.0001,0.0044,0.020074371927715957,0.012997836189461631,0.6890409913368246
2020-03-27,0.04316351419761605,-0.0348,-0.0086,-0.0076,0.0001,0.0098,0.043063514197616046,0.04659905544032075,0.7356400467771453
2020-03-30,-0.01713511772672916,0.0317,-0.003,-0.021099999999999997,0.0001,0.0183,-0.01723511772672916,-0.0196447685897605,0.7159952781873848
2020-03-31,0.03244832461790512,-0.0144,0.0182,-0.0038,0.0001,-0.010700000000000001,0.032348324617905114,0.034991760877371776,0.7509870390647566
2020-04-01,-0.016081629813837473,-0.045,-0.015600000000000001,-0.0131,0.0,0.0017000000000000001,-0.016081629813837473,-0.011939465263409393,0.7390475738013472
2020-04-02,-0.02448357377990846,0.021,-0.0097,-0.0028000000000000004,0.0,-0.0097,-0.02448357377990846,-0.027457517516093714,0.7115900562852535
2020-04-03,0.012084756357179736,-0.016399999999999998,-0.0109,-0.0115,0.0,-0.0026,0.012084756357179736,0.01340047171913194,0.7249905280043855
2020-04-06,-0.0008995623025214301,0.071,0.0077,0.0028000000000000004,0.0,-0.0031,-0.0008995623025214301,-0.007981752558740056,0.7170087754456455
2020-04-07,0.048561868115623893,-0.0011,-0.0059,0.021,0.0,-0.018600000000000002,0.048561868115623893,0.04715670274012209,0.7641654781857675
2020-04-08,-0.004054134875812711,0.0342,0.0031,0.0127,0.0,-0.0209,-0.004054134875812711,-0.008314571596434303,0.7558509065893332
2020-04-09,0.02030600558479486,0.0159,0.0191,0.0319,0.0,-0.0075,0.02030600558479486,0.01868389581590885,0.7745348024052421
2020-04-14,0.005116304489483644,0.030299999999999997,-0.0018,-0.0315,0.0,0.021099999999999997,0.005116304489483644,0.003350797320343259,0.7778855997255854
2020-04-15,0.01774690067089386,-0.0215,-0.0123,-0.0255,0.0,0.023700000000000002,0.01774690067089386,0.02054943619348149,0.7984350359190668
2020-04-16,-0.014112696083870637,0.0062,-0.0021,-0.0298,0.0,0.0388,-0.014112696083870637,-0.013047602093070352,0.7853874338259965
2020-04-17,0.01436056908705131,0.0273,0.0075,0.0277,0.0,-0.054299999999999994,0.01436056908705131,0.009887075738207546,0.7952745095642041
2020-04-20,0.017243504919083705,-0.015700000000000002,0.0078000000000000005,-0.0091,0.0,0.0148,0.017243504919083705,0.020049836424568118,0.8153243459887722
2020-04-21,-0.008285730445110493,-0.030899999999999997,0.009399999999999999,0.0016,0.0,-0.0039000000000000003,-0.008285730445110493,-0.004547629835369567,0.8107767161534026
2020-04-22,-0.02235185328515621,0.0231,-0.0068000000000000005,-0.0166,0.0,0.0039000000000000003,-0.02235185328515621,-0.024583305375408187,0.7861934107779944
2020-04-23,0.016662777712961832,0.0012,0.0111,0.0055000000000000005,0.0,-0.024,0.016662777712961832,0.01658350396331705,0.8027769147413115
2020-04-24,-0.004647636222053674,0.0143,0.0028000000000000004,-0.0012,0.0,0.0033,-0.004647636222053674,-0.005844076438082272,0.7969328383032293
2020-04-27,0.015848571816800484,0.0173,0.0159,0.0268,0.0,-0.0235,0.015848571816800484,0.013690602313206662,0.8106234406164359
2020-04-28,0.008414737951440937,-0.0045000000000000005,0.0098,0.0286,0.0,-0.033,0.008414737951440937,0.007860693158819765,0.8184841337752556
2020-04-29,-0.008911273142379333,0.0292,0.0189,0.019799999999999998,0.0,-0.0473,-0.008911273142379333,-0.012388589382173625,0.8060955443930821
2020-04-30,0.02004307110788458,-0.0118,-0.0141,-0.0171,0.0,0.008100000000000001,0.02004307110788458,0.021082165331834088,0.8271777097249161
2020-05-04,-0.024408475176036077,0.0054,0.0021,-0.0129,0.0,0.0015,-0.024408475176036077,-0.02435870537283116,0.802819004352085
2020-05-05,0.0032114503692353283,0.0095,0.0003,-0.020099999999999996,0.0,0.022400000000000003,0.0032114503692353283,0.003407376991686333,0.8062263813437713
2020-05-06,0.0066217094572635785,-0.0052,0.0054,-0.027200000000000002,0.0,0.022000000000000002,0.0066217094572635785,0.008938690603338826,0.8151650719471102
2020-05-07,0.0020218733605069,0.013300000000000001,-0.0006,0.0040999999999999995,0.0,-0.0219,0.0020218733605069,-2.6806663121823823e-05,0.8151382652839884
2020-05-08,0.01716936981203512,0.019,0.0139,0.0246,0.0,-0.0346,0.01716936981203512,0.014532474394479255,0.8296707396784676
2020-05-11,0.0029498641874607765,0.0006,0.004699999999999999,-0.0379,0.0,0.025099999999999997,0.0029498641874607765,0.005044027651690791,0.8347147673301584
2020-05-12,0.006683800567708511,-0.0207,-0.0084,-0.013600000000000001,0.0,0.009300000000000001,0.006683800567708511,0.00894915166503384,0.8436639189951922
2020-05-13,-0.012804323272886968,-0.0189,-0.0089,-0.0208,0.0,0.031400000000000004,-0.012804323272886968,-0.010037509700962637,0.8336264092942296
2020-05-14,-0.015739273101415437,0.0115,-0.0152,0.0092,0.0,-0.0098,-0.015739273101415437,-0.0185030225923452,0.8151233867018844
2020-05-15,0.002425685629528063,0.005699999999999999,0.0161,-0.0115,0.0,0.0066,0.002425685629528063,0.0034569964986797138,0.8185803832005641
2020-05-18,0.011909842732096979,0.032400000000000005,0.0158,0.0461,0.0,-0.0625,0.011909842732096979,0.006659189669174099,0.8252395728697383
2020-05-19,0.02277936050675614,-0.0101,-0.0054,-0.0151,0.0,0.0113,0.02277936050675614,0.024231813397945414,0.8494713862676837
2020-05-20,-0.0036335484674127907,0.018000000000000002,0.0109,0.0131,0.0,-0.0152,-0.0036335484674127907,-0.00555669853330115,0.8439146877343826
2020-05-22,0.003326630615153364,0.0027,0.0046,-0.0085,0.0,0.0086,0.003326630615153364,0.0038323932049303456,0.847747080939313
2020-05-26,0.005305624891159236,0.0123,0.001,0.0454,0.0,-0.048,0.005305624891159236,0.0014946285157608316,0.8492417094550738
2020-05-27,0.0018708425720621005,0.0154,0.0066,0.0359,0.0,-0.0253,0.0018708425720621005,-0.0010692442823283877,0.8481724651727455
2020-05-28,0.011953339327293255,-0.0040999999999999995,-0.0154,-0.0241,0.0,0.0226,0.011953339327293255,0.012649904520701987,0.8608223696934475
2020-05-29,0.007802622136665516,0.0059,-0.0029,-0.019799999999999998,0.0,0.0235,0.007802622136665516,0.008172189240538611,0.8689945589339861
2020-06-02,0.010224995102249945,0.008100000000000001,-0.0009,0.0055000000000000005,0.0,-0.0134,0.010224995102249945,0.00883704947944967,0.8778316084134358
2020-06-03,0.0030468930641227945,0.0141,0.0016,0.0262,0.0,-0.0478,0.0030468930641227945,-0.00025167934317182634,0.8775799290702639
2020-06-04,0.0050899951293691854,-0.0034000000000000002,-0.0022,0.028999999999999998,0.0,-0.0342,0.0050899951293691854,0.003566308485832772,0.8811462375560967
2020-06-05,-0.005326862182237944,0.025,0.0067,0.0275,0.0,-0.051699999999999996,-0.005326862182237944,-0.009550505989603629,0.8715957315664931
2020-06-08,0.009621106185475032,0.013500000000000002,0.0037,0.0207,0.0,-0.050300000000000004,0.009621106185475032,0.006661847952509989,0.8782575795190031
2020-06-09,0.002372225803480951,-0.0086,-0.0025,-0.0192,0.0,0.042699999999999995,0.002372225803480951,0.004683679058827226,0.8829412585778303
2020-06-10,-5.879780537190802e-05,-0.0055000000000000005,-0.0086,-0.040999999999999995,0.0,0.0593,-5.879780537190802e-05,0.002617537464607234,0.8855587960424376
2020-06-11,-0.0003858832868435996,-0.0591,-0.0083,-0.030299999999999997,0.0,0.051100000000000007,-0.0003858832868435996,0.007386193152312558,0.8929449891947502
2020-06-12,-0.04015838351752579,0.0129,0.0032,0.0182,0.0,-0.038900000000000004,-0.04015838351752579,-0.04275666770380921,0.8501883214909409
2020-06-15,0.0007775543426218088,0.0108,0.0146,-0.0038,0.0,0.0068000000000000005,0.0007775543426218088,0.0009136708771457003,0.8511019923680866
2020-06-16,0.017024012737390855,0.018799999999999997,0.0060999999999999995,0.0049,0.0,-0.009000000000000001,0.017024012737390855,0.015105423497022128,0.8662074158651087
2020-06-17,0.012524179041569092,-0.0040999999999999995,-0.0091,-0.0197,0.0,0.028999999999999998,0.012524179041569092,0.013636572652666254,0.879843988517775
2020-06-18,0.0015833252804269846,0.0018,0.0009,-0.0053,0.0,-0.001,0.0015833252804269846,0.0016152141800102173,0.8814592026977852
2020-06-19,0.004991093958735312,-0.0045000000000000005,0.0008,-0.0067,0.0,0.0116,0.004991093958735312,0.0059969621360761415,0.8874561648338614
2020-06-22,-0.009098126096187622,0.0070999999999999995,0.0084,-0.013600000000000001,0.0,0.0148,-0.009098126096187622,-0.008487200091628417,0.878968964742233
2020-06-24,0.008458755184248096,-0.0262,-0.0045000000000000005,-0.013600000000000001,0.0,0.0302,0.008458755184248096,0.012017511476512265,0.8909864762187453
2020-06-25,-0.02197087547250684,0.0113,0.0025,0.005,0.0,-0.0051,-0.02197087547250684,-0.023266778847232758,0.8677196973715126
2020-06-26,0.01258099250051956,-0.024300000000000002,0.0012,-0.0139,0.0,0.0128,0.01258099250051956,0.015961430301271333,0.8836811276727838
2020-06-29,-0.017875865156801018,0.015,0.0125,0.018600000000000002,0.0,-0.0259,-0.017875865156801018,-0.019795317987544483,0.8638858096852393
2020-06-30,0.004391696805762416,0.0158,0.0008,-0.0001,0.0,0.0121,0.004391696805762416,0.0030550182652051188,0.8669408279504445
2020-07-01,0.008756335577577748,0.0040999999999999995,-0.0127,-0.025699999999999997,0.0,0.0204,0.008756335577577748,0.008783764925504266,0.8757245928759487
2020-07-02,0.015403363392639601,0.0051,-0.0002,-0.0014000000000000002,0.0,0.0019,0.015403363392639601,0.014944139143139261,0.890668732019088
2020-07-06,0.004241930188895069,0.0166,-0.0063,0.0034999999999999996,0.0,-0.0006,0.004241930188895069,0.0019416209545863325,0.8926103529736744
2020-07-07,0.0022405630057336355,-0.0101,-0.005,-0.015,0.0,0.0262,0.0022405630057336355,0.004039075433600848,0.8966494284072752
2020-07-08,-0.0012497113936298524,0.0089,0.003,-0.0046,0.0,0.0073,-0.0012497113936298524,-0.0016638419774831087,0.8949855864297921
2020-07-09,0.0044583556556902215,-0.0054,-0.009300000000000001,-0.026099999999999998,0.0,0.03,0.0044583556556902215,0.005933748502768838,0.9009193349325609
2020-07-10,-0.0033755027636014796,0.0111,-0.0007000000000000001,0.030600000000000002,0.0,-0.0276,-0.0033755027636014796,-0.006229140383210295,0.8946901945493506
2020-07-13,0.007056115361071466,-0.011899999999999999,-0.0076,0.0204,0.0,-0.013300000000000001,0.007056115361071466,0.006802741859166499,0.9014929364085171
2020-07-14,-0.011221600215477988,0.013600000000000001,0.0042,-0.0029,0.0,0.0074,-0.011221600215477988,-0.012102837788855793,0.8893900986196613
2020-07-15,0.017614253372844113,0.011399999999999999,0.024300000000000002,0.0126,0.0,-0.0346,0.017614253372844113,0.016890100306006853,0.9062801989256682
2020-07-16,0.005165677904789508,-0.0038,-0.0034999999999999996,0.008100000000000001,0.0,0.004,0.005165677904789508,0.005136132354725335,0.9114163312803936
2020-07-17,-0.002659536182647815,0.003,0.0017000000000000001,-0.0143,0.0,0.018500000000000003,-0.002659536182647815,-0.001969772114625912,0.9094465591657677
2020-07-20,0.007169946126172243,0.0103,-0.0044,-0.023799999999999998,0.0,0.0298,0.007169946126172243,0.007249422505255301,0.916695981671023
2020-07-21,0.009705642098625698,0.0015,0.0085,0.032799999999999996,0.0,-0.0373,0.009705642098625698,0.008197888911911352,0.9248938705829343
2020-07-22,-0.00039386143883624774,0.005,-0.0062,-0.0037,0.0,0.005699999999999999,-0.00039386143883624774,-0.0010891703247872739,0.923804700258147
2020-07-23,0.00983976657177139,-0.012,0.0074,0.019799999999999998,0.0,-0.0182,0.00983976657177139,0.010529770651801464,0.9343344709099485
2020-07-24,-0.008995170236848227,-0.0074,-0.008100000000000001,0.0045000000000000005,0.0,-0.0001,-0.008995170236848227,-0.008925354735103587,0.9254091161748449
2020-07-27,-0.0019685947071404497,0.0088,0.0075,-0.0202,0.0,0.022400000000000003,-0.0019685947071404497,-0.0012070489385968696,0.924202067236248
2020-07-28,0.008056949518786553,-0.008100000000000001,-0.0070999999999999995,0.0101,0.0,-0.0083,0.008056949518786553,0.007899303710664414,0.9321013709469124
2020-07-29,0.00040544494938982536,0.013600000000000001,0.0049,0.009000000000000001,0.0,-0.0085,0.00040544494938982536,-0.001178826111530471,0.930922544835382
2020-07-30,0.0019805888198933044,-0.0029,0.0048,-0.0184,0.0,0.0248,0.0019805888198933044,0.0037756337700470557,0.934698178605429
2020-07-31,0.0026977025563105447,0.0062,-0.0159,-0.0066,0.0,0.011200000000000002,0.0026977025563105447,0.001436115318073852,0.9361342939235029
2020-08-03,0.004447827474805685,0.0097,0.012199999999999999,-0.0083,0.0,0.0176,0.004447827474805685,0.004923689838782496,0.9410579837622853
2020-08-04,0.0020045328984357545,0.0037,0.0045000000000000005,0.0006,0.0,-0.009399999999999999,0.0020045328984357545,0.001698372265137867,0.9427563560274232
2020-08-05,0.0036211553541866145,0.0078000000000000005,0.0104,0.008199999999999999,0.0,-0.013000000000000001,0.0036211553541866145,0.0029482419133783676,0.9457045979408016
2020-08-06,0.0006077148532456088,0.0053,-0.0042,-0.0085,0.0,0.004,0.0006077148532456088,0.00014398037331641786,0.9458485783141181
2020-08-07,0.00187756603583681,0.0002,0.0092,0.024,0.0,-0.0208,0.00187756603583681,0.0012112189595072334,0.9470597972736253
2020-08-10,-0.0022204517112373503,0.0023,0.0086,0.0173,0.0,-0.0277,-0.0022204517112373503,-0.003067988806659464,0.9439918084669658
2020-08-11,0.0024788309916365693,-0.0083,-0.0031,0.0161,0.0,-0.0218,0.0024788309916365693,0.0021166742353450857,0.946108482702311
2020-08-12,-0.005710763178218041,0.013999999999999999,-0.0051,-0.013300000000000001,0.0,0.018600000000000002,-0.005710763178218041,-0.006667697575079731,0.9394407851272313
2020-08-13,0.014806481275078037,-0.0002,0.0018,-0.0132,0.0,0.0154,0.014806481275078037,0.015733813965236584,0.9551745990924678
2020-08-14,-0.003981397264505488,-0.0004,-0.0008,0.0108,0.0,-0.012199999999999999,-0.003981397264505488,-0.0046267173410387795,0.950547881751429
2020-08-17,-0.0028084563827771637,0.0045000000000000005,0.0059,-0.0194,0.0,0.0235,-0.0028084563827771637,-0.0017083518550563763,0.9488395298963727
2020-08-18,0.00727417236851198,0.0023,-0.010700000000000001,-0.014199999999999999,0.0,0.0171,0.00727417236851198,0.007161737955208435,0.9560012678515811
2020-08-19,0.0029126713209942567,-0.0038,0.0048,0.0009,0.0,0.0003,0.0029126713209942567,0.003612611305283889,0.959613879156865
2020-08-20,-0.005305575129817295,0.0031,-0.0051,-0.0155,0.0,0.0138,-0.005305575129817295,-0.005148632910799655,0.9544652462460653
2020-08-21,0.0016644714443416874,0.0026,-0.0108,-0.0044,0.0,0.008,0.0016644714443416874,0.0009820961589082917,0.9554473424049736
2020-08-24,0.006327527663621363,0.0092,-0.0036,0.0259,0.0,-0.0332,0.006327527663621363,0.0035156118173624096,0.958962954222336
2020-08-25,0.007833236668827449,0.0034999999999999996,0.0016,-0.0064,0.0,0.0103,0.007833236668827449,0.008016485223474461,0.9669794394458104
2020-08-26,0.005940976148080931,0.01,-0.011699999999999999,-0.0175,0.0,0.0226,0.005940976148080931,0.005185267019932801,0.9721647064657433
2020-08-27,0.009520091802087014,0.0018,-0.0034000000000000002,0.0095,0.0,-0.0215,0.009520091802087014,0.008310886151715217,0.9804755926174585
2020-08-28,8.000266675560892e-05,0.006999999999999999,0.0026,-0.0022,0.0,-0.0092,8.000266675560892e-05,-0.0006010622144505928,0.979874530403008
2020-08-31,0.0033531768517469193,-0.0004,-0.0042,-0.0175,0.0,0.0179,0.0033531768517469193,0.004095122417517083,0.9839696528205251
2020-09-01,0.0006677297189555292,0.0092,0.0044,-0.0032,0.0,0.0131,0.0006677297189555292,0.00039483344854109525,0.9843644862690661
2020-09-02,0.002048329963714411,0.0127,-0.005,-0.0045000000000000005,0.0,-0.003,0.002048329963714411,0.0004665121169138667,0.98483099838598
2020-09-03,0.01425930466011565,-0.037000000000000005,-0.0022,0.026000000000000002,0.0,-0.0356,0.01425930466011565,0.016329797034202672,1.0011607954201827
2020-09-04,-0.02646484311201997,-0.0087,-0.0017000000000000001,0.0207,0.0,-0.0231,-0.02646484311201997,-0.026875319507941375,0.9742854759122412
2020-09-08,-0.0020807338326641034,-0.029300000000000003,0.006500000000000001,-0.0029,0.0,-0.0007000000000000001,-0.0020807338326641034,0.0015157472517156748,0.9758012231639569
2020-09-09,-0.008626475648604099,0.0207,-0.0018,-0.0199,0.0,0.0304,-0.008626475648604099,-0.009580886330837406,0.9662203368331195
2020-09-10,0.01662296422815087,-0.016399999999999998,0.0031,-0.0006,0.0,0.0038,0.01662296422815087,0.018655186301864825,0.9848755231349843
2020-09-11,-0.011787573524440568,-0.0005,-0.0084,0.009000000000000001,0.0,-0.0044,-0.011787573524440568,-0.012708162377226353,0.9721673607577579
2020-09-14,0.00012314723277901283,0.0158,0.011899999999999999,-0.008,0.0,-0.0011,0.00012314723277901283,-0.00047553345997975425,0.9716918272977781
2020-09-15,0.010148134720165316,0.005699999999999999,-0.0027,-0.0146,0.0,0.0115,0.010148134720165316,0.010114981413286286,0.9818068087110644
2020-09-16,0.002095917869816121,-0.004,0.0076,0.0132,0.0,-0.0253,0.002095917869816121,0.0020328638027065048,0.9838396725137709
2020-09-17,-0.009795408085688802,-0.0085,0.0036,0.002,0.0,-0.0049,-0.009795408085688802,-0.008834357396377099,0.9750053151173939
2020-09-18,-0.00801894518453809,-0.0089,0.0079,-0.0021,0.0,0.009399999999999999,-0.00801894518453809,-0.006274595917282114,0.9687307192001118
2020-09-21,-0.016563125632081916,-0.010700000000000001,-0.0202,-0.019,0.0,0.0301,-0.016563125632081916,-0.015512651571553581,0.9532180676285582
2020-09-22,-0.002542927199527007,0.0101,-0.0017000000000000001,-0.016,0.0,0.0189,-0.002542927199527007,-0.002761482353791217,0.950456585274767
2020-09-23,0.016183669747934552,-0.024700000000000003,-0.006999999999999999,0.0016,0.0,0.0029,0.016183669747934552,0.018305542061951546,0.9687621273367185
2020-09-24,-0.01711994312907429,0.0026,-0.0021,0.0038,0.0,-0.0007000000000000001,-0.01711994312907429,-0.01768003388480704,0.9510820934519115
2020-09-25,-0.004810089249977194,0.0171,0.0015,-0.0134,0.0,0.008,-0.004810089249977194,-0.005869757834529707,0.9452123356173818
2020-09-28,0.02389503542095901,0.0165,0.0072,0.0105,0.0,-0.0087,0.02389503542095901,0.02210735985662191,0.9673196954740038
2020-09-29,0.011622177581911806,-0.0042,0.0075,-0.0132,0.0,0.0166,0.011622177581911806,0.013381738551505058,0.9807014340255088
2020-09-30,-0.0034980278888533905,0.0079,-0.0073,0.0016,0.0,0.0017000000000000001,-0.0034980278888533905,-0.00483961991846946,0.9758618141070393
2020-10-01,0.009061172312666853,0.0078000000000000005,0.0105,-0.0054,0.0,0.011699999999999999,0.009061172312666853,0.009394056378883435,0.9852558704859228
2020-10-02,-0.0007553739948105389,-0.0097,0.0108,0.024300000000000002,0.0,-0.0271,-0.0007553739948105389,-0.00042190604585213795,0.9848339644400707
2020-10-05,-0.0038034542958355704,0.0194,0.0102,-0.0009,0.0,0.0060999999999999995,-0.0038034542958355704,-0.004981751251931421,0.9798522131881392
2020-10-06,0.008847359233410405,-0.0128,0.0074,0.0025,0.0,-0.0006,0.008847359233410405,0.010593063326991798,0.990445276515131
2020-10-07,-0.009181274517409731,0.0184,0.0058,0.0016,0.0,0.001,-0.009181274517409731,-0.010749225296529448,0.9796960512186016
2020-10-08,0.010954856323893354,0.008,-0.0003,0.010700000000000001,0.0,-0.019299999999999998,0.010954856323893354,0.009312821608231922,0.9890088728268335
2020-10-09,0.006333994457334003,0.009300000000000001,0.0001,-0.014199999999999999,0.0,0.020099999999999996,0.006333994457334003,0.006285957506841988,0.9952948303336755
2020-10-12,0.011276560147231043,0.0154,-0.0083,-0.0009,0.0,0.0038,0.011276560147231043,0.00921177314828284,1.0045066034819583
2020-10-13,0.010532062735755314,-0.0042,0.0018,-0.0174,0.0,0.0235,0.010532062735755314,0.012197405052055557,1.0167040085340138
2020-10-14,-0.001329391001398079,-0.006500000000000001,0.0008,0.0003,0.0,-0.0037,-0.001329391001398079,-0.0006840351979736243,1.0160199733360402
2020-10-15,-0.011872247923750124,-0.0008,0.009000000000000001,0.011399999999999999,0.0,-0.0098,-0.011872247923750124,-0.011778874489581873,1.0042410988464583
2020-10-16,0.0006835315353578828,-0.0006,-0.0018,0.0005,0.0,0.0007000000000000001,0.0006835315353578828,0.0006222747945636608,1.004863373641022
2020-10-19,0.003050579941773672,-0.015300000000000001,0.0034000000000000002,0.0032,0.0,-0.0034000000000000002,0.003050579941773672,0.004702275166348509,1.0095656488073705
2020-10-20,-0.009639605688557398,0.0034999999999999996,-0.0024,0.0126,0.0,-0.011699999999999999,-0.009639605688557398,-0.010853040446200961,0.9987126083611696
2020-10-21,-0.001288444720380754,-0.0034999999999999996,-0.004699999999999999,0.0040999999999999995,0.0,-0.005,-0.001288444720380754,-0.001488922562167606,0.997223685799002
2020-10-22,0.003051470588235188,0.0066,0.0060999999999999995,0.0103,0.0,-0.0279,0.003051470588235188,0.001818328869829209,0.9990420146688312
2020-10-23,0.003045519520980436,0.0038,0.0042,0.0004,0.0,0.0011,0.003045519520980436,0.002942480510334108,1.0019844951791654
2020-10-26,-0.0024582512532097807,-0.018500000000000003,-0.0028000000000000004,-0.0039000000000000003,0.0,0.0109,-0.0024582512532097807,-0.00034012936872515305,1.0016443658104404
2020-10-27,-0.013606982653261707,-0.0023,-0.0007000000000000001,-0.0233,0.0,0.0275,-0.013606982653261707,-0.012022406946321774,0.9896219588641186
2020-10-28,-0.007687347443121469,-0.0342,0.0002,0.005699999999999999,0.0,0.0021,-0.007687347443121469,-0.004238252474753368,0.9853837063893652
2020-10-29,-0.025853622024741032,0.0113,0.0016,0.0027,0.0,-0.0115,-0.025853622024741032,-0.02727048687788849,0.9581132195114768
2020-10-30,0.008214441631013671,-0.014499999999999999,-0.0079,0.018500000000000003,0.0,-0.023799999999999998,0.008214441631013671,0.008051015455809536,0.9661642349672863
2020-11-02,-0.012373691011060766,0.011699999999999999,0.0052,0.01,0.0,-0.013999999999999999,-0.012373691011060766,-0.013891581459796966,0.9522726535074894
2020-11-03,0.01019273600954039,0.019299999999999998,0.0101,-0.0019,0.0,0.002,0.01019273600954039,0.008963608563798353,0.9612362620712878
2020-11-04,0.014023769925454116,0.0225,-0.0149,-0.050300000000000004,0.0,0.0487,0.014023769925454116,0.013425883017932549,0.9746621450892203
2020-11-05,0.02742338640643733,0.0212,0.009899999999999999,0.0054,0.0,-0.0015,0.02742338640643733,0.025656378290113982,1.0003185233793344
2020-11-06,0.010557923608357044,0.0001,-0.0086,-0.0092,0.0,0.0105,0.010557923608357044,0.010505052895640481,1.0108235762749749
2020-11-09,0.014701857024605277,0.0083,0.0079,0.0673,0.0,-0.1437,0.014701857024605277,0.008960109792173074,1.0197836860671479
2020-11-10,-0.0010627752409119195,-0.0016,0.0155,0.0215,0.0,-0.0192,-0.0010627752409119195,-0.0009926882519168403,1.018790997815231
2020-11-11,-0.0013729917555424334,0.0088,-0.0054,-0.0178,0.0,0.0334,-0.0013729917555424334,-0.0013313140357832025,1.0174596837794478
2020-11-12,0.009190841087392805,-0.009399999999999999,-0.0022,-0.011899999999999999,0.0,0.0183,0.009190841087392805,0.010829262278469608,1.0282889460579174
2020-11-13,-0.008626116601077587,0.0131,0.006,0.0115,0.0,-0.0216,-0.008626116601077587,-0.01045209851322755,1.01783684754469
2020-11-16,0.012553527524952387,0.012199999999999999,0.0079,0.019799999999999998,0.0,-0.033,0.012553527524952387,0.010420673555972208,1.0282575211006622
2020-11-17,0.004836946034604671,-0.002,0.0062,-0.0001,0.0,-0.0027,0.004836946034604671,0.005412531767134999,1.0336700528677971
2020-11-18,-0.0016610976687022262,-0.009399999999999999,-0.0004,0.0003,0.0,0.0024,-0.0016610976687022262,-0.0006612784826987555,1.0330087743850984
2020-11-19,-0.012637653282038884,0.0058,0.004699999999999999,-0.0077,0.0,0.0037,-0.012637653282038884,-0.01258337651439642,1.020425397870702
2020-11-20,0.0014903419993960577,-0.0051,0.0067,-0.006,0.0,0.0073,0.0014903419993960577,0.0028427334251790457,1.0232681312958811
2020-11-23,-0.004457888355022963,0.008199999999999999,0.0088,0.0155,0.0,-0.0273,-0.004457888355022963,-0.005840129512983672,1.0174280017828974
2020-11-24,-0.003035168220616447,0.015600000000000001,-0.0012,0.0278,0.0,-0.0383,-0.003035168220616447,-0.006530235002757814,1.0108977667801395
2020-11-25,0.009923726460548534,0.0002,0.0,-0.0132,0.0,0.015300000000000001,0.009923726460548534,0.010684760823156251,1.0215825276032957
2020-11-27,0.00038391059722296135,0.0042,0.0046,-0.016200000000000003,0.0,0.0178,0.00038391059722296135,0.0011945574938143056,1.02277708509711
2020-11-30,0.003911805396549934,-0.0052,-0.0098,-0.0207,0.0,0.030600000000000002,0.003911805396549934,0.005160756369321511,1.0279378414664315
2020-12-01,-0.0017346610986186475,0.009899999999999999,-0.0025,0.0052,0.0,-0.0078000000000000005,-0.0017346610986186475,-0.0032885207964032364,1.0246493206700282
2020-12-02,0.007317544085467865,0.0011,-0.0009,0.010700000000000001,0.0,-0.0223,0.007317544085467865,0.006293136440091395,1.0309424571101196
2020-12-03,-0.0006516863982825713,0.0017000000000000001,0.0051,-0.001,0.0,-0.005600000000000001,-0.0006516863982825713,-0.0005705989083179766,1.0303718582018015
2020-12-04,0.0015183965732186628,0.0101,0.0147,0.0083,0.0,-0.018500000000000003,0.0015183965732186628,0.0007739419702616452,1.0311458001720633
2020-12-07,0.006013309714176215,0.0002,0.0024,-0.0102,0.0,0.015300000000000001,0.006013309714176215,0.006834780828889403,1.0379805810009526
2020-12-08,-0.0019099651320318366,0.004699999999999999,0.0101,-0.0069,0.0,0.0014000000000000002,-0.0019099651320318366,-0.0014508539572640118,1.0365297270436886
2020-12-09,0.003925782057109796,-0.0103,-0.0006,0.0128,0.0,-0.0137,0.003925782057109796,0.004230974772851334,1.04076070181654
2020-12-10,-0.004626023519577502,0.0024,0.0111,-0.0046,0.0,-0.0018,-0.004626023519577502,-0.004005743969433147,1.0367549578471067
2020-12-11,-0.0013678541549364985,-0.0018,-0.0036,-0.0073,0.0,0.0063,-0.0013678541549364985,-0.0010378780726700563,1.0357170797744366
2020-12-14,0.003322386129436039,-0.0026,0.005699999999999999,-0.0151,0.0,0.0101,0.003322386129436039,0.004716339132847489,1.0404334189072841
2020-12-15,-0.00079054144151577,0.0129,0.0106,0.0038,0.0,-0.0034000000000000002,-0.00079054144151577,-0.0016264483634149793,1.0388069705438692
2020-12-16,0.004963062991500463,0.0016,-0.0042,-0.0039000000000000003,0.0,0.0058,0.004963062991500463,0.004768925267291606,1.0435758958111607
2020-12-17,0.009750637870035836,0.0078000000000000005,0.0068000000000000005,-0.006999999999999999,0.0,0.012,0.009750637870035836,0.009893478077866636,1.0534693738890273
2020-12-18,0.009524972524117768,-0.0014000000000000002,0.0006,-0.011699999999999999,0.0,0.011000000000000001,0.009524972524117768,0.010350183556619432,1.0638195574456468
2020-12-21,-0.008786866534538126,-0.0024,0.0014000000000000002,-0.0006,0.0,0.0116,-0.008786866534538126,-0.00816881385520924,1.0556507435904376
2020-12-22,0.0026597409099443285,0.0005,0.0121,-0.0163,0.0,0.018799999999999997,0.0026597409099443285,0.0043924675022924565,1.06004321109273
2020-12-23,-0.0008394969260056083,0.0011,0.0039000000000000003,0.0203,0.0,-0.022400000000000003,-0.0008394969260056083,-0.001868201442823194,1.0581750096499067
2020-12-28,0.0028142091010460242,0.0049,-0.0073,0.0036,0.0,-0.0048,0.0028142091010460242,0.0015781312211965788,1.0597531408711034
2020-12-29,0.010480841706586294,-0.0039000000000000003,-0.0152,0.0024,0.0,-0.0040999999999999995,0.010480841706586294,0.009686973210212953,1.0694401140813163
2020-12-30,-0.0009031307505232059,0.0027,0.0101,0.0006,0.0,-0.0025,-0.0009031307505232059,-0.000575009577908454,1.0688651045034079
2020-12-31,-0.003674406264076064,0.004,-0.0086,0.0044,0.0,-0.0058,-0.003674406264076064,-0.004953373710646446,1.0639117307927615
2021-01-04,0.009630182416092002,-0.0141,0.002,0.005699999999999999,0.0,-0.0006,0.009630182416092002,0.011036191932881833,1.0749479227256433
2021-01-05,-0.016899093092227396,0.0086,0.012199999999999999,0.005,0.0,-0.0072,-0.016899093092227396,-0.017298849376227284,1.057649073349416
2021-01-06,0.003194579198422768,0.0079,0.021400000000000002,0.0394,0.0,-0.0256,0.003194579198422768,0.0019193771860979308,1.0595684505355139
2021-01-07,-0.0076686973476756265,0.0176,0.0032,-0.008100000000000001,0.0,0.015600000000000001,-0.0076686973476756265,-0.008682047670936317,1.0508864028645775
2021-01-08,0.010131588431249143,0.0051,-0.0075,-0.0138,0.0,0.0086,0.010131588431249143,0.009745373589768768,1.0606317764543463
2021-01-11,0.0055191199190899485,-0.0052,0.0026,0.0126,0.0,-0.009300000000000001,0.0055191199190899485,0.005609001932605142,1.0662407783869514
2021-01-12,-0.011261504475290868,0.0037,0.0128,0.0124,0.0,-0.0072,-0.011261504475290868,-0.011359754241440086,1.0548810241455113
2021-01-13,-0.006284656887066623,0.0006,-0.009399999999999999,-0.0045000000000000005,0.0,0.0042,-0.006284656887066623,-0.006741127259107231,1.0481398968864042
2021-01-14,0.0025561392876097,-0.0012,0.0202,0.0113,0.0,-0.011399999999999999,0.0025561392876097,0.0034206455435087514,1.051560542429913
2021-01-15,-0.009196179951951882,-0.0086,-0.005,-0.0074,0.0,0.006,-0.009196179951951882,-0.008251549341435481,1.0433089930884776
2021-01-19,0.0012865863103423542,0.0092,0.0088,-0.0079,0.0,0.0063,0.0012865863103423542,0.0013259123029521391,1.0446349053914297
2021-01-20,0.006901385328399818,0.0127,-0.0039000000000000003,-0.011000000000000001,0.0,0.0127,0.006901385328399818,0.0059559708357812295,1.050590876227211
2021-01-21,0.00924956260542939,-0.0004,-0.0054,-0.0096,0.0,0.012199999999999999,0.00924956260542939,0.009516801085859687,1.0601076773130707
2021-01-22,-0.0029420536590822506,-0.0007000000000000001,0.018600000000000002,-0.0011,0.0,0.0083,-0.0029420536590822506,-0.0013887409646450696,1.0587189363484255
2021-01-25,-0.0017293113601733361,0.0029,-0.0003,-0.0043,0.0,0.0034000000000000002,-0.0017293113601733361,-0.0018331831409418848,1.0568857532074836
2021-01-26,0.004004594515297234,-0.0033,-0.0001,0.0004,0.0,0.0026,0.004004594515297234,0.0043862880041096565,1.0612720412115932
2021-01-27,-0.001806226975269179,-0.0253,0.0132,0.0155,0.0,-0.0063,-0.001806226975269179,0.0010760117488207042,1.062348052960414
2021-01-28,-0.018661783209378332,0.009300000000000001,-0.0192,-0.009300000000000001,0.0,0.0016,-0.018661783209378332,-0.020587772676441674,1.0417602802839723
2021-01-29,0.005798306526347877,-0.0184,0.0059,0.0059,0.0,0.0021,0.005798306526347877,0.007971397857321164,1.0497316781412935
2021-02-01,-0.01361231103215648,0.0172,0.009300000000000001,-0.0147,0.0,0.0129,-0.01361231103215648,-0.01400248093327662,1.035729197208017
2021-02-02,0.014811023496105339,0.0148,-0.0088,-0.0103,0.0,-0.0006,0.014811023496105339,0.013001186032734506,1.0487303832407515
2021-02-03,0.016911753116774526,0.0014000000000000002,0.0040999999999999995,0.0073,0.0,-0.0097,0.016911753116774526,0.01658410214003022,1.0653144853807817
2021-02-04,-0.006134531928084224,0.012199999999999999,0.0039000000000000003,0.0038,0.0,-0.0042,-0.006134531928084224,-0.007369252210726752,1.057945233170055
2021-02-05,0.015760040671072645,0.005699999999999999,0.010700000000000001,-0.0049,0.0,0.0044,0.015760040671072645,0.016151626533512296,1.0740968597035672
2021-02-08,0.008238299649342702,0.0096,0.021,0.0039000000000000003,0.0,0.0043,0.008238299649342702,0.008617535253518604,1.0827143949570859
2021-02-09,0.006240159338768321,0.0005,0.0064,-0.0006,0.0,0.0042,0.006240159338768321,0.006733619455643938,1.0894480144127299
2021-02-10,0.0020974195383862723,-0.0008,-0.0059,0.0079,0.0,-0.0085,0.0020974195383862723,0.0013269023754609918,1.0907749167881908
2021-02-11,0.0026849975385004276,0.002,-0.0005,-0.006999999999999999,0.0,0.0070999999999999995,0.0026849975385004276,0.0028341797466121138,1.0936090965348029
2021-02-12,0.004551369326602154,0.0049,-0.0012,0.0046,0.0,0.0066,0.004551369326602154,0.0039418755656197325,1.0975509721004226
2021-02-16,0.010878593339110463,-0.0014000000000000002,-0.0064,0.019299999999999998,0.0,-0.0064,0.010878593339110463,0.009792926765030562,1.1073438988654531
2021-02-17,-0.0025480011983613064,-0.002,-0.0084,0.006,0.0,-0.0116,-0.0025480011983613064,-0.0033646054132888095,1.1039792934521644
2021-02-18,-0.0035537131097815476,-0.0062,-0.015300000000000001,-0.0021,0.0,-0.0089,-0.0035537131097815476,-0.004063359920541434,1.0999159335316229
2021-02-19,0.0026412154963245693,0.0016,0.0177,0.0073,0.0,0.0024,0.0026412154963245693,0.003477691767666164,1.103393625299289
2021-02-22,-0.014519672101869878,-0.0111,-0.0004,0.0313,0.0,-0.0321,-0.014519672101869878,-0.01514719666970893,1.08824642862958
2021-02-23,-0.007644678023438334,-0.0011,-0.0125,0.0089,0.0,-0.018000000000000002,-0.007644678023438334,-0.009071515844452269,1.0791749127851278
2021-02-24,-0.000356111264986276,0.0115,0.011899999999999999,0.0144,0.0,-0.0007000000000000001,-0.000356111264986276,-0.0012607901905209136,1.077914122594607
2021-02-25,0.0077367613387244235,-0.027200000000000002,-0.0111,0.0088,0.0,-0.018600000000000002,0.0077367613387244235,0.009131217728848484,1.0870453403234555
2021-02-26,-0.01915866248908511,-0.0028000000000000004,0.0068000000000000005,-0.016,0.0,0.0195,-0.01915866248908511,-0.01743496921448104,1.0696103711089744
2021-03-01,-0.0026522339140935534,0.0262,0.0109,0.0023,0.0,0.015,-0.0026522339140935534,-0.004412596556307588,1.0651977745526668
2021-03-02,0.01897637527758828,-0.0105,-0.0109,0.0125,0.0,-0.0141,0.01897637527758828,0.018604833928366732,1.0838026084810335
2021-03-03,-0.00672597487231575,-0.0155,-0.0019,0.0356,0.0,-0.0326,-0.00672597487231575,-0.007151871142999222,1.0766507373380343
2021-03-04,-0.017281260680630777,-0.0167,-0.013500000000000002,0.017,0.0,-0.028399999999999998,-0.017281260680630777,-0.01764253711609302,1.0590082002219412
2021-03-05,-0.01758515431648304,0.0187,0.0022,0.0062,0.0,-0.011000000000000001,-0.01758515431648304,-0.019845727040465326,1.039162473181476
2021-03-08,0.012921579163637493,-0.0067,0.006,0.0371,0.0,-0.031,0.012921579163637493,0.012092976896107825,1.0512554500775837
2021-03-09,-0.004384349899206742,0.0177,0.0128,-0.0323,0.0,0.0449,-0.004384349899206742,-0.0032957074294008362,1.0479597426481828
2021-03-10,0.015241981739710845,0.0067,0.0077,0.0182,0.0,-0.005,0.015241981739710845,0.014332430720604526,1.0622921733687873
2021-03-11,0.006057125921535355,0.0141,0.0159,-0.02,0.0,0.0302,0.006057125921535355,0.0069953214115271055,1.0692874947803144
2021-03-12,0.00923658547063631,0.0011,0.0014000000000000002,0.0129,0.0,-0.0106,0.00923658547063631,0.008546256571056787,1.0778337513513712
2021-03-15,0.00069020456812025,0.0069,-0.0012,-0.0127,0.0,0.0101,0.00069020456812025,0.0005379007643420121,1.0783716521157132
2021-03-16,0.0064141713382860665,-0.0040999999999999995,-0.0109,-0.0085,0.0,-0.013500000000000002,0.0064141713382860665,0.00610230189075315,1.0844739540064663
2021-03-17,-9.057259997577126e-06,0.0034000000000000002,0.004699999999999999,0.0034000000000000002,0.0,0.0149,-9.057259997577126e-06,0.00015979613481544342,1.0846337501412817
2021-03-18,-0.001337467506785452,-0.018600000000000002,-0.0174,0.0216,0.0,-0.0345,-0.001337467506785452,-0.0020534995454019773,1.0825802505958797
2021-03-19,-0.014266279702521466,0.0023,0.0126,-0.009899999999999999,0.0,0.0118,-0.014266279702521466,-0.01305838759664955,1.0695218629992302
2021-03-22,-0.0038980436176052537,0.005600000000000001,-0.011899999999999999,-0.0223,0.0,0.0017000000000000001,-0.0038980436176052537,-0.004494225245642287,1.0650276377535879
2021-03-23,0.005976169217032508,-0.0116,-0.027000000000000003,-0.0104,0.0,-0.0222,0.005976169217032508,0.005234097657130935,1.070261735410719
2021-03-24,-0.005019419644906712,-0.0097,-0.0197,0.0146,0.0,-0.0282,-0.005019419644906712,-0.006449041496761152,1.0638126939139578
2021-03-25,-0.006545859467041362,0.0067,0.0168,0.013999999999999999,0.0,0.0073,-0.006545859467041362,-0.006428002012483264,1.0573846919014747
2021-03-26,0.0020807337063378684,0.015600000000000001,0.0019,0.0068000000000000005,0.0,-0.0044,0.0020807337063378684,0.0002470068105212583,1.057631698711996
2021-03-29,0.016765800979498514,-0.0048,-0.0241,-0.0023,0.0,-0.0262,0.016765800979498514,0.015144546531411741,1.0727762452434078
2021-03-30,0.0008661008141347981,-0.0003,0.0154,0.0101,0.0,0.0232,0.0008661008141347981,0.0020998588223577544,1.0748761040657655
2021-03-31,-0.0030606110291306605,0.0063,0.011200000000000002,-0.023399999999999997,0.0,0.018000000000000002,-0.0030606110291306605,-0.0017716532872410363,1.0731044507785246
2021-04-01,0.002524837210435655,0.0127,0.003,-0.0002,0.0,0.0069,0.002524837210435655,0.0015533949885349204,1.0746578457670595
2021-04-06,0.018874917595020097,0.0,-0.0031,0.0009,0.0,0.0067,0.018874917595020097,0.018778633644259444,1.093436479411319
2021-04-07,0.004320472300077519,-0.0011,-0.0159,0.003,0.0,-0.008100000000000001,0.004320472300077519,0.003078552477597935,1.096515031888917
2021-04-08,0.0008401889386009385,0.0062,0.0059,-0.011699999999999999,0.0,0.0115,0.0008401889386009385,0.001239414513458545,1.0977544464023754
2021-04-09,0.009560620802581887,0.006500000000000001,-0.0064,0.0015,0.0,-0.0018,0.009560620802581887,0.008354584828112136,1.1061090312304875
2021-04-12,0.003443665799873771,-0.0004,-0.006,0.005600000000000001,0.0,-0.0023,0.003443665799873771,0.0028371386247339502,1.1089461698552214
2021-04-13,0.001238627612318264,0.0040999999999999995,-0.003,-0.016,0.0,0.009000000000000001,0.001238627612318264,0.0013465744563124751,1.1102927443115338
2021-04-14,0.006980961015412555,-0.0034000000000000002,0.0079,0.0141,0.0,-0.0016,0.006980961015412555,0.007357313238389396,1.1176500575499233
2021-04-15,-0.004980875181881864,0.0106,-0.0044,-0.011899999999999999,0.0,-0.0075,-0.004980875181881864,-0.006146331669610736,1.1115037258803127
2021-04-16,0.010516576085370264,0.0027,-0.0036,0.006500000000000001,0.0,-0.0029,0.010516576085370264,0.009704317977026313,1.121208043857339
2021-04-19,0.006987189670859783,-0.0072,-0.0078000000000000005,0.0079,0.0,-0.0121,0.006987189670859783,0.006680649548820248,1.1278886934061594
2021-04-20,-0.00703623387948048,-0.009300000000000001,-0.0118,-0.015700000000000002,0.0,-0.020499999999999997,-0.00703623387948048,-0.006769552752819914,1.1211191406533394
2021-04-21,0.000699076467988377,0.011000000000000001,0.0138,0.0012,0.0,0.020099999999999996,0.000699076467988377,0.0008767792665731624,1.1219959199199125
2021-04-22,0.010083339828470626,-0.0078000000000000005,0.0066,-0.0077,0.0,-0.0013,0.010083339828470626,0.011584006544404099,1.1335799264643167
2021-04-23,-0.0031179802575548284,0.0126,0.0075,0.0069,0.0,0.018000000000000002,-0.0031179802575548284,-0.0037759032682617476,1.1298040231960549
2021-04-26,0.006083453979903264,0.0040999999999999995,0.0088,-0.005,0.0,0.0146,0.006083453979903264,0.006737820778736993,1.1365418439747919
2021-04-27,-0.00045592228804595237,-0.0003,-0.0016,0.0085,0.0,0.0006,-0.00045592228804595237,-0.0008105589822063072,1.1357312849925856
2021-04-28,-0.0027624388144033957,-0.0007000000000000001,0.0018,0.002,0.0,-0.0018,-0.0027624388144033957,-0.002674132859638868,1.1330571521329467
2021-04-29,-0.0024584915153457215,0.004,-0.0113,0.0109,0.0,-0.0089,-0.0024584915153457215,-0.004209925495380903,1.1288472266375658
2021-04-30,0.0036366450015476873,-0.008199999999999999,-0.0043,-0.0033,0.0,-0.004699999999999999,0.0036366450015476873,0.004215316829620223,1.133062543467186
2021-05-03,-0.0057421541501413076,0.0018,0.0044,0.017,0.0,-0.0037,-0.0057421541501413076,-0.006293008316069958,1.126769535151116
2021-05-04,0.0004566262499785192,-0.0089,-0.0075,0.02,0.0,-0.0018,0.0004566262499785192,0.00015801886285100018,1.126927554013967
2021-05-05,-0.007632798932154551,-0.0005,-0.0046,0.013300000000000001,0.0,0.0029,-0.007632798932154551,-0.008284405549616484,1.1186431484643504
2021-05-06,-0.005174917415376034,0.0049,-0.0079,0.0118,0.0,-0.0105,-0.005174917415376034,-0.006855217297665146,1.1117879311666852
2021-05-07,0.009528461809099291,0.0084,0.0042,-0.0008,0.0,0.0125,0.009528461809099291,0.0092308590511107,1.121018790217796
2021-05-10,0.00657269422858693,-0.013500000000000002,-0.0167,0.0168,0.0,-0.0223,0.00657269422858693,0.005797526203755169,1.126816316421551
2021-05-11,-0.011168148885760494,-0.0063,0.0095,-0.0087,0.0,-0.0002,-0.011168148885760494,-0.009569859285430709,1.1172464571361203
2021-05-12,0.0006626675116400854,-0.023399999999999997,-0.0132,0.006999999999999999,0.0,-0.0255,0.0006626675116400854,0.0014284739652414102,1.1186749311013617
2021-05-14,-0.002680724807838031,0.0179,0.0098,-0.0016,0.0,0.018000000000000002,-0.002680724807838031,-0.0034476077705341158,1.1152273233308276
2021-05-17,0.011810076114534234,-0.0024,0.0059,0.0084,0.0,0.0028000000000000004,0.011810076114534234,0.012235765426302949,1.1274630887571306
2021-05-18,-0.0018656074830632056,-0.006999999999999999,0.0026,-0.009300000000000001,0.0,-0.0025,-0.0018656074830632056,-0.0006916568600603859,1.1267714318970703
2021-05-19,-0.004438740500205343,-0.0034000000000000002,-0.0038,-0.0046,0.0,-0.006,-0.004438740500205343,-0.004312961706598412,1.1224584701904718
2021-05-20,0.0011622172682992117,0.011399999999999999,-0.001,-0.014199999999999999,0.0,0.0023,0.0011622172682992117,0.0004343232927081636,1.12289279348318
2021-05-21,0.012965427447184794,-0.0004,0.0022,0.0098,0.0,0.0022,0.012965427447184794,0.012869457622583673,1.1357622511057637
2021-05-25,0.010433521491234337,-0.003,-0.0060999999999999995,-0.0123,0.0,0.0024,0.010433521491234337,0.010806027619560322,1.146568278725324
2021-05-26,0.0015112967319966901,0.0046,0.0175,0.005699999999999999,0.0,0.0172,0.0015112967319966901,0.0023945598145311458,1.1489628385398551
2021-05-27,-0.0018490365620285158,0.0027,0.008,0.0095,0.0,0.015700000000000002,-0.0018490365620285158,-0.0015738858671756274,1.1473889526726795
2021-05-28,-0.0021480674431239677,0.0004,-0.0029,-0.0032,0.0,-0.0034000000000000002,-0.0021480674431239677,-0.0023510943026725096,1.145037858370007
2021-06-01,0.0021198429120391476,0.0003,0.0111,0.0144,0.0,0.0091,0.0021198429120391476,0.002546831008365037,1.1475846893783719
2021-06-02,-0.004458265911542699,0.0011,-0.0013,0.0032,0.0,-0.0076,-0.004458265911542699,-0.004935572912783027,1.1426491164655888
2021-06-03,0.0004825315126939432,-0.0053,-0.0054,0.0073,0.0,-0.010700000000000001,0.0004825315126939432,0.00019056199091475965,1.1428396784565036
2021-06-04,-0.0025327737539203496,0.009000000000000001,-0.0034999999999999996,-0.0091,0.0,0.0037,-0.0025327737539203496,-0.003322806401352877,1.1395168720551507
2021-06-07,0.008675145763938638,0.0014000000000000002,0.015600000000000001,-0.0095,0.0,0.006,0.008675145763938638,0.010041920401745001,1.1495587924568957
2021-06-08,0.0008465976306479744,0.0018,0.011399999999999999,-0.0031,0.0,0.0043,0.0008465976306479744,0.0016308403626287713,1.1511896328195246
2021-06-09,0.0018094021690420188,-0.0029,-0.003,-0.0084,0.0,-0.011399999999999999,0.0018094021690420188,0.001950112301737301,1.153139745121262
2021-06-10,-0.0011602874157744935,0.0040999999999999995,-0.0089,-0.020499999999999997,0.0,-0.0159,-0.0011602874157744935,-0.001837790086647125,1.1513019550346149
2021-06-11,0.009726945739038047,0.0037,0.0067,0.0017000000000000001,0.0,0.0063,0.009726945739038047,0.009872188758882464,1.1611741437934973
2021-06-14,0.00035206387048491604,0.0015,-0.0031,-0.016200000000000003,0.0,-0.0088,0.00035206387048491604,0.00034753507075671044,1.161521678864254
2021-06-15,0.005606098814765792,-0.003,-0.0001,0.0128,0.0,0.0002,0.005606098814765792,0.005480737723961248,1.1670024165882151
2021-06-16,-0.00040233686067003957,-0.0046,0.0045000000000000005,0.002,0.0,0.0034999999999999996,-0.00040233686067003957,0.0003927288411230076,1.167395145429338
2021-06-17,-0.012074964023223694,0.0001,-0.0049,-0.035699999999999996,0.0,-0.0184,-0.012074964023223694,-0.01159633162948558,1.1557988137998525
2021-06-18,0.009878500030695882,-0.0123,-0.0042,-0.0144,0.0,-0.0045000000000000005,0.009878500030695882,0.011277322388081438,1.167076136187934
2021-06-21,-0.009723841787926867,0.013600000000000001,0.0060999999999999995,0.0106,0.0,0.0137,-0.009723841787926867,-0.01080107723948863,1.1562750589484454
2021-06-22,0.00784931984652952,0.0058,0.0004,-0.0043,0.0,0.0044,0.00784931984652952,0.0075106266665732006,1.1637856856150186
2021-06-24,0.003410966034308922,0.0069,0.0066,0.0023,0.0,0.0075,0.003410966034308922,0.003219452601482076,1.1670051382165008
2021-06-25,0.0014651509298603993,0.0031,-0.006999999999999999,0.0043,0.0,-0.0054,0.0014651509298603993,0.00040121985707646814,1.1674063580735772
2021-06-28,0.007036762538193906,0.0021,-0.0051,-0.0159,0.0,0.0003,0.007036762538193906,0.0070201581511339945,1.1744265162247112
2021-06-29,0.0028946252445247564,0.0001,-0.0024,-0.003,0.0,0.0012,0.0028946252445247564,0.002849665074245932,1.1772761812989572
2021-06-30,0.0004010224708985281,0.0007000000000000001,-0.0011,0.0075,0.0,0.0074,0.0004010224708985281,0.0001567793834553765,1.1774329606824125
2021-07-01,-0.003345968203757787,0.0044,0.0036,0.0044,0.0,-0.0021,-0.003345968203757787,-0.0037585325568144905,1.173674428125598
2021-07-02,0.004416074071844667,0.005600000000000001,-0.013500000000000002,-0.006999999999999999,0.0,-0.0079,0.004416074071844667,0.0029808147399812326,1.1766552428655792
2021-07-06,-4.870525204975811e-05,-0.0027,-0.0064,-0.02,0.0,-0.014499999999999999,-4.870525204975811e-05,0.0001695020120443428,1.1768247448776235
2021-07-07,0.0019510109538034958,0.001,-0.009000000000000001,0.0008,0.0,-0.0113,0.0019510109538034958,0.0009633771734996869,1.177788122051123
2021-07-08,0.002039036062580994,-0.0086,0.0015,-0.0079,0.0,-0.003,0.002039036062580994,0.0032473646956044447,1.1810354867467274
2021-07-09,-0.002242418361956646,0.0126,0.0062,0.015700000000000002,0.0,0.0166,-0.002242418361956646,-0.003319571211224196,1.1777159155355033
2021-07-12,0.005283687560103459,0.0023,-0.0016,0.005600000000000001,0.0,0.0089,0.005283687560103459,0.0049351544782707075,1.182651070013774
2021-07-13,0.0011984350480447646,-0.0055000000000000005,-0.011200000000000002,-0.0040999999999999995,0.0,-0.012199999999999999,0.0011984350480447646,0.0008907257477021001,1.183541795761476
2021-07-14,-0.0016505724668408105,-0.0025,-0.0116,0.0034999999999999996,0.0,-0.013999999999999999,-0.0016505724668408105,-0.002598519110144128,1.180943276651332
2021-07-15,0.004215246395668537,-0.0038,-0.0034999999999999996,0.0079,0.0,-0.0064,0.004215246395668537,0.003967560043872621,1.1849108366952046
2021-07-16,-0.0028697554015381798,-0.0076,-0.0023,-0.0127,0.0,-0.0155,-0.0028697554015381798,-0.0021306321236972876,1.1827802045715072
2021-07-19,-0.0053076817753485335,-0.014199999999999999,0.0032,-0.0177,0.0,-0.0062,-0.0053076817753485335,-0.00313131248108275,1.1796488920904245
2021-07-20,-0.006396726603365023,0.017,0.008,0.0014000000000000002,0.0,0.0161,-0.006396726603365023,-0.0073350855239091,1.1723138065665153
2021-07-21,0.008391011919637556,0.0095,0.0063,0.008100000000000001,0.0,0.018799999999999997,0.008391011919637556,0.007952863458345219,1.1802666700248605
2021-07-22,0.0029982140019018306,0.001,-0.013300000000000001,-0.0102,0.0,-0.0066,0.0029982140019018306,0.00219616757641827,1.1824628376012787
2021-07-23,0.00765173204703305,0.009899999999999999,-0.001,-0.0045000000000000005,0.0,0.0011,0.00765173204703305,0.006723673786990188,1.189186511388269
2021-07-26,0.01193817417100447,0.0018,-0.001,0.013300000000000001,0.0,0.0098,0.01193817417100447,0.011439157163539746,1.2006256685518086
2021-07-27,-0.0005478557243021756,-0.006500000000000001,-0.006500000000000001,0.0059,0.0,-0.0105,-0.0005478557243021756,-0.0007365605571015098,1.1998891079947072
2021-07-28,0.00025299509294931513,0.0027,0.013999999999999999,-0.0064,0.0,0.0059,0.00025299509294931513,0.0012667889686867606,1.201155896963394
2021-07-29,0.0033118166249506502,0.0040999999999999995,0.0,0.009399999999999999,0.0,0.008,0.0033118166249506502,0.0027339258557549564,1.203889822819149
2021-07-30,-0.0016281213318031867,-0.006500000000000001,-0.0007000000000000001,-0.0018,0.0,-0.0011,-0.0016281213318031867,-0.0009566069178110407,1.202933215901338
2021-08-02,-0.004584586006360089,-0.0012,-0.0013,-0.0045000000000000005,0.0,-0.0005,-0.004584586006360089,-0.004404119562484648,1.1985290963388533
2021-08-03,-0.001878745600405906,0.0073,-0.004699999999999999,0.009300000000000001,0.0,0.0051,-0.001878745600405906,-0.0031704735227325344,1.1953586228161208
2021-08-04,0.003314510514040328,-0.0039000000000000003,-0.0060999999999999995,-0.015700000000000002,0.0,-0.0019,0.003314510514040328,0.0038045099168538504,1.1991631327329746
2021-08-05,0.001501378682533579,0.0074,0.0113,-0.0012,0.0,0.008,0.001501378682533579,0.0017069576918736869,1.2008700904248484
2021-08-06,0.0023158760018338565,0.0009,0.0006,0.018799999999999997,0.0,0.0049,0.0023158760018338565,0.0017259004155597793,1.2025959908404082
2021-08-09,-0.003548588056241312,0.0,-0.0036,-0.0027,0.0,0.0062,-0.003548588056241312,-0.003566627330887337,1.1990293635095208
2021-08-10,-0.002659048282302281,0.0006,0.0001,0.0182,0.0,0.0042,-0.002659048282302281,-0.003246165537279218,1.1957831979722415
2021-08-11,-0.0030866891489782313,0.002,-0.0001,0.0144,0.0,-0.0026,-0.0030866891489782313,-0.003851391060257111,1.1919318069119844
2021-08-12,0.0017033334394600164,0.0024,-0.0059,-0.0040999999999999995,0.0,0.0034000000000000002,0.0017033334394600164,0.001264838343015534,1.193196645255
2021-08-13,0.0028631969275592717,0.0002,-0.0084,-0.0027,0.0,-0.008199999999999999,0.0028631969275592717,0.0021868049815874186,1.1953834502365874
2021-08-16,0.002350573513526326,-0.0003,-0.0085,0.0006,0.0,-0.0049,0.002350573513526326,0.0016784319656106164,1.1970618822021981
2021-08-17,0.004481965424838096,-0.0079,-0.0045000000000000005,-0.0013,0.0,-0.0124,0.004481965424838096,0.004780707645273145,1.2018425898474712
2021-08-18,-0.006135532576818716,-0.0096,0.0011,-0.0018,0.0,0.0044,-0.006135532576818716,-0.004897891646581682,1.1969446982008896
2021-08-19,-0.013724553490127642,-0.0013,-0.0079,-0.0083,0.0,-0.0069,-0.013724553490127642,-0.013990302478736824,1.1829543957221527
2021-08-20,0.00388297032511512,0.0092,0.01,-0.005,0.0,0.002,0.00388297032511512,0.003811660259951702,1.1867660559821043
2021-08-23,0.008722216594603658,0.010700000000000001,0.009300000000000001,-0.0083,0.0,0.0073,0.008722216594603658,0.008673558343852228,1.1954396143259565
2021-08-24,0.0004809648895630676,0.004,0.0036,0.0034999999999999996,0.0,0.009399999999999999,0.0004809648895630676,0.0003898503147574913,1.195829464640714
2021-08-25,-0.0009984468604394294,0.0027,-0.0004,0.0036,0.0,0.0074,-0.0009984468604394294,-0.001271547595118651,1.1945579170455953
2021-08-26,-0.00013220168689340455,-0.006500000000000001,-0.0039000000000000003,-0.0033,0.0,-0.0034000000000000002,-0.00013220168689340455,0.000323554769557706,1.194881471815153
2021-08-27,-0.004151681827797852,0.010700000000000001,0.0161,0.0031,0.0,0.0096,-0.004151681827797852,-0.004078437731336009,1.190803034083817
2021-08-30,0.006176478398257998,0.0034999999999999996,-0.0033,-0.0139,0.0,-0.011399999999999999,0.006176478398257998,0.005813899136166789,1.1966169332199836
2021-08-31,0.006993634473075843,-0.0013,0.0044,-0.0004,0.0,-0.0024,0.006993634473075843,0.007390379286952668,1.2040073125069364
2021-09-01,0.0005660881734745601,0.0011,0.0059,-0.0096,0.0,-0.0060999999999999995,0.0005660881734745601,0.0010474163634707188,1.205054728870407
2021-09-02,0.003643440497456827,0.0034999999999999996,0.001,-0.0002,0.0,0.0024,0.003643440497456827,0.003403213593663482,1.2084579424640705
2021-09-03,-0.0011900629741657242,-0.0002,-0.0038,-0.0028000000000000004,0.0,0.0026,-0.0011900629741657242,-0.0012751757067020419,1.2071827667573685
2021-09-07,-0.00023481834192160567,-0.0036,-0.0013,-0.0008,0.0,0.0023,-0.00023481834192160567,0.0001313625786021657,1.2073141293359706
2021-09-08,-0.0030246486683978614,-0.0033,-0.008199999999999999,0.0007000000000000001,0.0,-0.009000000000000001,-0.0030246486683978614,-0.003454070581908858,1.2038600587540618
2021-09-09,-0.00020417458497578786,-0.0028000000000000004,0.0024,0.0009,0.0,0.009000000000000001,-0.00020417458497578786,0.0004162023498227163,1.2042762611038844
2021-09-10,-0.0024479772115575628,-0.0076,-0.0008,0.0002,0.0,-0.0019,-0.0024479772115575628,-0.001753592922107661,1.2025226681817767
2021-09-13,-0.0032597312952576908,0.0014000000000000002,-0.0007000000000000001,0.013500000000000002,0.0,0.0,-0.0032597312952576908,-0.003915281354413222,1.1986073868273635
2021-09-14,-0.009302974687377322,-0.0066,-0.0049,-0.0097,0.0,-0.0008,-0.009302974687377322,-0.008629705984996,1.1899776808423674
2021-09-15,0.0002604734237370621,0.0088,0.0002,0.0067,0.0,0.0105,0.0002604734237370621,-0.0006501578510364411,1.189327522991331
2021-09-16,-0.00039060839250044694,-0.0005,0.0004,-0.0058,0.0,-0.0011,-0.00039060839250044694,-0.00013665836497331118,1.1891908646263576
2021-09-17,-0.0022595025372882716,-0.0074,0.0098,-0.0005,0.0,-0.0078000000000000005,-0.0022595025372882716,-0.0009701303375276441,1.18822073428883
2021-09-20,-0.01334526920996756,-0.018600000000000002,-0.005699999999999999,0.0022,0.0,-0.006500000000000001,-0.01334526920996756,-0.011998382921136775,1.1762223513676933
2021-09-21,-0.005025247752005056,0.0003,0.0046,-0.0068000000000000005,0.0,0.0017000000000000001,-0.005025247752005056,-0.004475265391186286,1.171747085976507
2021-09-22,0.002656939932531713,0.01,0.0012,0.0060999999999999995,0.0,0.0126,0.002656939932531713,0.0017543459826273873,1.1735014319591344
2021-09-23,0.0048017582988674635,0.0128,0.0036,0.0092,0.0,0.010700000000000001,0.0048017582988674635,0.003621586611886137,1.1771230185710204
2021-09-24,0.005112843527592605,0.0009,-0.004699999999999999,0.0070999999999999995,0.0,0.0023,0.005112843527592605,0.0045065657394104544,1.181629584310431
2021-09-27,-0.004253323327615675,-0.0011,0.0126,0.024399999999999998,0.0,0.0060999999999999995,-0.004253323327615675,-0.0039843308316329686,1.177645253478798
2021-09-28,-0.013977224095840778,-0.0217,-0.0043,0.0176,0.0,-0.005600000000000001,-0.013977224095840778,-0.012717073668082952,1.164928179810715
2021-09-29,-0.016438281377954996,0.0004,-0.003,0.008100000000000001,0.0,-0.0048,-0.016438281377954996,-0.017064488355286615,1.1478636914554283
2021-09-30,-0.0005911444890345902,-0.0103,0.0031,-0.0077,0.0,-0.0014000000000000002,-0.0005911444890345902,0.0009317846660120187,1.1487954761214403
2021-10-01,-0.011202288221490891,0.011200000000000002,0.0040999999999999995,0.0051,0.0,0.006500000000000001,-0.011202288221490891,-0.01213156483228965,1.1366639112891506
2021-10-04,0.010629902463272644,-0.014199999999999999,-0.0002,0.0235,0.0,0.0011,0.010629902463272644,0.011325602459415145,1.1479895137485656
2021-10-05,-0.013702703303543593,0.0106,-0.0052,-0.0007000000000000001,0.0,0.0070999999999999995,-0.013702703303543593,-0.014989333337098754,1.1330001804114669
2021-10-06,-0.00043952947805872143,0.0034000000000000002,-0.0086,-0.005,0.0,-0.008100000000000001,-0.00043952947805872143,-0.0013841734395931358,1.1316160069718737
2021-10-07,0.009496320140711279,0.0101,0.0053,-0.0018,0.0,0.0063,0.009496320140711279,0.008995254376167135,1.1406112613480408
2021-10-08,0.004277680670579448,-0.0027,-0.006,0.0113,0.0,0.0008,0.004277680670579448,0.003784538293411542,1.1443957996414524
2021-10-11,-0.005110239942169154,-0.0072,0.0032,-0.0028000000000000004,0.0,0.0007000000000000001,-0.005110239942169154,-0.004027462929586503,1.140368336711866
2021-10-12,-0.0049492499273402855,-0.0007000000000000001,0.0063,-0.0043,0.0,-0.0006,-0.0049492499273402855,-0.004314205248284553,1.1360541314635815
2021-10-13,0.0012441688362387284,0.0043,0.0014000000000000002,-0.0105,0.0,-0.0046,0.0012441688362387284,0.0011477548902537786,1.1372018863538353
2021-10-14,0.011152750039270364,0.0165,-0.0032,-0.0028000000000000004,0.0,0.0012,0.011152750039270364,0.009327590928538503,1.1465294772823738
2021-10-15,0.010411118508655007,0.0064,-0.011899999999999999,0.0028000000000000004,0.0,0.0016,0.010411118508655007,0.008871284271667241,1.155400761554041
2021-10-18,0.0025011462442997862,0.004,-0.0023,-0.0001,0.0,0.0137,0.0025011462442997862,0.0022254896300118155,1.1576262511840527
2021-10-19,0.005671734986744872,0.006999999999999999,-0.0049,-0.0024,0.0,-0.0073,0.005671734986744872,0.004529408959626123,1.1621556601436789
2021-10-20,0.003877837234317827,0.0034000000000000002,-0.0002,0.012,0.0,0.001,0.003877837234317827,0.0031194783620523245,1.1652751385057312
2021-10-21,-0.0020914770276612483,0.0036,0.0021,-0.009899999999999999,0.0,0.0001,-0.0020914770276612483,-0.0019858218975563947,1.1632893166081748
2021-10-22,0.0051920797677428455,-0.0025,-0.0023,0.0102,0.0,0.0033,0.0051920797677428455,0.005020842648502642,1.1683101592566774
2021-10-25,-0.0003677882405119783,0.005600000000000001,0.0049,-0.0013,0.0,0.011699999999999999,-0.0003677882405119783,-0.0003245909376695885,1.1679855683190077
2021-10-26,0.0030948864036014143,0.0005,-0.006999999999999999,-0.003,0.0,-0.0018,0.0030948864036014143,0.002630794785004656,1.1706163631040123
2021-10-27,-0.0002616064252696235,-0.0076,-0.0072,-0.012,0.0,-0.0009,-0.0002616064252696235,0.0004367537106688908,1.1710531168146812
2021-10-28,-0.004429589224390284,0.0111,0.0088,-0.005,0.0,0.008100000000000001,-0.004429589224390284,-0.004649572776268637,1.1664035440384126
2021-10-29,0.00415936181570372,0.0021,0.0019,-0.0083,0.0,0.0058,0.00415936181570372,0.004477302158895509,1.1708808461973081
2021-11-02,0.003694189140325141,0.0025,-0.0029,-0.0055000000000000005,0.0,0.0,0.003694189140325141,0.003423177174081393,1.1743040233713895
2021-11-03,0.0038902973778804275,0.0079,0.014499999999999999,-0.0016,0.0,-0.003,0.0038902973778804275,0.004036436883265251,1.1783404602546548
2021-11-04,0.004384062046395689,0.0039000000000000003,-0.0002,-0.0138,0.0,-0.0046,0.004384062046395689,0.004333704256639321,1.1826741645112941
2021-11-05,0.003743650592611346,0.0037,0.0068000000000000005,0.012199999999999999,0.0,0.0084,0.003743650592611346,0.003582339561869813,1.1862565040731639
2021-11-08,0.00866541458244231,0.0016,0.0002,0.001,0.0,0.0046,0.00866541458244231,0.008576620163654985,1.1948331242368189
2021-11-09,-0.002831175056162657,-0.0034000000000000002,-0.0018,0.0046,0.0,-0.0088,-0.002831175056162657,-0.0029445323593310525,1.1918885918774877
2021-11-10,-0.007376672494757338,-0.0104,-0.0066,0.0095,0.0,-0.0092,-0.007376672494757338,-0.007258253243561427,1.1846303386339263
2021-11-11,-0.0037596485673158314,0.0017000000000000001,0.0053,0.0034000000000000002,0.0,0.0095,-0.0037596485673158314,-0.00348867888486133,1.181141659749065
2021-11-12,-0.0019470113775972725,0.0074,-0.0032,-0.0091,0.0,-0.002,-0.0019470113775972725,-0.0026722672452242197,1.1784693925038408
2021-11-15,0.009186734494542262,-0.0006,-0.0052,0.006999999999999999,0.0,-0.0017000000000000001,0.009186734494542262,0.008620628777516575,1.1870900212813573
2021-11-16,0.002524368642674515,0.0044,0.0004,-0.0068000000000000005,0.0,0.0021,0.002524368642674515,0.002368091371237751,1.1894581126525952
2021-11-17,0.004041515462499581,-0.0040999999999999995,-0.005699999999999999,-0.0026,0.0,-0.0004,0.004041515462499581,0.004164474887005175,1.1936225875396003
2021-11-18,-0.0028529730982813626,0.0014000000000000002,-0.005600000000000001,-0.0006,0.0,0.01,-0.0028529730982813626,-0.0031430981676915416,1.1904794893719086
2021-11-19,-0.004036764142544249,-0.0025,-0.0017000000000000001,-0.0131,0.0,0.0003,-0.004036764142544249,-0.0034360324142323653,1.1870434569576762
2021-11-22,0.007384752502035788,-0.005699999999999999,-0.0054,0.0278,0.0,0.0062,0.007384752502035788,0.006799837235335109,1.1938432941930113
2021-11-23,-0.012936539074246082,-0.0002,-0.0052,0.0177,0.0,0.0011,-0.012936539074246082,-0.01384960740863783,1.1799936867843734
2021-11-24,-0.004521639848051731,0.003,0.0003,-0.0087,0.0,0.0013,-0.004521639848051731,-0.004490343434126669,1.1755033433502469
2021-11-26,-0.004470481477527596,-0.0223,-0.012199999999999999,-0.0095,0.0,-0.006999999999999999,-0.004470481477527596,-0.002788106529599995,1.1727152368206468
2021-11-29,-0.01451991260170782,0.011000000000000001,-0.0102,-0.0078000000000000005,0.0,0.0125,-0.01451991260170782,-0.015828523551223758,1.1568867132694232
2021-11-30,0.0075002244354428595,-0.0195,0.0053,-0.0113,0.0,-0.0019,0.0075002244354428595,0.01024905449042322,1.1671357677598464
2021-12-01,-0.01787787636426464,-0.0159,-0.0078000000000000005,0.0109,0.0,-0.0018,-0.01787787636426464,-0.017152175560409058,1.1499835921994372
2021-12-02,-0.005270465324077377,0.015300000000000001,0.0072,0.0124,0.0,-0.0026,-0.005270465324077377,-0.00686532089976774,1.1431182712996695
2021-12-03,0.011146796090744305,-0.0118,-0.0115,0.0108,0.0,-0.011200000000000002,0.011146796090744305,0.010991605294622519,1.154109876594292
2021-12-06,-0.0037584633761662263,0.012,0.0076,0.0063,0.0,-0.0095,-0.0037584633761662263,-0.004921088387020618,1.1491887882072715
2021-12-07,0.017008445232202764,0.0222,0.002,-0.0178,0.0,0.009300000000000001,0.017008445232202764,0.015626604023403524,1.164815392230675
2021-12-08,0.01522668717035596,0.0046,0.0067,-0.0085,0.0,-0.0054,0.01522668717035596,0.015373015961629464,1.1801884081923044
2021-12-09,0.0017273038912171868,-0.0104,-0.013600000000000001,0.0155,0.0,0.0,0.0017273038912171868,0.0013644775496464267,1.1815528857419508
2021-12-10,-0.005417034743831561,0.0070999999999999995,-0.0083,0.0052,0.0,0.0078000000000000005,-0.005417034743831561,-0.0067337143703477785,1.174819171371603
2021-12-13,0.00676416380158805,-0.0104,-0.003,-0.009899999999999999,0.0,-0.0182,0.00676416380158805,0.0075951795424919295,1.182414350914095
2021-12-14,-0.0009855531682089842,-0.0076,-0.0068000000000000005,0.0165,0.0,-0.0029,-0.0009855531682089842,-0.0012771069211861353,1.1811372439929089
2021-12-15,-0.010573325094608456,0.016200000000000003,0.0038,-0.0191,0.0,0.004699999999999999,-0.010573325094608456,-0.01125912689290919,1.1698781170999997
2021-12-16,0.013720402901145672,-0.011899999999999999,-0.016,0.027999999999999997,0.0,-0.011200000000000002,0.013720402901145672,0.012682475656280454,1.1825605927562801
2021-12-17,-0.005020980241292645,-0.0066,0.0189,-0.023399999999999997,0.0,-0.0166,-0.005020980241292645,-0.002605540574661866,1.1799550521816182
2021-12-20,-0.017857427573781393,-0.0126,-0.0016,-0.0040999999999999995,0.0,-0.0034999999999999996,-0.017857427573781393,-0.016580942867026605,1.1633741093145917
2021-12-21,-0.00429390087501429,0.0206,0.008199999999999999,0.0019,0.0,0.0060999999999999995,-0.00429390087501429,-0.005829439881479969,1.1575446694331117
2021-12-22,0.017336626748947658,0.0097,0.0026,-0.0034999999999999996,0.0,0.009399999999999999,0.017336626748947658,0.016819324929643848,1.1743639943627555
2021-12-23,0.011250390638564001,0.0072,0.0034999999999999996,-0.0049,0.0,0.0003,0.011250390638564001,0.010907226192438406,1.1852712205551938
2021-12-27,0.004709468329287719,0.0123,-0.001,0.0031,0.0,0.02,0.004709468329287719,0.003679007803513261,1.188950228358707
2021-12-28,0.010715543848026327,-0.0026,-0.006,0.008199999999999999,0.0,-0.0053,0.010715543848026327,0.010185886067755095,1.199136114426462
2021-12-29,-7.282980195497506e-05,0.0007000000000000001,-0.0006,0.0017000000000000001,0.0,0.0045000000000000005,-7.282980195497506e-05,-0.00014768157241405608,1.198988432854048
2021-12-30,0.002772936555419719,-0.0017000000000000001,0.001,-0.0040999999999999995,0.0,-0.011200000000000002,0.002772936555419719,0.002916834882982745,1.2019052677370308
2021-12-31,-0.002669288397285529,-0.0031,0.0005,0.0052,0.0,0.0044,-0.002669288397285529,-0.002392894910626392,1.1995123728264043
2022-01-03,0.0023877211828323163,0.0072,0.0034999999999999996,0.0077,0.0,-0.010700000000000001,0.0023877211828323163,0.0013760778474842172,1.2008884506738886
2022-01-04,-0.0072706514264956,-0.0027,-0.008100000000000001,0.0364,0.0,0.0044,-0.0072706514264956,-0.008686126129449327,1.1922023245444393
2022-01-05,-0.0028307582929717173,-0.0226,-0.0146,0.0258,0.0,-0.0068000000000000005,-0.0028307582929717173,-0.002481707106535255,1.189720617437904
2022-01-06,-0.02115596330275225,0.0,0.0021,0.0176,0.0,0.0074,-0.02115596330275225,-0.021454678724461333,1.1682659387134426
2022-01-07,-0.0033473565256045995,-0.0049,-0.0132,0.0202,0.0,-0.0063,-0.0033473565256045995,-0.004556412073048433,1.1637095266403943
2022-01-10,-0.009930705386386615,-0.0014000000000000002,-0.0024,-0.0026,0.0,-0.0015,-0.009930705386386615,-0.009890509596979258,1.153819017043415
2022-01-11,-0.007590580840907132,0.0108,-0.0009,-0.0027,0.0,-0.0013,-0.007590580840907132,-0.008719608763398012,1.145099408280017
2022-01-12,0.004670673747422647,0.0013,-0.0089,0.0052,0.0,0.012199999999999999,0.004670673747422647,0.004016397024922633,1.1491158053049397
2022-01-13,0.0006124215419956163,-0.0155,0.0032,0.0239,0.0,-0.002,0.0006124215419956163,0.0015944961120270002,1.1507103014169668
2022-01-14,-0.017754795045957797,0.0008,0.0018,0.0055000000000000005,0.0,-0.0008,-0.017754795045957797,-0.01792167748969664,1.1327886239272702
2022-01-18,-0.004456476468138247,-0.0206,-0.0104,0.0138,0.0,0.0009,-0.004456476468138247,-0.003455324341297511,1.1293332995859726
2022-01-19,-0.011582925434743253,-0.0102,-0.0032,-0.0067,0.0,-0.0037,-0.011582925434743253,-0.010582125570863469,1.118751174015109
2022-01-20,-0.00019752138874460759,-0.0115,-0.0086,-0.0023,0.0,-0.0045000000000000005,-0.00019752138874460759,0.00040527577872210804,1.119156449793831
2022-01-21,-0.009660704105305389,-0.0209,0.0028000000000000004,0.004699999999999999,0.0,0.0046,-0.009660704105305389,-0.007340947196036889,1.1118155025977943
2022-01-24,-0.014534096705889673,0.0053,0.0181,-0.0025,0.0,0.0008,-0.014534096705889673,-0.01375805662985949,1.0980574459679349
2022-01-25,0.00027183421583056657,-0.014199999999999999,-0.0060999999999999995,0.027999999999999997,0.0,0.0024,0.00027183421583056657,0.000441329564919382,1.0984987755328544
2022-01-26,-0.010390496483016447,-0.0029,-0.010700000000000001,0.001,0.0,0.013300000000000001,-0.010390496483016447,-0.010559431747901232,1.0879393437849532
2022-01-27,-0.011706139953666253,-0.0076,-0.0165,0.0083,0.0,0.0036,-0.011706139953666253,-0.01223546180203302,1.07570388198292
2022-01-28,0.006390928546935801,0.0246,-0.0015,-0.0208,0.0,-0.0029,0.006390928546935801,0.004358487639640221,1.0800623696225604
2022-01-31,0.023157313469660976,0.0232,0.0131,-0.0287,0.0,-0.0177,0.023157313469660976,0.022212631994108133,1.1022750016166685
2022-02-01,0.018949985359047822,0.0087,0.0006,0.006500000000000001,0.0,0.0005,0.018949985359047822,0.01786750528695368,1.1201425069036222
2022-02-02,0.0032343585799250708,0.0051,-0.0173,0.006999999999999999,0.0,0.024300000000000002,0.0032343585799250708,0.0018117112930109347,1.121954218196633
2022-02-03,-0.007784614434113027,-0.0248,-0.0006,0.0219,0.0,0.0123,-0.007784614434113027,-0.00570802752341653,1.1162461906732166
2022-02-04,-0.016758416710300865,0.0089,-0.0002,-0.006,0.0,-0.0242,-0.016758416710300865,-0.018023381382354785,1.098222809290862
2022-02-07,-7.196439777327275e-05,-0.0024,0.0055000000000000005,0.002,0.0,-0.0036,-7.196439777327275e-05,0.0004068013217710954,1.098629610612633
2022-02-08,-0.005613627007591359,0.0102,0.0067,-0.0029,0.0,-0.0016,-0.005613627007591359,-0.006163433466901504,1.0924661771457316
2022-02-09,0.0067338507725401625,0.016,0.0024,-0.0196,0.0,-0.011200000000000002,0.0067338507725401625,0.00564709597014011,1.0981132731158716
2022-02-10,0.010073473378481275,-0.0169,-0.0014000000000000002,0.0123,0.0,0.0034000000000000002,0.010073473378481275,0.011403159426930588,1.1095164325428022
2022-02-11,-0.01836878786498436,-0.0191,0.0060999999999999995,0.0213,0.0,0.0078000000000000005,-0.01836878786498436,-0.01651163778894877,1.0930047947538535
2022-02-14,-0.024327428392440724,-0.0034999999999999996,0.0022,-0.0062,0.0,0.0,-0.024327428392440724,-0.023599347937771017,1.0694054468160825
2022-02-15,0.005888682789945653,0.018500000000000003,0.0131,-0.013999999999999999,0.0,-0.0096,0.005888682789945653,0.005109597482605654,1.0745150442986882
2022-02-16,0.007591854345146992,-0.0002,-0.001,0.0032,0.0,0.006,0.007591854345146992,0.00756537888503376,1.082080423183722
2022-02-17,-0.00043407105860528074,-0.0229,-0.003,0.0115,0.0,0.0103,-0.00043407105860528074,0.0015925044716983234,1.0836729276554202
2022-02-18,-0.015586397112760934,-0.0085,-0.0009,0.0095,0.0,0.0109,-0.015586397112760934,-0.014845340701630724,1.0688275869537895
2022-02-22,-0.0026411654819525803,-0.011699999999999999,-0.0048,0.0009,0.0,0.0051,-0.0026411654819525803,-0.0016610825389262733,1.0671665044148633
2022-02-23,-0.005468238672180155,-0.0195,-0.002,0.0125,0.0,0.009399999999999999,-0.005468238672180155,-0.0037837965637163933,1.0633827078511469
2022-02-24,-0.02325482655926816,0.0187,0.015,-0.0388,0.0,-0.0305,-0.02325482655926816,-0.023530609215877216,1.0398520986352697
2022-02-25,0.019511286366317854,0.022400000000000003,-0.0042,0.011899999999999999,0.0,0.0073,0.019511286366317854,0.01662947237174188,1.0564815710070117
2022-02-28,0.017721727160320794,0.0003,0.0063,-0.0046,0.0,-0.0029,0.017721727160320794,0.018212448271643714,1.0746940192786554
2022-03-01,-0.007113082146073941,-0.0155,-0.0011,-0.0085,0.0,0.0027,-0.007113082146073941,-0.0052142109983334736,1.0694798082803219
2022-03-02,-0.010994707591411664,0.0182,0.0046,0.013000000000000001,0.0,0.0132,-0.010994707591411664,-0.012748775930721164,1.0567310323496006
2022-03-03,0.011187025366602895,-0.0086,-0.005699999999999999,0.0151,0.0,0.013500000000000002,0.011187025366602895,0.011477577523637072,1.0682086098732377
2022-03-04,-0.013799692000759516,-0.0109,-0.0067,0.0072,0.0,0.015300000000000001,-0.013799692000759516,-0.013027075949747256,1.0551815339234905
2022-03-07,-0.012978242268671138,-0.031400000000000004,0.0058,0.0089,0.0,0.005699999999999999,-0.012978242268671138,-0.009473908029288589,1.045707625894202
2022-03-08,-0.028096584136498386,-0.0053,0.0103,0.003,0.0,-0.0086,-0.028096584136498386,-0.02713028394423932,1.0185773419499626
2022-03-09,-0.008419396148038617,0.0279,0.0036,-0.0217,0.0,-0.009899999999999999,-0.008419396148038617,-0.010572163753921528,1.008005178196041
2022-03-10,0.02726849249056291,-0.004699999999999999,0.0011,0.0118,0.0,0.0096,0.02726849249056291,0.027640308088046656,1.0356454862840878
2022-03-11,-0.010295124826824873,-0.0148,-0.0044,0.0176,0.0,0.013000000000000001,-0.010295124826824873,-0.009362664629568385,1.0262828216545195
2022-03-14,-0.018071166078408432,-0.0104,-0.0134,0.0179,0.0,0.013000000000000001,-0.018071166078408432,-0.018221200466828565,1.008061621187691
2022-03-15,-0.0076395324889299955,0.0215,-0.0015,-0.023700000000000002,0.0,-0.0077,-0.0076395324889299955,-0.00935177613425629,0.9987098450534346
2022-03-16,0.03139977560007521,0.026000000000000002,0.008,-0.018500000000000003,0.0,-0.0216,0.03139977560007521,0.029382458608228967,1.0280923036616636
2022-03-17,0.022957860284662263,0.014199999999999999,0.0029,-0.0106,0.0,-0.0069,0.022957860284662263,0.021879228626780475,1.049971532288444
2022-03-18,0.005851925387951424,0.0132,0.0028000000000000004,-0.0187,0.0,-0.0101,0.005851925387951424,0.005078867805822541,1.0550504000942664
2022-03-21,0.01756669630607423,-0.0017000000000000001,-0.011200000000000002,0.016399999999999998,0.0,0.0159,0.01756669630607423,0.016768076766255934,1.0718184768605223
2022-03-22,-0.00668736637278699,0.013000000000000001,0.0005,-0.011899999999999999,0.0,-0.0088,-0.00668736637278699,-0.007799838395985378,1.064018638464537
2022-03-23,0.011330485596558547,-0.0125,-0.0064,0.004,0.0,0.008,0.011330485596558547,0.01224260665767438,1.0762612451222113
2022-03-24,-0.019761640715376703,0.014199999999999999,-0.0008,-0.008199999999999999,0.0,-0.0024,-0.019761640715376703,-0.021076135752965713,1.0551851093692457
2022-03-25,0.012057598360605814,0.0028000000000000004,-0.0059,0.0219,0.0,0.0113,0.012057598360605814,0.010859684270817006,1.0660447936400628
2022-03-28,0.0011901892250209942,0.0073,-0.005600000000000001,-0.0172,0.0,-0.0054,0.0011901892250209942,0.0005156893988142962,1.066560483038877
2022-03-29,0.01577006997216164,0.0143,0.015300000000000001,-0.0192,0.0,-0.0202,0.01577006997216164,0.015528969624878602,1.0820894526637557
2022-03-30,0.0144171370161327,-0.008199999999999999,-0.0129,0.004,0.0,0.0104,0.0144171370161327,0.014489145303983429,1.0965785979677392
2022-03-31,-0.005771348293275658,-0.0154,0.0072,-0.0045000000000000005,0.0,0.0040999999999999995,-0.005771348293275658,-0.0034258385186417056,1.0931527594490975
2022-04-01,-0.008827719921857774,0.0039000000000000003,0.006999999999999999,-0.0060999999999999995,0.0,-0.0018,-0.008827719921857774,-0.008591778136920481,1.084560981312177
2022-04-04,0.007928275044457566,0.009300000000000001,-0.0006,-0.018600000000000002,0.0,-0.015300000000000001,0.007928275044457566,0.007217276519640183,1.0917782578318171
2022-04-05,0.007721826067779138,-0.015300000000000001,-0.0096,0.008199999999999999,0.0,0.0124,0.007721826067779138,0.008661859859688113,1.1004401176915053
2022-04-06,-0.008818182613998768,-0.0123,-0.0066,0.0108,0.0,0.014499999999999999,-0.008818182613998768,-0.008032341921810581,1.0924077757696946
2022-04-07,-0.00987108417064357,0.0034000000000000002,-0.0060999999999999995,-0.0012,0.0,0.012,-0.00987108417064357,-0.010341030475435187,1.0820667452942594
2022-04-08,0.005676040508316524,-0.0038,-0.009899999999999999,0.0227,0.0,0.009399999999999999,0.005676040508316524,0.00482993237646826,1.0868966776707276
2022-04-11,-0.005253743698907609,-0.0154,0.0029,0.0105,0.0,-0.0085,-0.005253743698907609,-0.003985268089032227,1.0829114095816954
2022-04-12,-0.01852237129151348,-0.0029,0.0054,0.004699999999999999,0.0,0.0096,-0.01852237129151348,-0.01780469553126814,1.0651067140504273
2022-04-13,-0.009254268288989915,0.0139,0.0092,-0.0070999999999999995,0.0,-0.0018,-0.009254268288989915,-0.009882995501703084,1.0552237185487243
2022-04-14,0.011568909129810267,-0.0128,0.0002,0.0143,0.0,0.0079,0.011568909129810267,0.012606468353571487,1.0678301869022957
2022-04-19,-0.020634225196779127,0.0176,0.0059,-0.0097,0.0,-0.013999999999999999,-0.020634225196779127,-0.0220499072457049,1.0457802796565907
2022-04-20,0.02143919340009762,-0.0027,0.002,0.0126,0.0,0.0227,0.02143919340009762,0.02191851861302442,1.0676987982696151
2022-04-21,0.004914294344181861,-0.0173,-0.0073,0.0040999999999999995,0.0,0.0036,0.004914294344181861,0.006169850356737901,1.0738686486263531
2022-04-22,-0.019272502119013556,-0.0274,0.0033,-0.0018,0.0,-0.0033,-0.019272502119013556,-0.016186265489970035,1.057682383136383
2022-04-25,-0.03035949615372819,0.006999999999999999,0.0044,-0.018600000000000002,0.0,-0.0124,-0.03035949615372819,-0.03042721098313836,1.0272551721532448
2022-04-26,0.01113204207545261,-0.029900000000000003,-0.0068000000000000005,0.018000000000000002,0.0,0.0128,0.01113204207545261,0.013466350393999082,1.040721522547244
2022-04-27,-0.02386013391433737,0.0013,-0.0060999999999999995,0.0034000000000000002,0.0,0.012199999999999999,-0.02386013391433737,-0.024262807219755884,1.016458715327488
2022-04-28,0.0061900964860875166,0.0245,-0.0019,-0.0042,0.0,-0.0036,0.0061900964860875166,0.0035586382830492054,1.0200173536105372
2022-04-29,0.023099495235609745,-0.0354,0.0074,0.0060999999999999995,0.0,0.0023,0.023099495235609745,0.027153861546307105,1.0471712151568444
2022-05-02,-0.028771495408506115,0.008,0.006,-0.0116,0.0,-0.0178,-0.028771495408506115,-0.029191396227040988,1.0179798189298035
2022-05-03,-0.0014797495315727596,0.0040999999999999995,-0.0017000000000000001,0.0165,0.0,0.008100000000000001,-0.0014797495315727596,-0.0024134922950952782,1.0155663266347081
2022-05-04,-0.0018027091960622823,0.0301,-0.0045000000000000005,0.0024,0.0,-0.0029,-0.0018027091960622823,-0.005408052299221764,1.0101582743354864
2022-05-05,0.023413273520121087,-0.038,-0.0079,0.023700000000000002,0.0,0.0121,0.023413273520121087,0.02631203937485099,1.0364703137103375
2022-05-06,-0.04259334269036698,-0.0085,-0.0134,0.0184,0.0,0.013999999999999999,-0.04259334269036698,-0.04293798758390611,0.9935323261264314
2022-05-10,-0.036945085795245844,0.0022,-0.0022,-0.012199999999999999,0.0,0.011200000000000002,-0.036945085795245844,-0.036665916491340406,0.956866409635091
2022-05-11,0.0037187507449421005,-0.019299999999999998,-0.0113,0.026099999999999998,0.0,0.020099999999999996,0.0037187507449421005,0.004517596256231202,0.9613840058913221
2022-05-12,-0.014568821906839648,0.0015,0.0129,-0.0123,0.0,-0.025099999999999997,-0.014568821906839648,-0.013972927991744382,0.9474110778995777
2022-05-13,0.0061491848714902795,0.0274,0.0088,-0.0218,0.0,-0.015,0.0061491848714902795,0.004294962727471544,0.9517060406270492
2022-05-16,0.022519855867447362,-0.0059,-0.002,0.0131,0.0,0.015700000000000002,0.022519855867447362,0.0228945249694154,0.9746005655964646
2022-05-17,0.0018372756114212263,0.0213,0.0096,-0.0005,0.0,-0.0148,0.0018372756114212263,-4.669511259793816e-05,0.9745538704838667
2022-05-18,0.00860833575515848,-0.0406,0.0021,0.0154,0.0,0.0009,0.00860833575515848,0.012499881644841056,0.9870537521287077
2022-05-19,-0.03930277076750851,-0.0034000000000000002,0.0049,-0.008,0.0,-0.0138,-0.03930277076750851,-0.03863888209305615,0.9484148700356516
2022-05-20,0.002258067852353393,-0.0005,-0.0011,-0.0019,0.0,-0.0008,0.002258067852353393,0.002283410575584684,0.9506982806112363
2022-05-23,0.006425293919360431,0.0175,-0.0106,0.0131,0.0,0.0095,0.006425293919360431,0.0036291732779268476,0.9543274538891632
2022-05-24,0.008407554495307567,-0.0121,-0.0092,0.0183,0.0,0.0233,0.008407554495307567,0.008930008025156934,0.9632574619143202
2022-05-25,-0.010320144787055958,0.0121,0.0079,0.002,0.0,-0.0084,-0.010320144787055958,-0.01130216337532047,0.9519552985389997
2022-05-27,0.027704625542363335,0.0258,0.0036,-0.0128,0.0,-0.0072,0.027704625542363335,0.025526286134705537,0.9774815846737053
2022-05-31,-0.0030090140863318275,-0.0070999999999999995,-0.005,0.0046,0.0,-0.005,-0.0030090140863318275,-0.002869591443527182,0.9746119932301781
2022-06-01,-0.006754166531301733,-0.0074,0.002,0.008,0.0,0.0129,-0.006754166531301733,-0.005837005885743757,0.9687749873444343
2022-06-02,-0.008576166630142183,0.0208,0.0084,-0.0208,0.0,-0.0203,-0.008576166630142183,-0.009914551836866884,0.9588604355075675
2022-06-03,0.02229890897333958,-0.0163,0.0085,0.0055000000000000005,0.0,0.009000000000000001,0.02229890897333958,0.024591328613502807,0.9834517641210703
2022-06-07,-0.011066002297752599,0.01,0.0033,-0.0015,0.0,0.0034000000000000002,-0.011066002297752599,-0.011765355522225773,0.9716864085988445
2022-06-08,0.00549212078097116,-0.0102,-0.0009,-0.0052,0.0,-0.0092,0.00549212078097116,0.006478844183577767,0.9781652527824223
2022-06-09,-0.004774082993100194,-0.024300000000000002,0.0032,0.0026,0.0,0.011699999999999999,-0.004774082993100194,-0.0018454377893885642,0.9763198149930337
2022-06-10,-0.02757858281890479,-0.03,0.0009,0.0066,0.0,0.0239,-0.02757858281890479,-0.024081378209332344,0.9522384367837013
2022-06-13,-0.02917563733676737,-0.0412,-0.006500000000000001,0.006,0.0,0.0213,-0.02917563733676737,-0.02504259585249457,0.9271958409312068
2022-06-14,-0.03252917158904851,-0.0026,0.0022,0.0011,0.0,0.0034999999999999996,-0.03252917158904851,-0.032069147897730826,0.8951266930334759
2022-06-15,-0.004413072119452854,0.0155,0.0028000000000000004,-0.0167,0.0,-0.0233,-0.004413072119452854,-0.005781098027975077,0.8893455950055008
2022-06-16,0.007818075534085733,-0.0352,-0.0118,0.0,0.0,0.0095,0.007818075534085733,0.010912116461914662,0.9002577114674155
2022-06-17,-0.010810579992242535,0.0045000000000000005,0.0111,-0.0268,0.0,-0.034,-0.010810579992242535,-0.010348434440279755,0.8899092770271357
2022-06-21,0.003308549118677093,0.023799999999999998,-0.0076,0.0024,0.0,0.013500000000000002,0.003308549118677093,0.0005078730116098292,0.8904171500387456
2022-06-22,0.008405044457320364,-0.0019,0.002,-0.0182,0.0,-0.0163,0.008405044457320364,0.00900925360988994,0.8994264036486355
2022-06-24,0.030580540816615986,0.0313,-0.0039000000000000003,-0.0001,0.0,-0.009899999999999999,0.030580540816615986,0.026824145647504922,0.9262505492961404
2022-06-27,0.02788006855585313,-0.0027,0.005600000000000001,0.0125,0.0,0.024399999999999998,0.02788006855585313,0.028643999394447953,0.9548945486905883
2022-06-28,-0.008624990373894673,-0.0209,-0.0036,0.024,0.0,0.0292,-0.008624990373894673,-0.006867051127212632,0.9480274975633757
2022-06-29,-0.02607982005532088,-0.0019,-0.0044,-0.013300000000000001,0.0,-0.001,-0.02607982005532088,-0.025746579078886434,0.9222809184844892
2022-06-30,-0.00014564672346891898,-0.0096,0.0040999999999999995,-0.0014000000000000002,0.0,0.009899999999999999,-0.00014564672346891898,0.0014009820584494268,0.9236819005429386
2022-07-01,-0.003260187217985053,0.0115,0.0003,0.0012,0.0,-0.0116,-0.003260187217985053,-0.004737186979981031,0.9189447135629576
2022-07-05,-0.005750781150637498,0.0048,0.0183,-0.0334,0.0,-0.0479,-0.005750781150637498,-0.00490642749033256,0.914038286072625
2022-07-06,0.011118640317517395,0.0017000000000000001,-0.0075,-0.0076,0.0,0.0021,0.011118640317517395,0.010736359346089056,0.9247746454187141
2022-07-07,0.004557888258223414,0.0176,0.0098,-0.0095,0.0,-0.0104,0.004557888258223414,0.0034780301946912987,0.9282526756134054
2022-07-08,0.002848944665121372,-0.0007000000000000001,0.0012,-0.0008,0.0,0.0043,0.002848944665121372,0.003124143391519741,0.9313768190049252
2022-07-11,-0.005430539999321187,-0.0138,-0.0132,0.0161,0.0,0.0277,-0.005430539999321187,-0.004831110783441066,0.9265457082214841
2022-07-12,-0.009111695048288553,-0.0089,0.0074,0.0052,0.0,-0.0064,-0.009111695048288553,-0.007992511596613336,0.9185531966248708
2022-07-13,-0.007838545254167325,-0.0039000000000000003,0.0044,-0.0040999999999999995,0.0,-0.0004,-0.007838545254167325,-0.006999579611676554,0.9115536170131943
2022-07-14,-0.004491745463128824,-0.0040999999999999995,-0.0026,-0.0101,0.0,0.0055000000000000005,-0.004491745463128824,-0.003774423663708566,0.9077791933494856
2022-07-15,-0.0015969873426548988,0.0196,-0.0006,0.005,0.0,-0.0067,-0.0015969873426548988,-0.0040079773644450725,0.9037712159850406
2022-07-18,0.01797214422418736,-0.0070999999999999995,0.0022,0.0101,0.0,0.0022,0.01797214422418736,0.018568219016393158,0.9223394350014338
2022-07-19,-0.009383212455142361,0.0281,0.0089,-0.0054,0.0,-0.0155,-0.009383212455142361,-0.011875201475839335,0.9104642335255945
2022-07-20,0.02245941892963634,0.0089,0.015,-0.0132,0.0,-0.028399999999999998,0.02245941892963634,0.022381584022680815,0.9328458175482753
2022-07-21,0.006249407237795869,0.0097,0.0001,-0.0161,0.0,-0.01,0.006249407237795869,0.00557323444480072,0.9384190519930761
2022-07-22,0.015427184564063421,-0.0118,-0.0109,0.0139,0.0,0.0235,0.015427184564063421,0.015957442797581062,0.9543764947906571
2022-07-25,-0.004916195931789938,0.0012,-0.003,0.0165,0.0,0.021,-0.004916195931789938,-0.0053551658596712615,0.9490213289309859
2022-07-26,-0.005620092413374875,-0.0132,0.0009,0.010700000000000001,0.0,0.024399999999999998,-0.005620092413374875,-0.004013142249652435,0.9450081866813335
2022-07-27,-0.00654302044316985,0.027200000000000002,0.0049,-0.0127,0.0,-0.0183,-0.00654302044316985,-0.009023381380436596,0.9359848053008969
2022-07-28,0.023494855547274665,0.011899999999999999,0.0011,-0.0091,0.0,-0.0014000000000000002,0.023494855547274665,0.02260282720094616,0.9585876325018431
2022-07-29,0.024800658978583103,0.014499999999999999,-0.009399999999999999,0.0045000000000000005,0.0,-0.0068000000000000005,0.024800658978583103,0.022341716358980235,0.9809293488608233
2022-08-01,0.0036106190137834074,-0.002,0.0032,-0.0024,0.0001,-0.0049,0.0035106190137834076,0.003913523489481838,0.9848428723503051
2022-08-02,-0.0017043088258850026,-0.005,0.0091,-0.0141,0.0001,-0.011200000000000002,-0.0018043088258850027,-0.00042288567491344307,0.9844199866753917
2022-08-03,-0.0057987664383956665,0.0167,0.0075,-0.0195,0.0001,-0.0315,-0.005898766438395667,-0.007155191939758381,0.9772647947356333
2022-08-04,0.00895061828017728,-0.0005,0.0084,-0.0165,0.0001,-0.0149,0.00885061828017728,0.009714791412977427,0.9869795861486107
2022-08-05,0.0005022649911703394,-0.0004,0.0087,-0.0005,0.0001,-0.0013,0.0004022649911703394,0.0010238229271506466,0.9880034090757613
2022-08-08,-0.003290262549521865,0.0,0.009300000000000001,-0.0009,0.0001,-0.0088,-0.003390262549521865,-0.0029184707939957466,0.9850849382817656
2022-08-09,-0.0012158659275228573,-0.0067,-0.018000000000000002,0.021,0.0001,0.0271,-0.0013158659275228574,-0.001966951144152233,0.9831179871376133
2022-08-10,-0.006812641127024746,0.0235,0.011399999999999999,-0.016200000000000003,0.0001,-0.030899999999999997,-0.006912641127024746,-0.00871683920568896,0.9744011479319243
2022-08-11,0.02155802491494517,-0.0007000000000000001,-0.0025,0.0167,0.0001,0.0070999999999999995,0.02145802491494517,0.02094463888373712,0.9953457868156614
2022-08-12,-0.003979384445893728,0.0176,0.006500000000000001,-0.0079,0.0001,-0.0070999999999999995,-0.004079384445893728,-0.005366572445194692,0.9899792143704668
2022-08-16,0.011121317394579562,0.0019,-0.0034000000000000002,0.006999999999999999,0.0001,0.0022,0.011021317394579563,0.010399733713039908,1.0003789480835066
2022-08-17,0.0026750911605682467,-0.0092,-0.011699999999999999,0.0104,0.0001,0.0245,0.002575091160568247,0.0029197251439852375,1.0032986732274918
2022-08-18,-0.006796856140526858,0.0027,0.0019,0.0045000000000000005,0.0001,0.012,-0.006896856140526858,-0.006945047260511605,0.9963536259669802
2022-08-19,-0.0014614760592544477,-0.0149,-0.011699999999999999,0.0098,0.0001,0.024900000000000002,-0.0015614760592544477,-0.0005902129837401379,0.99576341298324
2022-08-22,-0.014408547765062906,-0.0213,-0.0018,0.0034000000000000002,0.0001,0.015700000000000002,-0.014508547765062905,-0.012174633358113283,0.9835887796251267
2022-08-23,-0.019863237775112067,-0.0011,0.0002,0.0031,0.0001,0.0014000000000000002,-0.019963237775112067,-0.019909994814164583,0.9636787848109621
2022-08-24,-0.004155908753260177,0.0039000000000000003,0.006500000000000001,-0.0062,0.0001,-0.0092,-0.004255908753260177,-0.004210574535308765,0.9594682102756533
2022-08-25,0.0069663741008612595,0.014499999999999999,0.0017000000000000001,-0.0001,0.0001,-0.0077,0.006866374100861259,0.005298748416002425,0.9647669586916557
2022-08-26,0.01038705908843198,-0.0337,-0.0055000000000000005,0.0166,0.0001,0.0195,0.01028705908843198,0.013300716367748603,0.9780676750594044
2022-08-29,-0.03539800143400663,-0.0070999999999999995,-0.0058,0.0044,0.0001,0.0062,-0.03549800143400663,-0.035163779033379215,0.9429038960260252
2022-08-30,-0.003428625000837046,-0.0111,-0.0025,-0.0022,0.0001,-0.0089,-0.003528625000837046,-0.0026522082296997983,0.9402516877963254
2022-08-31,-0.01024062787681681,-0.0075,0.0029,-0.0046,0.0001,-0.0029,-0.01034062787681681,-0.009263144869960148,0.9309885429263652
2022-09-01,-0.005967616008690005,0.0,-0.0111,-0.0028000000000000004,0.0001,0.0013,-0.006067616008690005,-0.006697432027752066,0.9242911108986132
2022-09-02,-0.0005190689542126578,-0.009899999999999999,-0.0006,0.0103,0.0001,0.0066,-0.0006190689542126579,0.00016875030954216627,0.9244598612081554
2022-09-06,0.0032653513019896595,-0.0051,-0.0045000000000000005,-0.0054,0.0001,0.003,0.0031653513019896597,0.003643823867822151,0.9281036850759775
2022-09-07,-0.007392083850503422,0.0192,0.0070999999999999995,-0.015300000000000001,0.0001,-0.0196,-0.007492083850503422,-0.008923802493726374,0.9191798825822511
2022-09-08,0.02078181009809092,0.0078000000000000005,-0.0008,-0.0018,0.0001,-0.012199999999999999,0.02068181009809092,0.019607489592981052,0.9387873721752322
2022-09-09,0.008496694217688257,0.0167,0.0052,-0.0051,0.0001,-0.011399999999999999,0.008396694217688258,0.006926893191289425,0.9457142653665217
2022-09-12,0.016775987259427194,0.010700000000000001,0.0028000000000000004,-0.0017000000000000001,0.0001,-0.0012,0.016675987259427195,0.01577663927324314,0.9614909046397648
2022-09-13,0.010423165244169526,-0.0429,-0.0017000000000000001,0.0141,0.0001,0.0175,0.010323165244169527,0.014601318131316706,0.9760922227710815
2022-09-14,-0.04491787880678774,0.0044,-0.0002,-0.0032,0.0001,0.004699999999999999,-0.045017878806787745,-0.04528165528350121,0.9308105674875803
2022-09-15,0.0003404261172166828,-0.0104,0.0034000000000000002,0.0060999999999999995,0.0001,-0.0016,0.00024042611721668283,0.0013183512539946627,0.932128918741575
2022-09-16,-0.018187693143263736,-0.0098,-0.0084,0.0086,0.0001,0.015700000000000002,-0.018287693143263735,-0.01778498030073874,0.9143439384408363
2022-09-19,-0.010969119809537206,0.0072,-0.0016,0.0068000000000000005,0.0001,0.0078000000000000005,-0.011069119809537205,-0.011996069548379937,0.9023478688924563
2022-09-20,0.004311702839422712,-0.0115,-0.0021,0.0003,0.0001,0.013000000000000001,0.004211702839422711,0.005545527613317423,0.9078933965057737
2022-09-21,-0.011628275849914473,-0.0168,0.0037,0.0006,0.0001,0.0053,-0.011728275849914472,-0.009621944160685647,0.8982714523450881
2022-09-22,-0.00958253389727761,-0.011399999999999999,-0.0134,0.0044,0.0001,0.0175,-0.00968253389727761,-0.009169126508616407,0.8891023258364716
2022-09-23,-0.017064010744673588,-0.018500000000000003,-0.0025,-0.008,0.0001,-0.0088,-0.017164010744673587,-0.015311583216117381,0.8737907426203543
2022-09-26,-0.009421935672942978,-0.0102,0.0018,-0.0075,0.0001,0.006999999999999999,-0.009521935672942978,-0.00792287270638244,0.8658678699139718
2022-09-27,-0.0029658885831780634,-0.0004,0.006500000000000001,-0.0097,0.0001,-0.0012,-0.0030658885831780633,-0.0022771799601081196,0.8635906899538637
2022-09-28,-0.011609533912449977,0.021400000000000002,0.009000000000000001,-0.0036,0.0001,-0.0148,-0.011709533912449976,-0.013538799502709128,0.8500518904511546
2022-09-29,0.01910115732748917,-0.0216,-0.005,0.0092,0.0001,0.009399999999999999,0.01900115732748917,0.020814799981263364,0.8708666904324179
2022-09-30,-0.011186967440695908,-0.0143,0.005,0.0027,0.0001,0.0051,-0.011286967440695907,-0.009430506174745753,0.8614361842576722
2022-10-03,-0.017975779062146133,0.0256,-0.003,0.006999999999999999,0.0001,-0.002,-0.018075779062146132,-0.02124529901594878,0.8401908852417235
2022-10-04,0.030155365356976185,0.0329,0.008,-0.0009,0.0001,-0.0235,0.030055365356976185,0.02667231966610992,0.8668632049078334
2022-10-05,0.023695670579747054,-0.0021,-0.0034999999999999996,0.0004,0.0001,0.0048,0.023595670579747055,0.023668335100718113,0.8905315400085515
2022-10-06,-0.0007551512100399437,-0.0085,0.0052,0.0012,0.0001,0.0002,-0.0008551512100399437,0.0003521869318445516,0.8908837269403961
2022-10-07,-0.009054268029365186,-0.028999999999999998,-0.0062,0.0168,0.0001,0.0213,-0.009154268029365186,-0.006648686391778399,0.8842350405486177
2022-10-10,-0.02887450792405694,-0.008,0.0005,0.0076,0.0001,0.013600000000000001,-0.02897450792405694,-0.028067484389804147,0.8561675561588136
2022-10-11,-0.005714007920332937,-0.006999999999999999,0.0055000000000000005,0.0033,0.0001,0.0101,-0.005814007920332937,-0.004601127936959579,0.851566428221854
2022-10-12,-0.0010493258363577834,-0.0027,0.0007000000000000001,0.0004,0.0001,-0.006,-0.0011493258363577835,-0.0009622468497781438,0.8506041813720758
2022-10-13,-0.0014834002243925418,0.0241,-0.0062,0.015700000000000002,0.0001,0.0069,-0.0015834002243925419,-0.004917687881810621,0.8456864934902653
2022-10-14,0.018373980061234075,-0.0245,-0.0045000000000000005,0.0123,0.0001,0.0095,0.018273980061234076,0.020321788025084015,0.8660082815153493
2022-10-17,-0.01798693004054283,0.0274,0.0069,-0.0141,0.0001,-0.018500000000000003,-0.01808693004054283,-0.020408959731691892,0.8455993217836574
2022-10-18,0.026113480150964975,0.0118,-0.001,-0.0002,0.0001,-0.002,0.026013480150964975,0.02467227861263957,0.8702716003962969
2022-10-19,0.006029696530995479,-0.0087,-0.013300000000000001,0.011899999999999999,0.0001,0.0195,0.005929696530995478,0.005953878129257008,0.8762254785255539
2022-10-20,-0.010164576287281735,-0.008,-0.0028000000000000004,-0.0045000000000000005,0.0001,-0.0063,-0.010264576287281734,-0.009598638376975267,0.8666268401485786
2022-10-21,-0.012276254469375749,0.023,-0.0019,0.0009,0.0001,0.0033,-0.012376254469375748,-0.014875480593025731,0.8517513595555529
2022-10-24,0.01901122218735526,0.0104,-0.0070999999999999995,0.004699999999999999,0.0001,0.0083,0.01891122218735526,0.017358007733109602,0.8691093672886625
2022-10-25,0.009869011962327702,0.0178,0.013500000000000002,-0.015300000000000001,0.0001,-0.0297,0.009769011962327703,0.008700070604328963,0.8778094378929915
2022-10-26,0.0212077759424972,-0.0066,0.0042,0.0089,0.0001,0.0059,0.0211077759424972,0.02190826764522982,0.8997177055382213
2022-10-27,-0.011027098508035769,-0.0054,0.0033,0.0108,0.0001,0.005600000000000001,-0.011127098508035768,-0.010584904636857838,0.8891328009013635
2022-10-28,-0.011606549127442018,0.0233,-0.0003,-0.0034000000000000002,0.0001,0.0,-0.011706549127442017,-0.014053053758945505,0.875079747142418
2022-10-31,0.01855434656115447,-0.0068000000000000005,0.0038,0.0073,0.0001,0.0069,0.01845434656115447,0.019324947195506904,0.8944046943379249
2022-11-02,-0.01134326866087299,-0.026699999999999998,-0.012,0.016,0.0001,0.022799999999999997,-0.01144326866087299,-0.00951276850068151,0.8848919258372434
2022-11-03,-0.03159974142383017,-0.0103,0.0028000000000000004,0.0028000000000000004,0.0001,0.0051,-0.031699741423830176,-0.03041534190592259,0.8544765839313209
2022-11-04,-0.005079227748544749,0.0116,-0.0062,0.0128,0.0001,0.003,-0.005179227748544749,-0.00718853949167352,0.8472880444396473
2022-11-07,0.02224604462702744,0.0087,-0.005,0.006,0.0001,0.0023,0.02214604462702744,0.02073938710730394,0.8680274315469513
2022-11-08,0.010780129361552355,0.0051,-0.004699999999999999,-0.004,0.0001,-0.0028000000000000004,0.010680129361552356,0.00990255483656051,0.8779299863835118
2022-11-09,0.006663909687155312,-0.022400000000000003,-0.0063,0.0055000000000000005,0.0001,0.0179,0.0065639096871553115,0.008683445287670663,0.8866134316711825
2022-11-10,-0.012663017430567752,0.056799999999999996,0.0161,-0.030899999999999997,0.0001,-0.067,-0.012763017430567751,-0.018017273366234883,0.8685961583049475
2022-11-11,0.06031673035581978,0.0106,0.0028000000000000004,-0.0105,0.0001,-0.045599999999999995,0.06021673035581978,0.05866808035650096,0.9272642386614485
2022-11-14,0.014746328047281872,-0.0095,-0.0036,0.0034999999999999996,0.0001,0.0176,0.014646328047281873,0.01565884152980824,0.9429230801912567
2022-11-15,-0.006326387310590078,0.0103,0.0069,-0.0073,0.0001,-0.016200000000000003,-0.006426387310590078,-0.007138584777538196,0.9357844954137186
2022-11-16,0.005205986372263866,-0.0102,-0.0123,0.0058,0.0001,0.028900000000000002,0.005105986372263865,0.005767062204668933,0.9415515576183875
2022-11-17,-0.007593638459944834,-0.0042,-0.0053,0.005600000000000001,0.0001,0.016399999999999998,-0.007693638459944834,-0.007449802471813147,0.9341017551465743
2022-11-18,-0.0017828971908247309,0.004,-0.0016,0.0011,0.0001,0.0129,-0.001882897190824731,-0.0021693369653376635,0.9319324181812367
2022-11-21,0.0013198491600959579,-0.0052,-0.0037,0.009899999999999999,0.0001,0.0171,0.0012198491600959578,0.0015453511068978319,0.9334777692881345
2022-11-22,-0.0034578975298286147,0.013600000000000001,-0.0052,0.0044,0.0001,-0.0006,-0.0035578975298286145,-0.005499815931524581,0.9279779533566099
2022-11-23,0.014336511208451337,0.0063,0.0002,-0.009300000000000001,0.0001,-0.018500000000000003,0.014236511208451338,0.013507296039028682,0.9414852493956386
2022-11-25,0.0005979977155143838,-0.0003,0.0022,0.0043,0.0001,0.0068000000000000005,0.0004979977155143838,0.0006789814432413794,0.94216423083888
2022-11-28,-0.0003055352238465242,-0.0155,-0.0042,-0.0019,0.0001,0.0083,-0.0004055352238465242,0.0011784952547892432,0.9433427260936692
2022-11-29,-0.008006797717525235,-0.0018,0.001,0.0104,0.0001,0.0042,-0.008106797717525234,-0.008114727507484671,0.9352279985861846
2022-11-30,-0.0014050507341813025,0.031200000000000002,0.0034999999999999996,-0.0208,0.0001,-0.0287,-0.0015050507341813025,-0.00444795073971059,0.930780047846474
2022-12-01,0.03262269959450477,-0.0002,0.0024,-0.0069,0.0002,-0.0062,0.03242269959450477,0.032708250637047596,0.9634882984835216
2022-12-02,0.009285221788094631,-0.0008,0.0091,-0.005600000000000001,0.0002,0.0021,0.00908522178809463,0.010023674424562668,0.9735119729080842
2022-12-05,0.0028139415350783323,-0.0202,-0.006,-0.0054,0.0002,0.0073,0.002613941535078332,0.004666377953298518,0.9781783508613827
2022-12-06,-0.015026130284854182,-0.0151,-0.0025,0.011399999999999999,0.0002,0.0159,-0.015226130284854183,-0.013858648769017736,0.964319702092365
2022-12-07,-0.00934687169623653,-0.0024,-0.0014000000000000002,-0.0032,0.0002,0.0055000000000000005,-0.00954687169623653,-0.009162036567124447,0.9551576655252405
2022-12-08,-0.002097788179911055,0.0076,0.002,-0.012,0.0002,-0.0134,-0.002297788179911055,-0.0028384831273442724,0.9523191823978963
2022-12-09,0.011697016944183436,-0.008,-0.0054,0.0034000000000000002,0.0002,-0.0054,0.011497016944183435,0.011735970150010098,0.9640551525479063
2022-12-12,-0.006879110095398665,0.0141,-0.0031,-0.0016,0.0002,0.0005,-0.007079110095398664,-0.008702056394529853,0.9553530961533765
2022-12-13,0.010196164252745537,0.0066,0.0017000000000000001,-0.0077,0.0002,-0.012199999999999999,0.009996164252745536,0.009418955028927515,0.964772051182304
2022-12-14,0.012988291827912451,-0.005600000000000001,0.0002,-0.0045000000000000005,0.0002,0.0023,0.01278829182791245,0.013592376333867078,0.9783644275161711
2022-12-15,-0.004215594784457021,-0.025699999999999997,-0.0038,0.0139,0.0002,0.0165,-0.00441559478445702,-0.002097722326028541,0.9762667051901426
2022-12-16,-0.026347558693848312,-0.0102,0.0052,0.0017000000000000001,0.0002,0.0034999999999999996,-0.02654755869384831,-0.02510772442189989,0.9511589807682427
2022-12-19,-0.005871972942804331,-0.01,-0.0078000000000000005,0.0125,0.0002,0.0212,-0.00607197294280433,-0.005521841223771578,0.9456371395444712
2022-12-20,-0.008616255576361255,0.0013,0.002,0.0025,0.0002,0.0067,-0.008816255576361256,-0.008757222335392584,0.9368799172090786
2022-12-21,0.0060495493357025105,0.015300000000000001,0.0013,-0.0012,0.0002,-0.0009,0.005849549335702511,0.004355594640084851,0.9412355118491634
2022-12-22,0.011810625518231659,-0.0152,0.0008,0.0038,0.0002,0.0102,0.011610625518231658,0.013349013719724447,0.9545845255688878
2022-12-23,-0.008747909629363096,0.0052,-0.0060999999999999995,0.0116,0.0002,0.009300000000000001,-0.008947909629363097,-0.010102297897520346,0.9444822276713675
2022-12-27,0.00424788277994355,-0.005,-0.0073,0.014199999999999999,0.0002,0.0222,0.004047882779943551,0.00407140544567704,0.9485536331170445
2022-12-28,0.0007596444730008429,-0.0124,-0.0024,-0.0028000000000000004,0.0002,-0.0034000000000000002,0.0005596444730008429,0.0017185948690283913,0.9502722279860729
2022-12-29,-0.010359437019103737,0.0187,0.0126,-0.0106,0.0002,-0.027999999999999997,-0.010559437019103737,-0.011907638055868572,0.9383645899302043
2022-12-30,0.01435025156021388,-0.0022,0.0013,-0.0004,0.0002,-0.0028000000000000004,0.01415025156021388,0.014422213993110123,0.9527868039233145
2023-01-03,-0.000920853168798682,-0.004699999999999999,0.0008,-0.001,0.0002,-0.011000000000000001,-0.001120853168798682,-0.0007776692557847536,0.9520091346675298
2023-01-04,0.006285541258638885,0.008100000000000001,0.0054,0.0005,0.0002,-0.021,0.006085541258638885,0.00513175908051614,0.9571408937480459
2023-01-05,0.004874016268765212,-0.011399999999999999,-0.0018,0.012,0.0002,0.0126,0.004674016268765212,0.005609300730925767,0.9627501944789717
2023-01-06,-0.0116849954260366,0.022099999999999998,-0.0005,0.0003,0.0002,-0.0012,-0.0118849954260366,-0.014271677024499283,0.9484785174544724
2023-01-09,0.02190495533440093,0.0003,0.0055000000000000005,-0.0123,0.0002,-0.021,0.021704955334400932,0.022012918636316943,0.9704914360907894
2023-01-10,-0.006698770371625379,0.0079,0.0091,-0.005600000000000001,0.0002,-0.0101,-0.006898770371625378,-0.00713616574344481,0.9633552703473446
2023-01-11,0.014576896078933095,0.0125,0.0017000000000000001,-0.0083,0.0002,-0.0179,0.014376896078933095,0.013078445630072587,0.9764337159774171
2023-01-12,0.005040250880993147,0.0045000000000000005,0.0143,-0.0027,0.0002,-0.0059,0.004840250880993147,0.005304052679922037,0.9817377686573392
2023-01-13,-0.0005018190942165082,0.0046,0.003,-0.003,0.0002,-0.0024,-0.0007018190942165082,-0.0009297247639244527,0.9808080438934147
2023-01-17,0.0007106776933250895,-0.0018,0.002,-0.0055000000000000005,0.0002,-0.0072,0.0005106776933250895,0.0008673156219780303,0.9816753595153928
2023-01-18,0.0014298998751623648,-0.0155,0.0003,-0.0070999999999999995,0.0002,-0.0031,0.0012298998751623647,0.003050518257948811,0.9847258777733415
2023-01-19,-0.016784488817230946,-0.0086,-0.0028000000000000004,0.0084,0.0002,0.0064,-0.016984488817230945,-0.016421705935313304,0.9683041718380282
2023-01-20,0.0007956555910976978,0.0194,0.0014000000000000002,-0.0068000000000000005,0.0002,-0.022099999999999998,0.0005956555910976979,-0.0015885300298062854,0.9667156418082219
2023-01-23,0.015774420295709763,0.0128,0.0017000000000000001,-0.009899999999999999,0.0002,-0.021400000000000002,0.015574420295709763,0.014223481057809273,0.9809391228660311
2023-01-24,0.006382315323283725,-0.0016,-0.0022,0.0018,0.0002,0.0118,0.006182315323283725,0.006394419441496166,0.9873335423075273
2023-01-25,-0.011763701661650512,0.0,-0.0005,0.0069,0.0002,0.001,-0.011963701661650512,-0.012211779616004096,0.9751217626915233
2023-01-26,0.0061646048670626645,0.0108,-0.0058,0.0001,0.0002,-0.0126,0.005964604867062665,0.004162786511285994,0.9792845492028093
2023-01-27,-0.0039202843716417,0.0034000000000000002,0.0063,-0.0113,0.0002,-0.0252,-0.004120284371641699,-0.004207973146888817,0.9750765760559205
2023-01-30,-0.0038431460172046704,-0.0138,-0.0012,0.0074,0.0002,0.013999999999999999,-0.00404314601720467,-0.0026280965933888046,0.9724484794625317
2023-01-31,-0.004742358554349776,0.0158,0.0102,-0.0006,0.0002,-0.006500000000000001,-0.004942358554349775,-0.006026118754395544,0.9664223607081361
2023-02-01,0.013605880212877704,0.011899999999999999,0.01,-0.0165,0.0002,-0.025699999999999997,0.013405880212877704,0.012845284179190059,0.9792676448873262
2023-02-02,0.02407671514831941,0.0154,0.0163,-0.0207,0.0002,-0.0466,0.023876715148319412,0.023068369185261273,1.0023360140725874
2023-02-03,-0.0027108592555371088,-0.0108,0.0008,0.0098,0.0002,0.015600000000000001,-0.002910859255537109,-0.0017218780828319718,1.0006141359897556
2023-02-06,-0.007311846684477262,-0.0073,-0.008199999999999999,0.0043,0.0002,0.0101,-0.007511846684477261,-0.0072318206502377125,0.9933823153395178
2023-02-07,-0.0032144669812207115,0.0125,-0.0051,-0.0004,0.0002,-0.008100000000000001,-0.0034144669812207116,-0.005232525608074679,0.9881497897314432
2023-02-08,0.010086246998327808,-0.0118,-0.0068000000000000005,0.0070999999999999995,0.0002,0.0092,0.009886246998327807,0.010617872581600319,0.9987676623130435
2023-02-09,-0.0016803323323944718,-0.009399999999999999,-0.0063,0.0021,0.0002,0.0113,-0.001880332332394472,-0.0011500579579344422,0.997617604355109
2023-02-10,-0.025132081352762525,0.0012,-0.0069,0.015,0.0002,0.0229,-0.025332081352762523,-0.02594347909780215,0.9716741252573069
2023-02-13,0.010854899252466766,0.011399999999999999,0.0019,-0.0073,0.0002,-0.0048,0.010654899252466765,0.009734542290016744,0.9814086675473236
2023-02-14,0.017263574742928237,0.0012,0.0016,-0.0068000000000000005,0.0002,-0.0095,0.017063574742928238,0.017073260277262563,0.9984819278245861
2023-02-15,-0.007042581969124511,0.005,0.0104,-0.0091,0.0002,-0.0169,-0.00724258196912451,-0.007115246616379061,0.991366681208207
2023-02-16,0.0023798340378895903,-0.0137,-0.0004,0.0097,0.0002,0.0144,0.00217983403788959,0.003568780642418234,0.9949354618506253
2023-02-17,-0.019721345787385682,-0.0028000000000000004,0.0068000000000000005,-0.0014000000000000002,0.0002,0.005,-0.01992134578738568,-0.019010181295703872,0.9759252805549214
2023-02-21,-0.003637008220461532,-0.0216,-0.0125,0.0088,0.0002,0.0151,-0.003837008220461532,-0.0023955907484112166,0.9735296898065102
2023-02-22,-0.010264637671950953,-0.0004,0.0052,-0.0046,0.0002,-0.006500000000000001,-0.010464637671950954,-0.01005310031271852,0.9634765894937917
2023-02-23,0.004837275589894058,0.004699999999999999,0.0022,-0.0023,0.0002,0.0049,0.004637275589894059,0.004478570420355889,0.9679551599141476
2023-02-24,-0.007069248608830631,-0.0108,-0.005,0.0126,0.0002,0.0128,-0.007269248608830631,-0.006630287972415447,0.9613248719417321
2023-02-27,-0.001959251430832639,0.0031,0.0016,-0.003,0.0002,-0.0033,-0.002159251430832639,-0.002344445697632014,0.9589804262441001
2023-02-28,-0.001898628088091227,-0.0026,0.0062,-0.0069,0.0002,-0.004,-0.002098628088091227,-0.0012559252076262844,0.9577245010364738
2023-03-01,0.0045537487687116055,-0.0040999999999999995,0.002,0.0062,0.0002,0.015700000000000002,0.004353748768711606,0.00504707646264483,0.9627715774991186
2023-03-02,-0.012827725891752026,0.0067,-0.0037,-0.0044,0.0002,-0.0033,-0.013027725891752027,-0.013902268528567588,0.948869308970551
2023-03-03,0.017075116835746047,0.0161,0.0,-0.0054,0.0002,-0.0075,0.016875116835746048,0.015209781408869371,0.9640790903794204
2023-03-06,0.01070131733152307,-0.0013,-0.016200000000000003,-0.0008,0.0002,0.0062,0.010501317331523069,0.009699174578150192,0.9737782649575706
2023-03-07,0.0030984666075275454,-0.014499999999999999,0.0074,-0.0067,0.0002,0.0026,0.0028984666075275453,0.00520593957068069,0.9789842045282513
2023-03-08,-0.016654138425484348,0.0008,0.0017000000000000001,-0.0039000000000000003,0.0002,-0.0004,-0.016854138425484347,-0.016697971922904654,0.9622862326053466
2023-03-09,0.00020555974883165927,-0.0202,-0.0068000000000000005,-0.0076,0.0002,0.0109,5.559748831659257e-06,0.0021567287691577116,0.9644429613745044
2023-03-10,-0.00629718473133396,-0.0168,-0.015300000000000001,0.0072,0.0002,0.0053,-0.00649718473133396,-0.005906329350541795,0.9585366320239626
2023-03-13,-0.00521573899330422,-0.0034000000000000002,-0.0063,-0.036000000000000004,0.0002,-0.005699999999999999,-0.00541573899330422,-0.0043803067719172285,0.9541563252520453
2023-03-14,0.0005847307314981673,0.0172,0.0015,-0.0036,0.0002,-0.0019,0.0003847307314981673,-0.0012344311423411135,0.9529218941097042
2023-03-15,-0.002675203075184888,-0.0079,-0.0008,-0.0184,0.0002,-0.0191,-0.002875203075184888,-0.0018859090090485307,0.9510359851006557
2023-03-16,0.016328656531788138,0.0176,0.0018,-0.0016,0.0002,-0.0055000000000000005,0.01612865653178814,0.014341721314887906,0.9653777064155435
2023-03-17,0.005489964959033408,-0.0121,-0.0083,-0.0163,0.0002,-0.0009,0.0052899649590334085,0.006532259048566561,0.9719099654641101
2023-03-20,0.0014366717635066729,0.0084,-0.0060999999999999995,0.0078000000000000005,0.0002,0.0141,0.0012366717635066728,-1.946579438645178e-05,0.9718904996697236
2023-03-21,0.010818427908426655,0.0148,0.0045000000000000005,0.0073,0.0002,-0.0128,0.010618427908426655,0.00884628390805482,0.9807367835777785
2023-03-22,0.0045567262062107435,-0.0174,-0.008,-0.0053,0.0002,0.0077,0.004356726206210744,0.005985116520185079,0.9867219000979636
2023-03-23,-0.002396466386817848,0.0021,-0.0019,-0.0154,0.0002,-0.004699999999999999,-0.002596466386817848,-0.0025210589773445725,0.984200841120619
2023-03-24,-0.0068267102102338275,0.0046,0.0013,0.0070999999999999995,0.0002,0.0036,-0.007026710210233827,-0.007585344057070865,0.9766154970635481
2023-03-27,0.017196733284642364,0.0027,0.0022,0.0103,0.0002,0.0073,0.016996733284642365,0.016669060620716623,0.9932845576842647
2023-03-28,-0.0045008081561605275,-0.0017000000000000001,-0.0018,0.0075,0.0002,0.0075,-0.004700808156160527,-0.004738844551691836,0.9885457131325729
2023-03-29,0.012036643852725196,0.0139,-0.003,-0.0054,0.0002,-0.011399999999999999,0.011836643852725195,0.010113868977066112,0.998659582109639
2023-03-30,0.008163466789252408,0.0051,-0.0055000000000000005,-0.006,0.0002,-0.0038,0.007963466789252407,0.00717828316888647,1.0058378652785256
2023-03-31,0.004005838915699795,0.015300000000000001,0.0067,-0.0076,0.0002,-0.0106,0.003805838915699795,0.00268735271303115,1.0085252179915567
2023-04-03,0.009640882462311198,0.0028000000000000004,-0.004699999999999999,0.0079,0.0002,0.0109,0.009440882462311197,0.008794148038694756,1.0173193660302515
2023-04-04,0.004769883318993532,-0.0072,-0.0096,-0.0072,0.0002,-0.0123,0.004569883318993532,0.004652756419838124,1.0219721224500897
2023-04-05,-0.0034582738676481096,-0.0039000000000000003,-0.0139,0.013999999999999999,0.0002,0.0089,-0.0036582738676481097,-0.00447901996035076,1.017493102489739
2023-04-06,-0.006431013585629378,0.0034000000000000002,0.0006,-0.0051,0.0002,-0.0095,-0.006631013585629377,-0.00697791196282717,1.0105151905269116
2023-04-11,0.004342403524902941,0.0006,0.0046,0.0055000000000000005,0.0002,0.0002,0.004142403524902942,0.004208217121584966,1.0147234076484966
2023-04-12,0.0013082677688747723,-0.0051,-0.0055000000000000005,0.0037,0.0002,0.013300000000000001,0.0011082677688747722,0.0014307240886905805,1.0161541317371872
2023-04-13,0.005377106561457938,0.0139,0.0034999999999999996,-0.011899999999999999,0.0002,-0.011699999999999999,0.005177106561457938,0.004111241489499764,1.0202653732266869
2023-04-14,0.015516811880415593,-0.0023,-0.0095,0.002,0.0002,0.005699999999999999,0.015316811880415592,0.014967882744292126,1.035233255970979
2023-04-17,-0.0014865955189341438,0.0033,0.008,-0.002,0.0002,-0.0037,-0.0016865955189341439,-0.0015010614293922374,1.0337321945415867
2023-04-18,0.004898565652619013,0.0004,-0.0044,-0.0031,0.0002,0.0109,0.0046985656526190136,0.004699622711417895,1.0384318172530047
2023-04-19,-0.010311950493212188,-0.0004,0.0029,0.0042,0.0002,-0.0018,-0.010511950493212189,-0.010455579555332216,1.0279762376976724
2023-04-20,0.0027767196019142185,-0.0060999999999999995,0.0009,-0.0028000000000000004,0.0002,0.0174,0.0025767196019142184,0.003749298159722149,1.0317255358573947
2023-04-21,0.002154679899448311,0.0008,0.0026,-0.009399999999999999,0.0002,-0.0048,0.001954679899448311,0.0022646959921635177,1.0339902318495582
2023-04-24,0.008185579283732269,0.0,-0.0039000000000000003,0.0046,0.0002,0.0052,0.007985579283732268,0.007676108819221946,1.04166634066878
2023-04-25,-0.0034191950791792117,-0.0176,-0.0098,0.0009,0.0002,0.0116,-0.0036191950791792118,-0.0022195279803436194,1.0394468126884364
2023-04-26,-0.00350756189078218,-0.0040999999999999995,0.0014000000000000002,-0.0074,0.0002,-0.0059,-0.00370756189078218,-0.0030575309634541187,1.0363892817249822
2023-04-27,0.0038393620388255645,0.018500000000000003,-0.005600000000000001,0.0,0.0002,-0.0067,0.0036393620388255644,0.0011750534969348849,1.037564335221917
2023-04-28,0.004584898710865554,0.0078000000000000005,0.0013,0.0019,0.0002,0.0,0.004384898710865555,0.00359064149211934,1.0411549767140365
2023-05-02,0.002581167450305222,-0.0127,-0.005600000000000001,-0.0146,0.0002,0.009000000000000001,0.002381167450305222,0.004025735941684419,1.0451807126557209
2023-05-03,0.0011790141335416941,-0.005699999999999999,0.010700000000000001,-0.0103,0.0002,-0.0026,0.000979014133541694,0.0025986356327416535,1.0477793482884625
2023-05-04,-0.01726697329741053,-0.0078000000000000005,-0.0034000000000000002,-0.0104,0.0002,0.0038,-0.01746697329741053,-0.016442655153881294,1.0313366931345813
2023-05-05,0.0015640564368655035,0.0191,0.0042,0.0069,0.0002,-0.0126,0.0013640564368655034,-0.0008611882865573099,1.030475504848024
2023-05-08,0.010874889781522347,0.0007000000000000001,-0.0031,-0.003,0.0002,0.0027,0.010674889781522347,0.010551960793106404,1.0410274656411305
2023-05-10,-0.015348288075560717,0.0043,0.0046,-0.0132,0.0002,0.0012,-0.015548288075560718,-0.015209723128699483,1.025817742512431
2023-05-11,0.0064217282890105575,-0.002,-0.0049,-0.0009,0.0002,0.0017000000000000001,0.006221728289010558,0.006166220408432218,1.0319839629208634
2023-05-12,0.0007705507363203905,-0.0022,-0.0019,0.0034000000000000002,0.0002,0.0053,0.0005705507363203905,0.0006706358715039284,1.0326545987923672
2023-05-15,5.922749577270988e-05,0.0046,0.0084,0.0001,0.0002,-0.009899999999999999,-0.00014077250422729013,-0.0002702211395493731,1.0323843776528179
2023-05-16,-0.0017234180532482689,-0.0072,-0.0033,-0.0048,0.0002,0.0073,-0.001923418053248269,-0.0010708346248585908,1.0313135430279592
2023-05-17,-0.00622332173505502,0.0131,0.0089,0.012199999999999999,0.0002,-0.0163,-0.0064233217350550195,-0.00796168210534284,1.0233518609226164
2023-05-19,0.006035442554347484,-0.0026,-0.0045000000000000005,-0.0032,0.0002,0.004699999999999999,0.005835442554347484,0.006013468309061308,1.0293653292316778
2023-05-22,-0.0024121551256072937,0.0017000000000000001,0.0127,-0.002,0.0002,-0.0213,-0.0026121551256072938,-0.0023205387227609084,1.0270447905089168
2023-05-23,-0.004568301460309827,-0.011000000000000001,0.0039000000000000003,0.0109,0.0002,-0.0096,-0.004768301460309827,-0.003930604693534909,1.0231141858153818
2023-05-24,-0.024117552152115116,-0.0072,-0.0031,-0.002,0.0002,0.0097,-0.024317552152115115,-0.023495145198794483,0.9996190406165874
2023-05-25,0.001264458609646615,0.006500000000000001,-0.0070999999999999995,-0.0108,0.0002,0.0173,0.001064458609646615,0.0006443465179945883,1.0002633871345818
2023-05-26,6.727108719256282e-05,0.0132,0.0003,-0.0085,0.0002,-0.005699999999999999,-0.0001327289128074372,-0.0013288572434858492,0.998934529891096
2023-05-30,0.011845030071210814,-0.0001,-0.0015,-0.0042,0.0002,-0.0060999999999999995,0.011645030071210814,0.011565225026423886,1.0104997549175199
2023-05-31,-0.01561050490887819,-0.006,-0.0011,-0.0116,0.0002,0.0018,-0.01581050490887819,-0.01482097160021498,0.9956787833173049
2023-06-01,-0.0014765244885118149,0.0102,0.0015,-0.0006,0.0002,0.0008,-0.001676524488511815,-0.0026060442105981826,0.9930727391067067
2023-06-02,0.010326360964572569,0.016200000000000003,0.015600000000000001,0.0166,0.0002,-0.0131,0.010126360964572569,0.008636820637044174,1.0017095597437509
2023-06-05,0.0034018676801271393,-0.0026,-0.0101,-0.0075,0.0002,0.0043,0.0032018676801271392,0.003137966110706237,1.0048475258544571
2023-06-06,-0.0008187748096348878,0.0046,0.0213,0.013500000000000002,0.0002,-0.0166,-0.0010187748096348878,-0.0008752018330797655,1.0039723240213774
2023-06-07,-0.0021275239687883313,-0.0036,0.013600000000000001,0.022799999999999997,0.0002,-0.0146,-0.0023275239687883314,-0.0021217042213822986,1.001850619799995
2023-06-08,-0.006691201070592137,0.0059,-0.0049,-0.0116,0.0002,0.0042,-0.006891201070592137,-0.007355103353903737,0.9944955164460912
2023-06-09,-0.002489359747695852,0.0003,-0.0070999999999999995,-0.0040999999999999995,0.0002,0.0011,-0.002689359747695852,-0.0030389578060021952,0.9914565586400891
2023-06-12,0.013721042308081993,0.009399999999999999,0.0004,-0.0141,0.0002,-0.0006,0.013521042308081993,0.013031688464781399,1.0044882471048704
2023-06-13,-0.00040575690316654796,0.0074,0.0059,0.0006,0.0002,-0.011000000000000001,-0.000605756903166548,-0.001239313754334683,1.0032489333505357
2023-06-14,0.0063463117175027485,-0.0003,-0.009000000000000001,-0.0092,0.0002,0.010700000000000001,0.006146311717502749,0.006112538390895004,1.0093614717414308
2023-06-15,0.0038259162934067142,0.012199999999999999,-0.0037,0.0009,0.0002,-0.0060999999999999995,0.003625916293406714,0.0019331987210472,1.011294670462478
2023-06-16,0.021101778522785473,-0.0045000000000000005,-0.0055000000000000005,0.0022,0.0002,-0.0064,0.020901778522785474,0.020786442034554275,1.0320811124970322
2023-06-20,-0.0023732661153613903,-0.0048,0.0043,-0.0069,0.0002,0.005600000000000001,-0.0025732661153613904,-0.0014212863553366133,1.0306598261416955
2023-06-21,-0.003117704423889573,-0.005600000000000001,0.0002,0.0053,0.0002,0.0128,-0.003317704423889573,-0.002621334990183512,1.028038491151512
2023-06-22,-0.006163013028591821,0.0032,-0.0067,-0.0126,0.0002,0.0045000000000000005,-0.006363013028591821,-0.006625449556114416,1.0214130415953975
2023-06-26,0.0015152599804329348,-0.0048,-0.0034000000000000002,0.0129,0.0002,-0.006,0.0013152599804329348,0.0010169926799234667,1.022430034275321
2023-06-27,-0.0018048391131866692,0.0121,0.0048,-0.0051,0.0002,-0.003,-0.0020048391131866693,-0.0028379142266087482,1.0195921200487121
2023-06-28,0.004818622858472833,0.0003,0.0055000000000000005,-0.0043,0.0002,0.0023,0.004618622858472833,0.005157266400296252,1.0247493864490085
2023-06-29,0.003857197578190628,0.0044,0.0053,0.0078000000000000005,0.0002,-0.0032,0.003657197578190628,0.003220082172457254,1.0279694686214658
2023-06-30,0.002038027402446795,0.011399999999999999,-0.0064,-0.0078000000000000005,0.0002,0.008100000000000001,0.001838027402446795,0.0006502994841116904,1.0286197681055775
2023-07-03,0.006709745218605436,0.0015,0.0001,0.0106,0.0002,-0.0113,0.006509745218605437,0.005752672998208489,1.034372441103786
2023-07-05,-0.003949533089847668,-0.0029,-0.0095,-0.0026,0.0002,-0.0007000000000000001,-0.004149533089847668,-0.004416840169373891,1.0299556009344122
2023-07-06,-0.0012764260071798609,-0.009399999999999999,-0.0051,-0.0069,0.0002,0.0038,-0.001476426007179861,-0.0005194036258835648,1.0294361973085286
2023-07-07,-0.0045619547177178366,-0.0013,0.0106,0.0121,0.0002,-0.0068000000000000005,-0.004761954717717836,-0.004466564273227747,1.0249696330353009
2023-07-10,-0.004422372210383699,0.0036,0.0128,-0.0001,0.0002,0.0052,-0.004622372210383699,-0.004014792901467881,1.020954840133833
2023-07-11,0.004812184498914897,0.0076,0.0003,0.0048,0.0002,-0.0079,0.004612184498914897,0.003501015300701829,1.0244558554345349
2023-07-12,0.002682749298117891,0.0074,0.0031,0.0046,0.0002,0.0008,0.002482749298117891,0.001777677554309401,1.0262335329888443
2023-07-13,0.018894926784751388,0.009000000000000001,0.0005,-0.001,0.0002,0.0016,0.01869492678475139,0.01785427167625195,1.0440878046650963
2023-07-14,0.00837222828062524,-0.0025,-0.003,-0.0152,0.0002,0.0077,0.00817222828062524,0.008916531579080143,1.0530043362441766
2023-07-17,-0.0035096927504802864,0.0048,0.0076,-0.0027,0.0002,0.009300000000000001,-0.0037096927504802865,-0.003403409827571809,1.0496009264166049
2023-07-18,0.000726405565829474,0.0078000000000000005,0.0021,0.0108,0.0002,-0.0048,0.0005264055658294741,-0.0006214728453032436,1.0489794535713015
2023-07-19,0.0046531400742651,0.0025,-0.0007000000000000001,0.0132,0.0002,-0.0184,0.0044531400742651005,0.00329450654677924,1.0522739601180808
2023-07-20,-0.00282673713359639,-0.008100000000000001,-0.0058,0.006500000000000001,0.0002,-0.0005,-0.0030267371335963903,-0.0028043842442585045,1.0494695758738224
2023-07-21,-0.0019773970526680493,-0.0005,-0.0033,-0.0036,0.0002,-0.0078000000000000005,-0.0021773970526680494,-0.0023947569398711705,1.0470748189339512
2023-07-24,-0.00025453388482344047,0.0031,-0.0028000000000000004,0.0076,0.0002,-0.004699999999999999,-0.00045453388482344045,-0.0013309292470063201,1.0457438896869449
2023-07-25,0.0018313746593295415,0.0025,-0.0005,-0.0078000000000000005,0.0002,0.009000000000000001,0.0016313746593295414,0.0017965828176767329,1.0475404725046216
2023-07-26,-0.006347556133131163,0.0001,0.0068000000000000005,0.0102,0.0002,-0.0161,-0.006547556133131163,-0.006793165283397651,1.0407473072212239
2023-07-27,0.015487812321079441,-0.0074,-0.0091,0.0028000000000000004,0.0002,0.0098,0.01528781232107944,0.015561980187133687,1.0563092874083575
2023-07-28,-0.01627333245565341,0.0113,0.0055000000000000005,-0.0034000000000000002,0.0002,0.0053,-0.016473332455653408,-0.01705356619586728,1.0392557212124902
2023-07-31,0.01262946584429189,0.0025,0.0108,-0.0009,0.0002,-0.0005,0.012429465844291889,0.012920593328664761,1.052176314541155
2023-08-01,-0.007765880118714791,-0.0034000000000000002,-0.0017000000000000001,0.0031,0.0002,0.0060999999999999995,-0.007965880118714791,-0.007698875876506337,1.0444774386646485
2023-08-02,-0.00905147701805093,-0.0149,-0.0018,0.005699999999999999,0.0002,-0.0029,-0.00925147701805093,-0.00806935797631533,1.0364080806883331
2023-08-03,-0.007854321045372696,-0.0019,-0.0004,0.0008,0.0002,0.0015,-0.008054321045372697,-0.007877206495231315,1.0285308741931019
2023-08-04,-0.0005095068680347395,-0.0048,0.0003,0.0076,0.0002,-0.0046,-0.0007095068680347395,-0.0005451919055156958,1.0279856822875861
2023-08-07,-0.001953614186244501,0.0077,-0.0116,0.006,0.0002,0.004,-0.002153614186244501,-0.003866769315931372,1.0241189129716548
2023-08-08,0.014416547586711717,-0.004699999999999999,0.0004,0.0015,0.0002,0.0037,0.014216547586711717,0.014765145591109995,1.0388840585627648
2023-08-09,0.0017957397021459197,-0.0078000000000000005,-0.0007000000000000001,-0.0004,0.0002,-0.0029,0.0015957397021459196,0.0023167463342811893,1.041200804897046
2023-08-10,0.0023212708594803747,0.0001,-0.0032,-0.0067,0.0002,-0.003,0.0021212708594803746,0.002057565374630101,1.0432583702716762
2023-08-11,-0.00612741190758462,-0.0011,0.0012,0.0045000000000000005,0.0002,-0.0029,-0.006327411907584619,-0.006347130581325153,1.036911239690351
2023-08-14,-0.001312362748729038,0.0051,-0.0066,-0.0077,0.0002,0.0115,-0.0015123627487290381,-0.0019831695849829487,1.034928070105368
2023-08-16,-0.0076275467742077455,-0.008100000000000001,-0.004,-0.0014000000000000002,0.0002,-0.0018,-0.007827546774207746,-0.0072411762863460365,1.027686893819022
2023-08-17,-0.007412507981908629,-0.0087,-0.0032,0.0049,0.0002,-0.011200000000000002,-0.007612507981908628,-0.007327536040481133,1.0203593577785408
2023-08-18,-0.017348923252063383,0.0004,0.0040999999999999995,-0.0022,0.0002,0.0049,-0.01754892325206338,-0.017131322190024525,1.0032280355885164
2023-08-21,0.009268086646955944,0.0064,-0.0068000000000000005,-0.0059,0.0002,0.005,0.009068086646955943,0.008245322352953612,1.01147335794147
2023-08-22,-0.00023914005237175132,-0.0032,0.0023,-0.0104,0.0002,0.0045000000000000005,-0.00043914005237175133,0.0005051367298001384,1.0119784946712702
2023-08-23,-0.0039048951718034623,0.0108,-0.001,-0.0012,0.0002,0.0074,-0.004104895171803462,-0.005103765507578118,1.0068747291636921
2023-08-24,0.013420542344797745,-0.014199999999999999,-0.0019,0.0060999999999999995,0.0002,-0.0026,0.013220542344797744,0.01431532016772168,1.0211900493314139
2023-08-25,-0.015994455255511398,0.006500000000000001,-0.0007000000000000001,-0.005699999999999999,0.0002,-0.004699999999999999,-0.016194455255511397,-0.016830221240094645,1.0043598280913193
2023-08-28,0.006691409530517829,0.0063,-0.0002,0.0040999999999999995,0.0002,0.0008,0.006491409530517829,0.005694678076404991,1.0100545061677242
2023-08-29,0.004721325200334826,0.015,0.0001,-0.0012,0.0002,0.0004,0.0045213252003348265,0.0030054670166808823,1.013059973184405
2023-08-30,0.013597445382552696,0.0040999999999999995,0.0024,-0.0046,0.0002,0.0034000000000000002,0.013397445382552695,0.013361350538715596,1.0264213237231206
2023-08-31,-0.0004756479969933695,-0.0008,-0.0023,0.0022,0.0002,0.0022,-0.0006756479969933695,-0.0007755255651826048,1.0256457981579379
2023-09-01,-0.0029962458801618195,0.0026,0.0067,0.0058,0.0002,0.0032,-0.0031962458801618196,-0.0031428518642361903,1.0225029462937016
2023-09-05,-0.007089593898189627,-0.0054,-0.013600000000000001,-0.0087,0.0002,-0.0038,-0.0072895938981896264,-0.007431841920749213,1.0150711043729523
2023-09-06,-0.005767210640784654,-0.0070999999999999995,-0.0001,-0.0018,0.0002,0.0074,-0.005967210640784653,-0.005008195022428048,1.0100629093505242
2023-09-07,-0.006958416171621157,-0.004,-0.0063,0.0002,0.0002,0.0014000000000000002,-0.007158416171621156,-0.007143408779573703,1.0029195005709506
2023-09-08,0.0016094324128298795,0.0012,-0.0062,0.004,0.0002,0.0009,0.0014094324128298794,0.0007455071697032742,1.003665007740654
2023-09-11,0.007393886802615336,0.0066,-0.0026,-0.0052,0.0002,-0.0049,0.007193886802615336,0.006397231720599339,1.0100622394612533
2023-09-12,5.346545240671184e-05,-0.0059,-0.0025,0.0101,0.0002,-0.0067,-0.00014653454759328818,-0.00018786641152480888,1.0098743730497284
2023-09-13,-0.011738009528222178,0.0003,-0.0079,-0.002,0.0002,0.002,-0.011938009528222179,-0.012394207051964033,0.9974801659977643
2023-09-14,0.007501532765108069,0.0083,0.0022,0.0086,0.0002,-0.0040999999999999995,0.007301532765108069,0.0061983471015729635,1.0036785130993373
2023-09-15,0.007943847172670574,-0.0121,0.0015,0.0025,0.0002,-0.0062,0.007743847172670575,0.008894469491527172,1.0125729825908645
2023-09-18,-0.01585422517912577,-0.0004,-0.0083,-0.0018,0.0002,0.0127,-0.016054225179125768,-0.016239575244034778,0.9963334073468297
2023-09-19,-0.00019847594531683464,-0.0026,-0.0012,0.0,0.0002,-0.0007000000000000001,-0.00039847594531683465,-0.00022255735004466103,0.9961108499967851
2023-09-20,0.001302380981026809,-0.0095,-0.001,0.0026,0.0002,-0.0042,0.0011023809810268089,0.0018505862988717583,0.9979614362956569
2023-09-21,-0.013253189386634525,-0.0168,0.0019,0.0038,0.0002,0.0004,-0.013453189386634526,-0.011684402049143686,0.9862770342465133
2023-09-22,-0.00848125812432067,-0.0025,0.0001,-0.005,0.0002,0.0067,-0.00868125812432067,-0.008096639598959158,0.9781803946475541
2023-09-25,-0.008581437690165759,0.0039000000000000003,-0.0011,0.0033,0.0002,0.0013,-0.00878143769016576,-0.00934955322132855,0.9688308414262256
2023-09-26,-0.004781547685408706,-0.0146,0.004,-0.005,0.0002,0.0039000000000000003,-0.004981547685408706,-0.0029243931185836546,0.9659064483076419
2023-09-27,-0.007340585753226898,0.0013,0.0069,0.001,0.0002,0.0115,-0.007540585753226897,-0.006993790413821905,0.9589126578938201
2023-09-28,-0.0049967868842181636,0.006500000000000001,0.0016,0.0003,0.0002,0.0027,-0.005196786884218163,-0.005721333329490831,0.9531913245643292
2023-09-29,0.017630138842069105,-0.0027,-0.0004,0.0032,0.0002,-0.009300000000000001,0.017430138842069107,0.017375477364999958,0.9705668019293292
2023-10-02,-0.011009049339487969,-0.0014000000000000002,-0.0092,-0.0105,0.0002,0.013300000000000001,-0.01120904933948797,-0.011040436141655674,0.9595263657876736
2023-10-03,-0.002069174928236215,-0.0149,-0.0033,-0.0014000000000000002,0.0002,-0.0077,-0.002269174928236215,-0.0010501320325014664,0.9584762337551721
2023-10-04,-0.013497913987264423,0.0077,-0.0027,-0.0037,0.0002,0.009300000000000001,-0.013697913987264424,-0.01436073676539977,0.9441154969897724
2023-10-05,0.00935173790967513,-0.0015,0.0031,0.001,0.0002,-0.0015,0.009151737909675129,0.00945281895346069,0.9535683159432331
2023-10-06,0.00029928046675160126,0.0121,-0.003,-0.005600000000000001,0.0002,0.0066,9.928046675160125e-05,-0.0010386053528131742,0.9525297105904199
2023-10-09,-0.00010707885727971624,0.0059,-0.0031,0.0025,0.0002,0.0009,-0.00030707885727971625,-0.0012019382913496615,0.9513277722990703
2023-10-10,0.009905855006000285,0.006,0.0016,0.0063,0.0002,-0.0059,0.009705855006000285,0.00884267008674662,0.960170442385817
2023-10-11,0.00899156047081718,0.0033,-0.0067,0.0038,0.0002,0.0058,0.008791560470817179,0.007986397795269702,0.9681568401810866
2023-10-12,0.0025871901631135405,-0.008100000000000001,-0.0147,0.0011,0.0002,0.0025,0.0023871901631135404,0.0022547043784522476,0.9704115445595388
2023-10-13,-0.023317116483841823,-0.0059,-0.0046,0.0006,0.0002,-0.0075,-0.023517116483841822,-0.02339372673414006,0.9470178178253987
2023-10-16,0.005129564918195322,0.0113,0.0060999999999999995,-0.001,0.0002,-0.0028000000000000004,0.004929564918195323,0.004132841535229453,0.9511506593606281
2023-10-17,0.008055499723632061,0.0009,0.0087,0.006999999999999999,0.0002,-0.0060999999999999995,0.00785549972363206,0.007980692109867002,0.9591313514704951
2023-10-18,0.00041123929453760994,-0.0146,-0.0063,-0.0018,0.0002,0.0024,0.00021123929453760993,0.0014273100834403436,0.9605586615539354
2023-10-19,-0.0022889138714409815,-0.0092,-0.005,-0.0022,0.0002,-0.0008,-0.0024889138714409816,-0.0018061668926697381,0.9587524946612657
2023-10-20,-0.01031906060965475,-0.0132,0.0006,-0.0015,0.0002,0.0040999999999999995,-0.01051906060965475,-0.008954753673583001,0.9497977409876827
2023-10-23,-0.006320331028914629,-0.0023,-0.0026,-0.0078000000000000005,0.0002,0.0086,-0.006520331028914628,-0.006003213746108763,0.9437945272415739
2023-10-24,0.011994236164891401,0.0074,0.0025,-0.0058,0.0002,0.006,0.0117942361648914,0.011516270022855412,0.9553107972644292
2023-10-25,0.00029481224537169744,-0.015700000000000002,-0.0031,0.0085,0.0002,-0.0074,9.481224537169743e-05,0.0010795098085763157,0.9563903070730055
2023-10-26,-0.01895021336234607,-0.0115,0.0085,0.0168,0.0002,-0.013999999999999999,-0.01915021336234607,-0.018244576228210924,0.9381457308447946
2023-10-27,-0.009578231814303154,-0.0052,-0.0034999999999999996,-0.0059,0.0002,0.015300000000000001,-0.009778231814303154,-0.008938224454231269,0.9292075063905633
2023-10-30,0.004659567602452436,0.0115,-0.0038,0.0029,0.0002,0.0012,0.004459567602452436,0.0029230123826838334,0.9321305187732472
2023-10-31,0.01068271750860782,0.0063,0.0005,-0.0006,0.0002,-0.0058,0.01048271750860782,0.009751331394031719,0.9418818501672789
2023-11-02,0.015454285441891504,0.0194,0.004699999999999999,0.0163,0.0002,-0.012199999999999999,0.015254285441891504,0.012719008570765739,0.9546008587380446
2023-11-03,0.005551852234354469,0.011000000000000001,0.0161,0.0060999999999999995,0.0002,-0.0101,0.00535185223435447,0.00486499062836187,0.9594658493664064
2023-11-06,0.011898277970912578,0.0001,-0.010700000000000001,-0.0064,0.0002,0.0104,0.011698277970912578,0.01140499692857447,0.9708708462949809
2023-11-07,-0.0026143388798327088,0.0034999999999999996,-0.0001,-0.012199999999999999,0.0002,0.0076,-0.002814338879832709,-0.0026067367329822263,0.9682641095619987
2023-11-08,0.010040705563093668,-0.0003,-0.008199999999999999,-0.0046,0.0002,0.010700000000000001,0.009840705563093667,0.009704070661530433,0.9779681802235292
2023-11-09,0.002195178545259129,-0.0089,-0.0108,0.0049,0.0002,0.0101,0.001995178545259129,0.0022458943983396287,0.9802140746218688
2023-11-10,-0.015085832660583906,0.0149,-0.0058,-0.0044,0.0002,0.0124,-0.015285832660583906,-0.016822850644791353,0.9633912239770774
2023-11-13,0.012533134551798178,-0.0005,0.0015,-0.0026,0.0002,0.0022,0.012333134551798177,0.012623813111323025,0.9760150370884004
2023-11-14,0.002263597623375277,0.0218,0.029900000000000003,0.011899999999999999,0.0002,-0.0202,0.002063597623375277,0.0009649356061759982,0.9769799726945764
2023-11-15,0.020094728372183585,0.0018,-0.0005,0.0049,0.0002,-0.016399999999999998,0.019894728372183586,0.01914991170330956,0.996129884397886
2023-11-16,-0.0043562829970510315,-0.0011,-0.013999999999999999,-0.003,0.0002,0.0091,-0.004556282997051031,-0.0050921213037547425,0.9910377630941313
2023-11-17,0.008012459825166417,0.0025,0.009899999999999999,0.0063,0.0002,-0.0054,0.007812459825166418,0.007890471855924716,0.998928234950056
2023-11-20,0.0006877026266667695,0.0073,0.0,-0.0029,0.0002,0.005600000000000001,0.0004877026266667695,-5.7255462047393164e-05,0.9988709794880086
2023-11-21,0.0026566943938691194,-0.0032,-0.008,-0.0060999999999999995,0.0002,0.0070999999999999995,0.0024566943938691193,0.002610993760433859,1.0014819732484426
2023-11-22,0.004254877234626504,0.004699999999999999,0.0021,-0.0004,0.0002,-0.002,0.004054877234626504,0.0036752003905143205,1.0051571736389568
2023-11-24,0.00038710926158901484,0.0011,0.0059,0.0018,0.0002,-0.0031,0.00018710926158901483,0.0003438112812904708,1.0055009849202474
2023-11-27,0.0006654530210687817,-0.0023,-0.0011,-0.0009,0.0002,0.0078000000000000005,0.0004654530210687817,0.0008313400478914999,1.0063323249681388
2023-11-28,-0.007408861337989289,0.0005,-0.0029,0.0004,0.0002,-0.0060999999999999995,-0.007608861337989289,-0.008003784224496872,0.998328540743642
2023-11-29,0.005477851005994377,0.0001,0.0043,0.0069,0.0002,-0.0096,0.005277851005994377,0.005115875503282917,1.003444416246925
2023-11-30,-0.0050987011080943345,0.0034999999999999996,-0.0046,0.0001,0.0002,0.0018,-0.005298701108094334,-0.0059423575836110515,0.9975020586633139
2023-12-01,-0.0011949088033800146,0.008100000000000001,0.0206,0.010700000000000001,0.0002,-0.0158,-0.0013949088033800147,-0.0015527534520198166,0.9959493052112941
2023-12-04,0.005305243506541479,-0.0044,0.0141,0.0051,0.0002,-0.0069,0.0051052435065414795,0.006200218679698142,1.0021495238909923
2023-12-05,-0.0019275465799269628,-0.0021,-0.0083,-0.0083,0.0002,0.0124,-0.002127546579926963,-0.0019190957276566014,1.0002304281633356
2023-12-06,-0.000491649321553381,-0.004,0.003,0.0032,0.0002,-0.0137,-0.0006916493215533809,-0.00047439057922192166,0.9997560375841137
2023-12-07,-0.00790854948071619,0.008100000000000001,0.0006,0.004699999999999999,0.0002,-0.001,-0.00810854948071619,-0.009099082114574436,0.9906569554695392
2023-12-08,0.006083349909892854,0.0044,0.0001,0.0052,0.0002,0.0062,0.005883349909892854,0.005385372818530429,0.9960423282880697
2023-12-11,0.0025319444034585235,0.0036,-0.0039000000000000003,-0.0012,0.0002,-0.0009,0.0023319444034585234,0.0017113432712276859,0.9977536715592974
2023-12-12,0.004432958131210768,0.0034000000000000002,-0.0043,-0.0088,0.0002,0.0058,0.004232958131210768,0.004010781211951265,1.0017644527712486
2023-12-13,0.008434095078450691,0.0154,0.0172,0.013500000000000002,0.0002,-0.0207,0.00823409507845069,0.006878557739511087,1.0086430105107598
2023-12-14,0.017706444413446713,0.005,0.0111,0.0203,0.0002,-0.016200000000000003,0.017506444413446714,0.01669188877712832,1.0253348992878881
2023-12-15,-0.00536257334989494,-0.0006,-0.004,-0.005699999999999999,0.0002,0.0092,-0.00556257334989494,-0.005377475169866511,1.0199574241180216
2023-12-18,-0.005288134425410724,0.0042,-0.004,-0.0036,0.0002,0.0103,-0.0054881344254107236,-0.005854131907478598,1.014103292210543
2023-12-19,0.005818433698428478,0.0070999999999999995,0.013600000000000001,0.0069,0.0002,-0.0051,0.005618433698428478,0.005451464709742838,1.0195547569202859
2023-12-20,0.003799128266490027,-0.0155,-0.0037,0.0013,0.0002,0.006,0.0035991282664900267,0.00505801146460172,1.0246127683848876
2023-12-21,-0.0025870077896090527,0.0109,0.0074,-0.0004,0.0002,-0.002,-0.002787007789609053,-0.0034567379211282814,1.0211560304637592
2023-12-22,0.002332912988650551,0.002,0.0064,0.001,0.0002,-0.0048,0.002132912988650551,0.002219783485904502,1.0233758139496638
2023-12-27,0.00570719461076143,0.0016,0.0013,0.0011,0.0002,0.0011,0.00550719461076143,0.005413952822348903,1.0287897667720127
2023-12-28,0.00170016774230221,-0.0001,-0.0036,0.0003,0.0002,-0.0048,0.0015001677423022099,0.0011521506871856914,1.0299419174591984
2023-12-29,0.003675552326241462,-0.0043,-0.011200000000000002,-0.0037,0.0002,0.0008,0.003475552326241462,0.0033096095124487113,1.0332515269716471
2024-01-02,-0.012431318098653048,-0.006999999999999999,-0.0055000000000000005,0.0078000000000000005,0.0002,-0.021099999999999997,-0.012631318098653048,-0.01299394145289545,1.0202575855187517
2024-01-03,-0.005483539359785979,-0.0101,-0.0194,-0.0011,0.0002,0.005699999999999999,-0.005683539359785978,-0.005781086963419125,1.0144764985553325
2024-01-04,-0.003262196526466186,-0.0033,0.0021,0.0009,0.0002,-0.003,-0.003462196526466186,-0.0030693633402269645,1.0114071352151055
2024-01-05,-0.004939641052750149,0.0015,-0.008100000000000001,0.0063,0.0002,-0.0024,-0.005139641052750148,-0.00611398272552916,1.0052931524895763
2024-01-08,0.0015734362163213984,0.0149,0.009000000000000001,-0.0127,0.0002,0.0091,0.0013734362163213983,0.0010534453483125779,1.006346597837889
2024-01-09,0.007770766729176661,-0.0021,-0.0044,-0.0089,0.0002,0.0096,0.007570766729176661,0.008003930624730501,1.0143505284626195
2024-01-10,0.0058528812857358056,0.0051,-0.001,-0.0044,0.0002,0.0097,0.005652881285735806,0.005410579662340751,1.0197611081249602
2024-01-11,0.008435150846231334,-0.0014000000000000002,-0.0045000000000000005,-0.0052,0.0002,0.0097,0.008235150846231333,0.008463890527242595,1.0282249986522027
2024-01-12,-0.003958296117977481,-0.0001,-0.0011,-0.0049,0.0002,0.0063,-0.004158296117977481,-0.00391878711840161,1.024306211533801
2024-01-16,-0.0005615079195419085,-0.004699999999999999,-0.0076,-0.0060999999999999995,0.0002,0.011399999999999999,-0.0007615079195419085,-0.000329802845226954,1.023976408688574
2024-01-17,-0.006316948243802801,-0.0059,-0.0008,-0.0025,0.0002,0.0059,-0.006516948243802801,-0.005739771993394772,1.0182366366951794
2024-01-18,0.0009729385326710092,0.0087,-0.001,-0.0034999999999999996,0.0002,0.0092,0.0007729385326710092,0.00011171638425077322,1.0183483530794302
2024-01-19,0.009533558124598471,0.011899999999999999,-0.004699999999999999,0.0067,0.0002,0.0084,0.009333558124598471,0.0077198820227405126,1.0260682351021706
2024-01-22,0.0010338177697369851,0.0038,0.0173,0.0058,0.0002,-0.0004,0.0008338177697369851,0.0014032154393902687,1.027471450541561
2024-01-23,-0.00424165217317279,0.0022,-0.0066,-0.0055000000000000005,0.0002,-0.0063,-0.004441652173172789,-0.005068704091564883,1.022402746449996
2024-01-24,0.013522831531618672,-0.0001,-0.0074,0.0005,0.0002,0.0058,0.013322831531618671,0.012939289074832622,1.0353420355248286
2024-01-25,-0.006153924005082761,0.0046,0.0004,0.005699999999999999,0.0002,-0.0031,-0.006353924005082761,-0.007070760770073235,1.0282712747547553
2024-01-26,0.011300665593645495,-0.0002,0.0040999999999999995,-0.0027,0.0002,-0.0012,0.011100665593645495,0.011466286875637595,1.039737561630393
2024-01-29,0.006360590074794357,0.0085,0.010700000000000001,-0.0059,0.0002,0.0034999999999999996,0.006160590074794357,0.006273379135468348,1.0460109407658613
2024-01-30,0.00679288914583029,-0.0012,-0.0127,0.0085,0.0002,0.0046,0.006592889145830291,0.0056655092106880954,1.0516764499765494
2024-01-31,-0.0009883168797897987,-0.0174,-0.0092,-0.0029,0.0002,-0.0039000000000000003,-0.0011883168797897988,2.566416983488802e-05,1.0517021141463843
2024-02-01,0.0017713347739821978,0.012199999999999999,0.0064,-0.013500000000000002,0.0002,0.0032,0.0015713347739821977,0.001257542258389508,1.0529596564047738
2024-02-02,0.025369984690288647,0.009899999999999999,-0.0143,-0.0051,0.0002,0.0165,0.02516998469028865,0.023692588760733907,1.0766522451655078
2024-02-05,-0.0030991735537190496,-0.0040999999999999995,-0.0073,-0.0066,0.0002,0.0124,-0.0032991735537190496,-0.00287127625407276,1.073780968911435
2024-02-06,-9.984887737464728e-05,0.0027,0.0085,-0.004699999999999999,0.0002,-0.0143,-0.0002998488773746473,-0.00015452187646865456,1.0736264470349663
2024-02-07,0.004064525009243614,0.0077,-0.009000000000000001,-0.0060999999999999995,0.0002,0.0091,0.003864525009243614,0.00285165593587698,1.0764781029708432
2024-02-08,0.005496883307484175,0.0021,0.0149,0.0001,0.0002,-0.0004,0.005296883307484176,0.006076293902149914,1.0825543968729932
2024-02-09,0.0013393071959024276,0.006500000000000001,0.01,-0.0042,0.0002,0.0088,0.0011393071959024275,0.0014707754284726837,1.0840251723014658
2024-02-12,-0.0011292798504973487,0.0004,0.0129,0.0111,0.0002,-0.013999999999999999,-0.0013292798504973488,-0.0011775132202114212,1.0828476590812544
2024-02-13,-0.004442044944300614,-0.016,-0.024,-0.006500000000000001,0.0002,0.011699999999999999,-0.004642044944300614,-0.0041191566172903964,1.078728502463964
2024-02-14,-0.005503503449757185,0.011399999999999999,0.015700000000000002,-0.0022,0.0002,0.0,-0.005703503449757185,-0.005757365526259583,1.0729711369377044
2024-02-15,0.007885217579095263,0.0067,0.0084,0.0104,0.0002,-0.0123,0.007685217579095263,0.006931792214248859,1.0799029291519533
2024-02-16,0.00734142023403615,-0.0053,-0.0066,-0.0017000000000000001,0.0002,0.0008,0.007141420234036151,0.007324267166830379,1.0872271963187836
2024-02-20,-0.00037699123562217224,-0.0073,-0.0086,0.0033,0.0002,-0.0042,-0.0005769912356221723,-0.000599293648344433,1.0866279026704393
2024-02-21,-0.002500849218852549,-0.0002,-0.008199999999999999,0.0014000000000000002,0.0002,-0.0031,-0.002700849218852549,-0.003351501969451912,1.0832764007009874
2024-02-22,0.018453469477500335,0.0202,-0.012,-0.0129,0.0002,0.0215,0.018253469477500336,0.016227255464819835,1.0995036561658071
2024-02-23,0.0025696382496972225,0.0002,0.0028000000000000004,0.0,0.0002,0.0008,0.0023696382496972224,0.0025560797843541074,1.1020597359501612
2024-02-26,-1.0504312020059764e-05,-0.0026,0.0101,-0.0012,0.0002,0.0108,-0.00021050431202005978,0.001022375215903126,1.1030821111660642
2024-02-27,-0.005827328305216443,0.0026,0.012,-0.0044,0.0002,-0.0092,-0.006027328305216443,-0.005533821036068016,1.0975482901299962
2024-02-28,-0.0026018759922128982,-0.0026,-0.0086,-0.0001,0.0002,-0.0005,-0.0028018759922128983,-0.0031206208117109907,1.0944276693182853
2024-02-29,-0.0013321397925781543,0.0053,-0.0036,0.0098,0.0002,0.004,-0.0015321397925781544,-0.0025804249845603725,1.0918472443337248
2024-03-01,0.004953790259490515,0.0076,0.0009,-0.0055000000000000005,0.0002,0.0072,0.004753790259490515,0.004361939605967656,1.0962091839396926
2024-03-04,0.007824189279409366,-0.0018,-0.0079,0.0034000000000000002,0.0002,0.0007000000000000001,0.007624189279409366,0.007175481580899302,1.103384665520592
2024-03-05,-0.004673778140857452,-0.010700000000000001,-0.0032,0.011699999999999999,0.0002,-0.0096,-0.004873778140857452,-0.004576901226512781,1.098807764294079
2024-03-06,-0.0055822567364581036,0.0053,-0.0016,-0.0003,0.0002,-0.0006,-0.005782256736458103,-0.006449160878310094,1.0923586034157688
2024-03-07,0.006042152212501769,0.0102,-0.004699999999999999,0.0003,0.0002,0.0006,0.005842152212501769,0.004456618912689815,1.0968152223284586
2024-03-08,0.011945989297782077,-0.0066,0.005,0.005699999999999999,0.0002,-0.0076,0.011745989297782077,0.012418100687415076,1.1092333230158737
2024-03-11,0.002148956184160492,-0.002,-0.0070999999999999995,0.004,0.0002,-0.015,0.001948956184160492,0.0012154005521746575,1.1104487235680485
2024-03-12,-0.007405390688810113,0.0104,-0.0097,-0.0069,0.0002,0.018500000000000003,-0.007605390688810112,-0.008718121920158329,1.10173060164789
2024-03-13,0.009412004419958651,-0.0014000000000000002,0.003,-0.0002,0.0002,-0.0001,0.00921200441995865,0.009567101585310104,1.1112977032332
2024-03-14,0.004495202012359961,-0.0042,-0.0131,-0.0104,0.0002,0.0064,0.004295202012359962,0.004339850985477608,1.1156375542186776
2024-03-15,-0.005979662449214158,-0.0058,0.0075,0.0079,0.0002,-0.005600000000000001,-0.006179662449214158,-0.005453581914995852,1.1101839723036817
2024-03-18,-0.005287330105642946,0.0053,-0.0102,-0.0025,0.0002,0.0033,-0.005487330105642945,-0.00657857582868061,1.103605396475001
2024-03-19,-0.003405525967461134,0.0054,0.0053,-0.0027,0.0002,0.0053,-0.0036055259674611343,-0.0036048172576880694,1.1000005792173129
2024-03-20,0.003757049369772684,0.0102,0.0091,0.0101,0.0002,0.003,0.003557049369772684,0.0028255010762411386,1.1028260802935541
2024-03-21,0.0047432003709124955,0.0042,0.0004,0.0095,0.0002,0.0058,0.004543200370912496,0.003930977071183112,1.1067570573647372
2024-03-22,-0.0038756775954726717,-0.0023,-0.0086,-0.0053,0.0002,0.004699999999999999,-0.004075677595472672,-0.004135704195477315,1.10262135316926
2024-03-25,-0.005020247551035322,-0.0027,-0.0024,0.0086,0.0002,-0.0034999999999999996,-0.0052202475510353214,-0.005469738798504419,1.0971516143707556
2024-03-26,0.003457881589788644,-0.0026,0.0009,-0.0013,0.0002,0.0009,0.003257881589788644,0.0036554057816907634,1.1008070201524462
2024-03-27,-0.003750941645357516,0.0088,0.0104,0.0091,0.0002,-0.013600000000000001,-0.003950941645357516,-0.004772406356984798,1.0960346137954615
2024-03-28,0.0035897623744760567,0.0011,0.0029,0.0048,0.0002,-0.0043,0.0033897623744760567,0.00321432143100128,1.0992489352264627
2024-04-02,-0.00588680032327866,-0.0085,-0.011000000000000001,0.0003,0.0002,0.0027,-0.00608680032327866,-0.0058944933211455205,1.0933544419053172
2024-04-03,-0.0049854187646861635,0.0017000000000000001,0.0031,-0.0003,0.0002,0.0067,-0.005185418764686163,-0.0049979592823364396,1.0883564826229808
2024-04-04,0.0035660536990229823,-0.012199999999999999,0.0017000000000000001,0.0015,0.0002,-0.009899999999999999,0.0033660536990229822,0.0044948662346204135,1.0928513488576013
2024-04-05,-0.010234686052252778,0.0106,-0.0032,-0.0068000000000000005,0.0002,0.014499999999999999,-0.010434686052252779,-0.011217023657409068,1.081634325200192
2024-04-08,0.0043728954777149396,0.0001,0.0052,0.0014000000000000002,0.0002,-0.006,0.00417289547771494,0.004337826898051901,1.085972152098244
2024-04-09,-7.925709681329763e-06,0.0013,0.0037,-0.0032,0.0002,-0.0141,-0.00020792570968132976,-0.0002886624406832293,1.0856834896575607
2024-04-10,0.005524263431542446,-0.01,-0.0137,-0.0104,0.0002,0.008199999999999999,0.005324263431542446,0.005975071675479601,1.0916585613330403
2024-04-11,-0.011999379931319457,0.0073,0.0024,-0.0062,0.0002,0.0129,-0.012199379931319457,-0.012310723923411494,1.0793478374096288
2024-04-12,0.0018349306981247171,-0.015300000000000001,-0.0033,0.0011,0.0002,-0.0004,0.001634930698124717,0.002968394844395708,1.0823162322540245
2024-04-15,-0.006158321963442908,-0.0129,-0.004699999999999999,0.0076,0.0002,-0.0028000000000000004,-0.006358321963442908,-0.005645489629774517,1.0766707426242499
2024-04-16,-0.015563318963905563,-0.0023,-0.0003,-0.0083,0.0002,0.0068000000000000005,-0.01576331896390556,-0.015111901815350295,1.0615588408088996
2024-04-17,0.006476223550446484,-0.0064,-0.0048,0.005600000000000001,0.0002,-0.0089,0.0062762235504464844,0.006237316521236458,1.067796157330136
2024-04-18,-0.005410199317457793,-0.0027,-0.0028000000000000004,0.0087,0.0002,-0.005699999999999999,-0.0056101993174577924,-0.005937855316660625,1.0618583020134753
2024-04-19,-0.00528785041156325,-0.008199999999999999,0.008199999999999999,0.019,0.0002,-0.0184,-0.0054878504115632495,-0.005118840289516564,1.0567394617239587
2024-04-22,0.0026211962682011307,0.0087,-0.0021,0.0054,0.0002,0.0052,0.0024211962682011306,0.0012946623423236347,1.0580341240662823
2024-04-23,0.007889230100279969,0.0127,0.0059,0.0,0.0002,0.0125,0.007689230100279969,0.0070289833978632015,1.0650631074641455
2024-04-24,0.01600008628290554,-0.0001,-0.0031,0.0027,0.0002,-0.0060999999999999995,0.01580008628290554,0.015375889038099205,1.0804389965022447
2024-04-25,-0.018038412237564694,-0.004699999999999999,-0.0031,-0.002,0.0002,0.0001,-0.018238412237564693,-0.017885724536496814,1.062553271965748
2024-04-26,0.012691548877057372,0.0103,0.0046,-0.010700000000000001,0.0002,0.0116,0.012491548877057371,0.012340745631899998,1.074894017597648
2024-04-29,-0.0056817878550116,0.0033,0.0038,-0.0048,0.0002,-0.0070999999999999995,-0.0058817878550116,-0.0059592806535664405,1.0689347369440816
2024-04-30,0.0015272010886339961,-0.0167,-0.0019,-0.0025,0.0002,-0.0064,0.001327201088633996,0.002895677566548109,1.0718304145106297
2024-05-02,-0.007409968216194161,0.0101,0.0072,-0.0003,0.0002,0.0040999999999999995,-0.007609968216194161,-0.008080881411840074,1.0637495330987896
2024-05-03,-0.004076882993458178,0.0118,0.0002,-0.0019,0.0002,-0.0024,-0.004276882993458178,-0.005487179325495921,1.0582623537732936
2024-05-06,0.009911324013001852,0.0108,0.0002,-0.0006,0.0002,0.0102,0.009711324013001852,0.00883399390954711,1.0670963476828408
2024-05-07,0.0019622738754507384,0.0005,0.0007000000000000001,-0.006,0.0002,-0.0015,0.0017622738754507383,0.0019299524260257342,1.0690263001088665
2024-05-08,0.008715151450203306,-0.0009,-0.0054,0.0058,0.0002,-0.0006,0.008515151450203306,0.008031710997286647,1.0770580111061532
2024-05-10,0.011524231695753943,0.0009,-0.0092,0.0001,0.0002,0.0029,0.011324231695753943,0.010664596198345875,1.087722607304499
2024-05-13,0.010266509124327116,-0.0004,0.0024,-0.0026,0.0002,-0.011200000000000002,0.010066509124327116,0.010117938152336683,1.0978405454568356
2024-05-14,-0.0027315729285788595,0.005600000000000001,0.0052,0.0002,0.0002,-0.0029,-0.0029315729285788595,-0.003235090401473917,1.0946054550553617
2024-05-15,0.002277767787568245,0.0115,-0.0034999999999999996,-0.0022,0.0002,0.0113,0.002077767787568245,0.0009543254322469765,1.0955597804876087
2024-05-16,0.011097734429238943,-0.0025,-0.0015,-0.0001,0.0002,-0.0101,0.010897734429238942,0.010842877666014302,1.106402658153623
2024-05-17,-0.0015070039681008517,0.0011,-0.0024,0.004,0.0002,0.0033,-0.0017070039681008518,-0.002050537356519199,1.1043521207971039
2024-05-21,-0.0022330109590099657,0.0016,-0.0045000000000000005,0.0018,0.0002,0.0013,-0.002433010959009966,-0.002939622607792231,1.1014124981893116
2024-05-22,-0.0009963913081637594,-0.0034999999999999996,-0.0028000000000000004,-0.0037,0.0002,-0.0058,-0.0011963913081637595,-0.0010186630537334569,1.1003938351355782
2024-05-23,0.007446797515322609,-0.0084,-0.0059,-0.0064,0.0002,0.0192,0.007246797515322609,0.00836073651442542,1.1087545716500036
2024-05-24,-0.01226230719118542,0.0070999999999999995,0.0004,0.0015,0.0002,0.0026,-0.01246230719118542,-0.013174382707076963,1.0955801889429266
2024-05-28,0.0005009200837808619,-0.0004,0.0029,-0.0088,0.0002,0.0054,0.0003009200837808619,0.0009572351398597807,1.0965374240827863
2024-05-29,-0.01421848896452247,-0.0077,-0.0029,-0.0062,0.0002,0.0025,-0.01441848896452247,-0.013542336608288665,1.0829950874744976
2024-05-30,-0.005507851253806049,-0.0053,0.0103,0.01,0.0002,-0.005,-0.005707851253806049,-0.00490285584866243,1.0780922316258352
2024-05-31,-0.002656717207800624,0.0068000000000000005,-0.0036,0.0078000000000000005,0.0002,-0.0067,-0.0028567172078006243,-0.004225359543657856,1.0738668720821773
2024-06-03,0.008434463765501067,0.0005,-0.002,-0.005699999999999999,0.0002,-0.0019,0.008234463765501066,0.00819992829517548,1.0820668003773528
2024-06-04,8.156070352693301e-05,-0.0006,-0.009899999999999999,-0.0076,0.0002,-0.0021,-0.000118439296473067,-0.0005134316690750055,1.081553368708278
2024-06-05,0.011199212871860145,0.0123,0.0048,-0.0060999999999999995,0.0002,0.012,0.010999212871860144,0.010503824876704364,1.0920571935849823
2024-06-06,0.007961017032934087,-0.0006,-0.0045000000000000005,-0.0007000000000000001,0.0002,-0.005600000000000001,0.007761017032934087,0.007421169471128783,1.0994783630561111
2024-06-07,0.002297171381890511,-0.0023,-0.009899999999999999,0.0007000000000000001,0.0002,0.0011,0.002097171381890511,0.001665996411544689,1.1011443594676558
2024-06-10,-0.00563963504608262,0.0027,-0.0012,-0.0028000000000000004,0.0002,0.008199999999999999,-0.00583963504608262,-0.0059310648930197395,1.095213294574636
2024-06-11,-0.0005516234043711273,0.002,0.0013,-0.0106,0.0002,-0.0022,-0.0007516234043711273,-0.0005584061483317943,1.0946548884263043
2024-06-12,0.005560737976782866,0.009399999999999999,0.0084,0.0009,0.0002,0.0067,0.005360737976782866,0.00505991151374097,1.0997147999400454
2024-06-13,0.00017780480639877178,0.0005,-0.0085,-0.0063,0.0002,0.0069,-2.219519360122823e-05,-0.00028716959895398915,1.0994276303410915
2024-06-14,-0.010697308926017977,-0.0016,-0.0129,-0.0064,0.0002,0.0024,-0.010897308926017977,-0.011334817151497473,1.088092813189594
2024-06-17,0.007174796800900065,0.0078000000000000005,-0.0040999999999999995,0.0052,0.0002,-0.0012,0.006974796800900065,0.005675203304464056,1.093768016494058
2024-06-18,-0.0004938744059286047,0.002,-0.0054,0.0037,0.0002,0.010700000000000001,-0.0006938744059286047,-0.0011650957252263348,1.0926029207688317
2024-06-20,0.0026542147947897546,-0.003,-0.0037,0.0025,0.0002,-0.008199999999999999,0.0024542147947897545,0.0022546665768644935,1.0948575873456963
2024-06-21,-0.005560128076453663,-0.0013,0.0058,-0.0051,0.0002,-0.0102,-0.005760128076453663,-0.005276471563580492,1.0895811157821158
2024-06-24,0.004797289233212055,-0.0026,0.0025,0.0109,0.0002,-0.0079,0.004597289233212056,0.004496221243173464,1.0940773370252892
2024-06-25,0.0028945839519720637,0.0031,-0.005600000000000001,-0.0121,0.0002,0.0121,0.0026945839519720636,0.002664631660241142,1.0967419686855304
2024-06-26,-0.004049990216171108,0.0016,0.001,-0.0021,0.0002,-0.0038,-0.004249990216171107,-0.0043602577638535926,1.092381710921677
2024-06-27,-0.0031797488773934734,0.0014000000000000002,0.0072,-0.0039000000000000003,0.0002,-0.0021,-0.0033797488773934735,-0.002949838771460959,1.0894318721502159
2024-06-28,-0.003537408614782993,-0.0034999999999999996,0.0072,0.0127,0.0002,0.0034999999999999996,-0.003737408614782993,-0.003239939165975177,1.0861919329842407
2024-07-01,-0.007055688144309696,0.0023,-0.01,-0.0048,0.0002,0.0088,-0.007255688144309696,-0.007821329940700521,1.07837060304354
2024-07-02,-0.0092577545489335,0.005699999999999999,-0.0054,0.0040999999999999995,0.0002,-0.005,-0.0094577545489335,-0.010670103016263635,1.0677005000272763
2024-07-03,0.008151095543221073,0.0048,-0.0003,-0.0069,0.0002,0.0021,0.007951095543221072,0.00770878210547412,1.0754092821327506
2024-07-05,0.002060275525763896,0.0048,-0.004699999999999999,-0.014199999999999999,0.0002,-0.0029,0.0018602755257638957,0.0014605041222483376,1.076869786254999
2024-07-08,0.009531118223581884,0.001,0.0062,-0.0019,0.0002,0.003,0.009331118223581883,0.00977705034199926,1.0866468365969981
2024-07-09,-0.006122856675859525,0.0,-0.006,0.005,0.0002,0.0042,-0.0063228566758595246,-0.006810201647283663,1.0798366349497144
2024-07-10,-0.005359179912342328,0.0097,-0.0007000000000000001,0.0040999999999999995,0.0002,0.0037,-0.005559179912342328,-0.006683513098593079,1.0731531218511212
2024-07-11,0.0074456470390626426,-0.006,0.0361,0.0177,0.0002,-0.013600000000000001,0.007245647039062643,0.009426515510236374,1.0825796373613576
2024-07-12,-0.0005522774933896117,0.0058,0.0072,-0.004699999999999999,0.0002,-0.0074,-0.0007522774933896117,-0.0008708917431445428,1.081708745618213
2024-07-15,0.005588383252574718,0.0038,0.0098,0.005699999999999999,0.0002,0.0067,0.005388383252574718,0.005605590177181326,1.0873143357953945
2024-07-16,-0.008437079604040602,0.008199999999999999,0.0235,0.0134,0.0002,-0.0127,-0.008637079604040603,-0.00863371280602996,1.0786806229893646
2024-07-17,-0.003923752163161033,-0.0149,-0.0031,0.0246,0.0002,-0.0187,-0.004123752163161033,-0.004017469577508606,1.074663153411856
2024-07-18,0.004991588831647966,-0.0095,-0.0109,0.0003,0.0002,0.0089,0.004791588831647966,0.005229624727805306,1.0798927781396614
2024-07-19,-0.013140336812528226,-0.0068000000000000005,0.0017000000000000001,-0.0013,0.0002,0.0049,-0.013340336812528227,-0.012361724954227112,1.0675310531854343
2024-07-22,0.005559510043369922,0.0108,0.0088,-0.0055000000000000005,0.0002,0.0058,0.005359510043369923,0.005138302890247571,1.072669356075682
2024-07-23,0.0038946138542994236,-0.0007000000000000001,0.0129,0.0001,0.0002,0.0072,0.0036946138542994235,0.004796139824044722,1.0774654958997267
2024-07-24,-0.01566481079550816,-0.024,-0.0066,0.0173,0.0002,-0.0049,-0.01586481079550816,-0.014494334276018431,1.0629711616237083
2024-07-25,-0.007051630290054246,-0.003,0.0146,0.0067,0.0002,-0.0168,-0.007251630290054246,-0.006538285268792701,1.0564328763549156
2024-07-26,0.002491498331849346,0.011000000000000001,0.0053,-0.0017000000000000001,0.0002,0.0014000000000000002,0.002291498331849346,0.0015866799223759134,1.0580195562772914
2024-07-29,0.006982399537717071,-0.0002,-0.01,-0.0048,0.0002,-0.0049,0.006782399537717071,0.0061824475114701585,1.0642020037887616
2024-07-30,0.0012725586931167192,-0.0049,0.0009,0.0137,0.0002,-0.0108,0.0010725586931167191,0.0009455431230427097,1.0651475469118044
2024-07-31,0.002080204624210027,0.0152,-0.0034000000000000002,-0.0134,0.0002,0.009899999999999999,0.0018802046242100269,0.0007281207845440448,1.0658756676963483
2024-08-01,0.0059946514152566565,-0.0161,-0.0131,-0.006500000000000001,0.0002,0.0002,0.005794651415256657,0.006819283354918188,1.0726949510512664
2024-08-02,-0.009296351471571406,-0.021099999999999997,-0.0101,-0.0076,0.0002,-0.0138,-0.009496351471571407,-0.008009205040776474,1.06468574601049
2024-08-05,-0.02264334408425034,-0.0302,-0.0046,0.0001,0.0002,-0.0016,-0.022843344084250337,-0.020028109823087094,1.044657636187403
2024-08-06,0.0029520576058976646,0.01,0.0002,-0.005699999999999999,0.0002,0.013000000000000001,0.0027520576058976645,0.002193413855748179,1.0468510500431512
2024-08-07,0.01500142289919097,-0.0083,-0.0077,0.0072,0.0002,-0.0015,0.01480142289919097,0.01487019328108065,1.0617212433242318
2024-08-08,-0.011009345794392573,0.023799999999999998,0.0043,-0.008100000000000001,0.0002,0.0092,-0.011209345794392573,-0.012936345027769898,1.0487848982964618
2024-08-09,0.018394770733603873,0.0043,-0.0076,-0.0034000000000000002,0.0002,0.0147,0.018194770733603875,0.01766222495857626,1.066447123255038
2024-08-12,0.0028579760863224756,-0.0008,-0.0066,-0.0059,0.0002,0.0127,0.0026579760863224755,0.002770063339017326,1.0692171865940554
2024-08-13,-0.0073307813507882446,0.0169,0.005699999999999999,-0.0074,0.0002,-0.0034000000000000002,-0.007530781350788244,-0.00873595477379288,1.0604812318202625
2024-08-14,0.014546132438514464,0.003,-0.011399999999999999,0.0024,0.0002,0.0078000000000000005,0.014346132438514464,0.013344420111963112,1.0738256519322256
2024-08-16,0.012578847481474253,0.0022,-0.0003,0.0077,0.0002,0.0009,0.012378847481474253,0.011884245547640305,1.0857098974798658
2024-08-19,-0.00037848445491761487,0.0098,0.0046,-0.0026,0.0002,0.0021,-0.0005784844549176148,-0.0011591493000865627,1.0845507481797791
2024-08-20,0.007297661065915073,-0.0031,-0.0067,-0.006500000000000001,0.0002,0.0007000000000000001,0.007097661065915074,0.007204960649028565,1.0917557088288077
2024-08-21,0.0022810536099089266,0.0051,0.0102,-0.0064,0.0002,0.0009,0.0020810536099089266,0.0024771255812047347,1.0942328344100125
2024-08-22,0.0062701802965812225,-0.0096,-0.0068000000000000005,0.0137,0.0002,0.0034000000000000002,0.006070180296581223,0.0062202217902493,1.100453056200262
2024-08-23,0.00011231824865228201,0.0129,0.0191,0.0084,0.0002,0.0013,-8.7681751347718e-05,-0.00040200451175410044,1.1000510516885078
2024-08-26,-0.0005947093836462318,-0.0034000000000000002,0.001,0.0019,0.0002,-0.0043,-0.0007947093836462318,-0.0005283667302219577,1.0995226849582858
2024-08-27,-0.005856137707346402,0.0005,-0.0084,0.0002,0.0002,0.0052,-0.006056137707346402,-0.006573193775318027,1.0929494911829678
2024-08-28,0.004351824735011277,-0.0066,-0.005600000000000001,0.0115,0.0002,0.0034000000000000002,0.004151824735011278,0.004144048085941534,1.0970935392689094
2024-08-29,0.000273688087662037,0.0007000000000000001,0.0038,0.003,0.0002,-0.0077,7.368808766203698e-05,-1.0767051140112436e-05,1.0970827722177694
2024-08-30,0.006408174641937635,0.0098,-0.005600000000000001,0.0005,0.0002,0.0067,0.006208174641937635,0.00492858838063377,1.1020113605984032
2024-09-03,-3.0552620523651636e-05,-0.0226,-0.0125,0.0138,0.0002,-0.0070999999999999995,-0.00023055262052365164,0.0006646076574203585,1.1026759682558236
2024-09-04,-0.010184518004954731,-0.0022,0.0015,-0.0058,0.0002,-0.0021,-0.010384518004954732,-0.009899323757115056,1.0927766444987086
2024-09-05,0.00045015729782145204,-0.0031,0.0026,-0.0069,0.0002,-0.0036,0.00025015729782145205,0.0009095090585869819,1.0936861535572955
2024-09-06,-0.007127283198946863,-0.0182,-0.0021,0.0018,0.0002,-0.0015,-0.007327283198946863,-0.00565608261048009,1.0880300709468154
2024-09-09,0.001072105573913027,0.0109,-0.0083,-0.0073,0.0002,0.0089,0.000872105573913027,-0.0003919871665789709,1.0876380837802364
2024-09-10,0.0002819670434851792,0.004,0.0015,-0.0083,0.0002,-0.0003,8.19670434851792e-05,4.163570658018643e-05,1.0876797194868166
2024-09-11,0.0035585071855466434,0.0104,-0.0003,-0.016399999999999998,0.0002,0.0087,0.0033585071855466433,0.002996575258390765,1.0906762947452073
2024-09-12,0.003355194495625491,0.008,0.0062,-0.0052,0.0002,0.005600000000000001,0.003155194495625491,0.0030363855419273085,1.0937126802871346
2024-09-13,0.006122915473460237,0.006999999999999999,0.019,0.0002,0.0002,-0.0019,0.005922915473460237,0.006431202541738517,1.1001438828288732
2024-09-16,0.008707283638934839,0.0016,-0.0034000000000000002,0.0091,0.0002,-0.0016,0.008507283638934838,0.007763189602514549,1.1079070724313878
2024-09-17,0.00217890836943763,0.0008,0.0053,0.0055000000000000005,0.0002,-0.0042,0.00197890836943763,0.0019761013561935183,1.1098831737875812
2024-09-18,-0.005166497059439948,-0.0025,0.0013,0.0027,0.0002,0.0002,-0.005366497059439947,-0.005104114903723546,1.1047790588838575
2024-09-19,0.009561714559848911,0.0177,0.0048,-0.002,0.0002,0.0060999999999999995,0.00936171455984891,0.008032576317085932,1.1128116352009434
2024-09-20,-0.003406799519276712,-0.0026,-0.0073,-0.0063,0.0002,0.006999999999999999,-0.0036067995192767123,-0.0034631967875835483,1.1093484384133598
2024-09-23,-0.0067738200056007775,0.0021,-0.008100000000000001,-0.0011,0.0002,-0.005699999999999999,-0.006973820005600777,-0.00782959188783178,1.1015188465255281
2024-09-24,0.0017348499088124456,0.0024,0.001,-0.0058,0.0002,-0.0001,0.0015348499088124455,0.0015471892572380178,1.1030660357827662
2024-09-25,0.0028754212339968765,-0.0029,-0.006500000000000001,-0.006999999999999999,0.0002,0.0098,0.0026754212339968764,0.002989272384543391,1.1060553081673097
2024-09-26,0.0050618061191724725,0.0043,0.0018,0.0043,0.0002,-0.006500000000000001,0.004861806119172473,0.004245752078203224,1.110301060245513
2024-09-27,0.0018942776714220312,-0.0009,0.0043,0.005600000000000001,0.0002,-0.016200000000000003,0.0016942776714220311,0.0015387693020180626,1.1118398295475311
2024-09-30,-0.0004996660523368756,0.0036,-0.0012,0.0015,0.0002,0.0060999999999999995,-0.0006996660523368755,-0.0010777868298395199,1.1107620427176916
2024-10-01,0.00010550987647801293,-0.0097,-0.009000000000000001,-0.0003,0.0002,-0.0045000000000000005,-9.449012352198708e-05,0.00022413628775397066,1.1109861790054456
2024-10-02,-0.008344448379714932,0.0,-0.002,-0.0018,0.0002,0.0049,-0.008544448379714933,-0.008512732782086295,1.1024734462233594
2024-10-03,-0.005359852274771059,-0.0023,-0.0060999999999999995,0.0019,0.0002,0.0079,-0.005559852274771059,-0.00562693826174703,1.0968465079616123
2024-10-04,-0.0028318872542152755,0.0103,0.0039000000000000003,0.0028000000000000004,0.0002,0.0004,-0.0030318872542152756,-0.0039337725710621805,1.0929127353905501
2024-10-07,0.00034988341475997343,-0.0097,-0.0016,0.0029,0.0002,0.0002,0.00014988341475997342,0.0009632480258622972,1.0938759834164125
2024-10-08,-0.007018197786038212,0.0087,-0.0029,-0.011399999999999999,0.0002,0.014499999999999999,-0.007218197786038212,-0.00762383339309178,1.0862521500233207
2024-10-09,0.00611651458939126,0.0069,-0.0046,0.0019,0.0002,0.0008,0.00591651458939126,0.004833333752015225,1.0910854837753359
2024-10-10,0.0030204995323592516,-0.002,-0.0033,0.0009,0.0002,-0.0015,0.0028204995323592515,0.0027428936177410976,1.093828377393077
2024-10-11,-0.00016050628267439074,0.0075,0.010700000000000001,0.0076,0.0002,0.011200000000000002,-0.00036050628267439075,-0.0004376062041837393,1.0933907711888933
2024-10-14,0.005037648587700124,0.006999999999999999,-0.0003,-0.0032,0.0002,0.0049,0.004837648587700125,0.004298876793528132,1.0976896479824214
2024-10-15,0.002213365380227245,-0.0072,0.0076,0.0051,0.0002,0.0022,0.002013365380227245,0.0031573865822639973,1.1008470345646855
2024-10-16,-0.006400283332700898,0.0052,0.0091,0.0054,0.0002,0.0026,-0.006600283332700897,-0.006655790907570213,1.0941912436571153
2024-10-17,0.0010387890978066881,-0.0005,-0.0009,0.0016,0.0002,-0.002,0.0008387890978066881,0.0007321614874655002,1.0949234051445809
2024-10-18,-0.0035938378271143,0.0036,-0.0019,-0.0075,0.0002,0.0005,-0.0037938378271143002,-0.00403310579957591,1.090890299345005
2024-10-21,-0.000625382887482216,-0.0029,-0.0103,-0.012,0.0002,0.005,-0.000825382887482216,-0.0007025154970316447,1.0901877838479732
2024-10-22,-0.006804336998582361,-0.0011,-0.0032,0.005699999999999999,0.0002,0.0005,-0.007004336998582361,-0.007290237008371972,1.0828975468396012
2024-10-23,0.004096684848438136,-0.0097,-0.0038,0.0109,0.0002,-0.0032,0.0038966848484381362,0.004213786692747618,1.0871113335323488
2024-10-24,-0.0013215723637704903,0.0029,0.0015,-0.0029,0.0002,0.0001,-0.0015215723637704904,-0.0016224593733026084,1.0854888741590463
2024-10-25,-0.004464926858291859,-0.0008,-0.0002,-0.008199999999999999,0.0002,-0.0006,-0.004664926858291858,-0.004327445599949116,1.0811614285590971
2024-10-28,-0.0007985841875178407,0.0038,0.0113,0.0063,0.0002,0.0037,-0.0009985841875178407,-0.0007649357572118009,1.0803964928018854
2024-10-29,-0.002557511788530985,0.0015,0.0014000000000000002,-0.0108,0.0002,0.0053,-0.002757511788530985,-0.002336020181365521,1.0780604726205198
2024-10-30,0.005040257440841601,-0.0032,-0.0008,0.0075,0.0002,-0.0033,0.004840257440841602,0.0047937167166701485,1.08285418933719
2024-10-31,-0.011400722671570222,-0.018000000000000002,-0.0039000000000000003,0.0064,0.0002,-0.011000000000000001,-0.011600722671570222,-0.010435374554872187,1.0724188147823177
2024-11-04,0.005590501610293393,-0.0027,0.008199999999999999,-0.0055000000000000005,0.0002,-0.0045000000000000005,0.005390501610293394,0.006320819906452159,1.0787396346887699
2024-11-05,-0.004056385832658484,0.013000000000000001,0.008199999999999999,-0.0014000000000000002,0.0002,0.0084,-0.0042563858326584835,-0.004832780917121522,1.0739068537716483
2024-11-06,0.013218765503931265,0.0291,0.0187,0.035,0.0002,0.011000000000000001,0.013018765503931265,0.010280144475839763,1.084186998247488
2024-11-07,-0.0035301175167660147,0.0066,-0.0019,-0.0276,0.0002,0.0037,-0.0037301175167660148,-0.00352783312834008,1.080659165119148
2024-11-08,0.001849779390010147,0.0043,0.004,-0.0051,0.0002,0.010700000000000001,0.0016497793900101469,0.001876348132493755,1.0825355132516417
2024-11-11,0.004470820258131338,0.0032,0.0091,0.0084,0.0002,-0.009300000000000001,0.004270820258131338,0.004065024296934349,1.086600537548576
2024-11-12,-0.006565172374122749,-0.0038,-0.0123,0.0014000000000000002,0.0002,0.0040999999999999995,-0.006765172374122748,-0.007161081349595504,1.0794394561989806
2024-11-13,-0.0010808390399061625,-0.0012,-0.0105,0.0018,0.0002,-0.0064,-0.0012808390399061626,-0.002067878659356481,1.0773715775396242
2024-11-14,0.0011902093686481853,-0.0070999999999999995,-0.0083,0.0070999999999999995,0.0002,0.0016,0.0009902093686481853,0.0009629364357628956,1.078334513975387
2024-11-15,-0.010058436194931464,-0.0138,-0.0087,0.0165,0.0002,-0.002,-0.010258436194931464,-0.010009632193479941,1.068324881781907
2024-11-18,-0.00919889789977134,0.0040999999999999995,-0.0038,-0.0003,0.0002,-0.0027,-0.00939889789977134,-0.010134809532292904,1.0581900722496143
2024-11-19,-0.003239930636626693,0.0049,0.0078000000000000005,-0.016399999999999998,0.0002,0.0128,-0.003439930636626693,-0.0025867280115815707,1.0556033442380326
2024-11-20,0.004558542529727944,0.0004,0.0,-0.0011,0.0002,-0.0025,0.004358542529727945,0.004300119561554196,1.0599034637995868
2024-11-21,-0.002077667562709833,0.006500000000000001,0.008,0.0029,0.0002,-0.0019,-0.0022776675627098333,-0.0025560465636402015,1.0573474172359465
2024-11-22,0.003985454927340125,0.0053,0.0126,0.0042,0.0002,-0.0038,0.003785454927340125,0.0038596466513431274,1.0612070638872897
2024-11-25,0.009552749324665467,0.0040999999999999995,0.0109,0.0023,0.0002,-0.0128,0.009352749324665467,0.009307538452953314,1.070514602340243
2024-11-26,0.006517189216072182,0.0042,-0.009399999999999999,-0.0067,0.0002,0.0123,0.006317189216072183,0.0057337577832408245,1.0762483601234838
2024-11-27,0.0024165405639108807,-0.004,0.0026,0.004699999999999999,0.0002,-0.0084,0.0022165405639108806,0.0024700396867292037,1.078718399810213
2024-11-29,-0.0005206302960667759,0.0054,0.0013,-0.0064,0.0002,0.0007000000000000001,-0.0007206302960667759,-0.0009645767247521487,1.0777538230854609
2024-12-02,0.005414296308271005,0.0023,0.004699999999999999,-0.006500000000000001,0.0002,-0.0063,0.005214296308271005,0.005378119657302294,1.0831319427427633
2024-12-03,0.00792202522082904,0.0004,-0.005699999999999999,-0.005600000000000001,0.0002,0.009000000000000001,0.00772202522082904,0.007679142162369758,1.0908110849051331
2024-12-04,-0.0006380990724773719,0.006999999999999999,0.004,-0.0126,0.0002,0.0059,-0.0008380990724773719,-0.0007421143041555112,1.0900689706009776
2024-12-05,0.001735622835222254,-0.0028000000000000004,-0.011200000000000002,0.0048,0.0002,0.006999999999999999,0.001535622835222254,0.001056135612943623,1.0911251062139213
2024-12-06,0.0019931403595746895,0.0034999999999999996,0.0062,-0.0106,0.0002,0.0018,0.0017931403595746894,0.002248330726191923,1.0933734369401134
2024-12-09,0.004927501110707212,-0.0073,0.0040999999999999995,0.0013,0.0002,-0.027999999999999997,0.004727501110707213,0.005120928992170995,1.0984943659322843
2024-12-10,-0.0008967686186247943,-0.0036,-0.0003,0.0014000000000000002,0.0002,-0.0006,-0.0010967686186247943,-0.000800599223749426,1.097693766708535
2024-12-11,-0.0011967647125375096,0.0087,0.0017000000000000001,-0.0058,0.0002,0.013500000000000002,-0.0013967647125375097,-0.0017030700797117627,1.095990696628823
2024-12-12,0.0008835456611866675,-0.0062,-0.0086,0.0040999999999999995,0.0002,-0.0028000000000000004,0.0006835456611866675,0.0005488911582908249,1.096539587787114
2024-12-13,-0.0021654167106792475,-0.0005,-0.0048,-0.003,0.0002,0.0066,-0.0023654167106792476,-0.0023936137905111237,1.0941459739966028
2024-12-16,-0.005005633227726041,0.0046,0.0075,-0.0106,0.0002,0.011399999999999999,-0.005205633227726041,-0.004569815621947221,1.0895761583746557
2024-12-17,-0.0010157890603825158,-0.0049,-0.0042,-0.005699999999999999,0.0002,-0.0066,-0.001215789060382516,-0.0009353308939421643,1.0886408274807136
2024-12-18,0.0009787862036788773,-0.0317,-0.0143,0.001,0.0002,-0.0086,0.0007787862036788773,0.0029105136288122037,1.0915513411095257
2024-12-19,-0.025286762321660286,-0.0012,-0.0028000000000000004,-0.0001,0.0002,0.009399999999999999,-0.025486762321660285,-0.025344318710222788,1.066207022399303
2024-12-20,-0.025017542947734877,0.010700000000000001,-0.0014000000000000002,0.0007000000000000001,0.0002,0.0019,-0.025217542947734876,-0.026416985746454874,1.039790036652848
2024-12-23,0.01381602797858946,0.0060999999999999995,-0.0070999999999999995,-0.0019,0.0002,-0.0007000000000000001,0.013616027978589459,0.01254436392837546,1.0523344005812236
2024-12-27,0.00798260444301885,-0.011699999999999999,-0.006500000000000001,0.005699999999999999,0.0002,-0.0085,0.00778260444301885,0.008189062616237891,1.0605234631974616
2024-12-30,-0.005790856185912603,-0.0109,0.0013,0.0074,0.0002,0.0009,-0.005990856185912602,-0.004993434672095251,1.0555300285253664
2024-12-31,-0.007928782635388794,-0.0046,0.0001,0.0072,0.0002,-0.010700000000000001,-0.008128782635388795,-0.008117299023153937,1.0474127295022124
2025-01-02,-8.19843383468105e-05,-0.0016,0.001,-0.0032,0.0002,0.0049,-0.0002819843383468105,0.00016895806384548834,1.047581687566058
2025-01-03,-0.0072998492422438116,0.0134,0.006,-0.009399999999999999,0.0002,0.0079,-0.007499849242243811,-0.00800500339835706,1.039576684167701
2025-01-06,0.01176831055337962,0.0055000000000000005,-0.0037,-0.0033,0.0002,0.0002,0.01156831055337962,0.010857679196234244,1.0504343633639353
2025-01-07,-0.004642564654888589,-0.0118,-0.0037,0.0084,0.0002,-0.0158,-0.004842564654888588,-0.004485694811499092,1.0459486685524362
2025-01-08,-0.006939447172367171,0.001,-0.0060999999999999995,-0.0012,0.0002,0.0072,-0.007139447172367171,-0.007461659442259558,1.0384870091101766
2025-01-10,0.0018933710768315858,-0.0155,-0.009000000000000001,-0.0019,0.0002,-0.0044,0.0016933710768315857,0.0026767876036060986,1.0411637967137826
2025-01-13,-0.017795329852368164,0.0012,-0.005699999999999999,0.012,0.0002,-0.009000000000000001,-0.017995329852368163,-0.019112816387606965,1.0220509803261757
2025-01-14,0.011714196278226351,0.0017000000000000001,0.0034999999999999996,0.0165,0.0002,0.0077,0.01151419627822635,0.011176411638222345,1.033227391964398
2025-01-15,-0.0018644126566681176,0.0191,0.0025,0.0009,0.0002,0.015700000000000002,-0.0020644126566681177,-0.003587872891794913,1.029639519072603
2025-01-16,0.011095137059147497,-0.0019,0.0,0.0017000000000000001,0.0002,-0.0051,0.010895137059147497,0.010925884639543236,1.0405654037121463
2025-01-17,0.007114728968998543,0.0096,-0.0054,0.0009,0.0002,0.0079,0.006914728968998543,0.005681976441569708,1.046247380153716
2025-01-21,0.0023060780126754003,0.0096,0.0115,-0.0102,0.0002,0.0040999999999999995,0.0021060780126754,0.0023177836310982686,1.0485651637848143
2025-01-22,0.017292478466291603,0.0054,-0.0045000000000000005,-0.012199999999999999,0.0002,0.006999999999999999,0.017092478466291604,0.01678921465287125,1.0653543784376855
2025-01-23,-0.00013652404626357658,0.0048,0.0006,-0.0026,0.0002,-0.0049,-0.00033652404626357657,-0.000816084348768465,1.064538294088917
2025-01-24,0.017114208941227317,-0.0027,-0.0015,0.0068000000000000005,0.0002,0.0001,0.01691420894122732,0.01686520059228848,1.0814034946812054
2025-01-27,-0.016861702127659424,-0.0149,-0.0064,0.0252,0.0002,-0.032799999999999996,-0.017061702127659423,-0.017504980521586236,1.0638985141596191
2025-01-28,0.024704812401614862,0.0092,0.0018,-0.0165,0.0002,0.0187,0.024504812401614864,0.024630978101640756,1.0885294922612598
2025-01-29,-0.003514929651121887,-0.0042,-0.0004,0.0049,0.0002,0.0018,-0.003714929651121887,-0.003430330521087822,1.085099161740172
2025-01-30,-0.0033103392593115846,0.0058,0.0037,-0.0002,0.0002,0.0060999999999999995,-0.0035103392593115847,-0.0037283030054970114,1.0813708587346749
2025-01-31,0.008029932510088038,-0.0053,-0.0028000000000000004,-0.0017000000000000001,0.0002,0.0049,0.007829932510088037,0.008359463962724226,1.0897303226973991
2025-02-03,-0.021200721256472994,-0.008199999999999999,-0.0070999999999999995,-0.0025,0.0002,0.0021,-0.021400721256472993,-0.020892385457230805,1.0688379372401684
2025-02-04,0.015255855005234091,0.0077,0.01,-0.0011,0.0002,0.0055000000000000005,0.015055855005234091,0.01508423003930123,1.0839221672794697
2025-02-05,-5.054359637911853e-05,0.0039000000000000003,0.0048,0.003,0.0002,0.0029,-0.00025054359637911855,-0.00037322954946304753,1.0835489377300067
2025-02-06,0.006593745419255038,0.0029,-0.005600000000000001,0.006,0.0002,0.011000000000000001,0.006393745419255038,0.00574250911998843,1.0892914468499952
2025-02-07,0.008348251386563034,-0.0098,-0.0039000000000000003,-0.0002,0.0002,0.0001,0.008148251386563034,0.008919704192450077,1.0982111510424453
2025-02-10,-0.00490274194994172,0.0066,0.003,-0.011000000000000001,0.0002,-0.0038,-0.00510274194994172,-0.005297223772913803,1.0929139272695314
2025-02-11,-0.004794278893912845,-0.0014000000000000002,-0.0069,0.013000000000000001,0.0002,-0.0045000000000000005,-0.004994278893912844,-0.0058575282227612616,1.08705639904677
2025-02-12,-0.0015840010861722334,-0.0031,-0.0049,-0.006500000000000001,0.0002,0.0007000000000000001,-0.0017840010861722335,-0.0015544944646104866,1.0855019045821597
2025-02-13,-0.004867828263623263,0.011000000000000001,0.0034999999999999996,-0.0017000000000000001,0.0002,0.0037,-0.005067828263623263,-0.005845099728332491,1.079656804853827
2025-02-14,0.005071312164063577,0.0002,-0.0018,0.004699999999999999,0.0002,0.0005,0.004871312164063577,0.004578364492908454,1.0842351693467356
2025-02-18,0.0007143345669536221,0.0025,-0.0013,0.0028000000000000004,0.0002,-0.0070999999999999995,0.0005143345669536222,-8.523714241364603e-05,1.084149932204322
2025-02-19,-0.0003923504322181937,0.0009,-0.0063,-0.0007000000000000001,0.0002,-0.0031,-0.0005923504322181937,-0.0011575548875908301,1.0829923773167311
2025-02-20,0.002977969106102708,-0.0060999999999999995,-0.0048,-0.0014000000000000002,0.0002,-0.012,0.0027779691061027077,0.0028797368929843127,1.0858721142097154
2025-02-21,0.005031862571829672,-0.019,-0.011200000000000002,0.0077,0.0002,-0.0129,0.004831862571829672,0.005520893067499251,1.0913930072772147
2025-02-24,-0.00038686760335518807,-0.005699999999999999,-0.01,0.012,0.0002,-0.012199999999999999,-0.0005868676033551881,-0.0013422568584421524,1.0900507504187724
2025-02-25,0.0008067049495495218,-0.0058,-0.0012,0.006999999999999999,0.0002,-0.0046,0.0006067049495495218,0.0007945020876296998,1.090845252506402
2025-02-26,0.0024382526943821634,0.0002,0.0018,-0.0033,0.0002,0.0137,0.0022382526943821634,0.0027486129416312817,1.0935938654480333
2025-02-27,-0.0012349482849748437,-0.0165,-0.0095,0.0213,0.0002,-0.006999999999999999,-0.0014349482849748438,-0.0012296144122472359,1.092364251035786
2025-02-28,-0.011820502916877746,0.0159,-0.008,0.0013,0.0002,0.014499999999999999,-0.012020502916877746,-0.013961039025470407,1.0784032120103157
2025-03-03,0.012269004393389763,-0.0192,-0.0123,0.0108,0.0002,-0.0024,0.012069004393389763,0.012825531764323345,1.091228743774639
2025-03-04,-0.0056564744819286175,-0.0127,0.0096,-0.021,0.0002,-0.0079,-0.005856474481928617,-0.003326839665670408,1.0879019041089686
2025-03-05,-0.0026098204897384084,0.0116,0.0038,-0.0083,0.0002,-0.0033,-0.0028098204897384084,-0.003555528264850614,1.084346375844118
2025-03-06,-0.0012514410533341898,-0.0192,-0.0011,0.0092,0.0002,-0.0264,-0.0014514410533341899,-0.00039901648235433863,1.0839473593617637
2025-03-07,-0.00591065918405057,0.004699999999999999,-0.0001,-0.0033,0.0002,-0.0109,-0.00611065918405057,-0.006733137368833766,1.07721422199293
2025-03-10,-0.00819935118177612,-0.028999999999999998,-0.0076,0.0072,0.0002,-0.0215,-0.008399351181776121,-0.006586657103424752,1.0706275648895052
2025-03-11,-0.0097126014778147,-0.0063,0.0097,-0.0013,0.0002,0.016,-0.009912601477814701,-0.008203140267545022,1.06242442462196
2025-03-12,-0.011612321141995022,0.0051,-0.0003,-0.0033,0.0002,0.0194,-0.011812321141995022,-0.01183485131063933,1.0505895733113206
2025-03-13,-0.011344797918327881,-0.0149,-0.01,0.014199999999999999,0.0002,-0.0037,-0.011544797918327881,-0.011227139132653538,1.0393624341786671
2025-03-14,-0.0019368173050646551,0.022099999999999998,0.0031,0.0008,0.0002,0.0079,-0.002136817305064655,-0.004099316438079984,1.035263117740587
2025-03-17,0.010114919306602951,0.0072,0.0019,0.0014000000000000002,0.0002,-0.008,0.00991491930660295,0.009068316870725915,1.044331434611313
2025-03-18,0.007450352911453822,-0.0113,-0.0029,0.0103,0.0002,-0.0073,0.007250352911453822,0.007728079874799325,1.0520595144861125
2025-03-19,-0.007434439269303932,0.012,0.0053,-0.0040999999999999995,0.0002,0.0137,-0.007634439269303931,-0.008095997437866247,1.0439635170482462
2025-03-20,-0.0005579431898033337,-0.0024,-0.0046,0.0022,0.0002,0.002,-0.0007579431898033337,-0.0008505883395679571,1.0431129287086782
2025-03-21,-0.009316533027873226,0.0008,-0.0025,-0.0070999999999999995,0.0002,0.0063,-0.009516533027873227,-0.009391241068477666,1.0337216876402004
2025-03-24,0.00676737095878186,0.019299999999999998,0.0076,-0.0042,0.0002,0.008100000000000001,0.006567370958781861,0.0053790556386740275,1.0391007432788746
2025-03-25,0.005206421957794248,0.0012,-0.009399999999999999,0.0005,0.0002,0.0086,0.005006421957794248,0.004411397733818099,1.0435121410126926
2025-03-26,-0.006689692305671915,-0.012199999999999999,-0.0048,0.0152,0.0002,-0.0096,-0.006889692305671915,-0.0066638038917566835,1.036848337120936
2025-03-27,-0.007205411065396068,-0.0042,0.0019,0.003,0.0002,-0.0049,-0.007405411065396068,-0.007044673568636506,1.0298036635522996
2025-03-28,0.0018084338536685245,-0.0207,-0.0048,0.004,0.0002,0.0024,0.0016084338536685244,0.003367568745409828,1.0331712322977094
2025-03-31,-0.022302747366685863,0.0039000000000000003,-0.0108,0.0037,0.0002,0.0069,-0.022502747366685862,-0.02362195037855751,1.0095492819191518
2025-04-01,0.014009403050416994,0.004,-0.0038,0.0002,0.0002,0.0074,0.013809403050416993,0.013285373991170675,1.0228346559103225
2025-04-02,-0.0025448840857591783,0.008100000000000001,0.008199999999999999,-0.0011,0.0002,-0.0033,-0.0027448840857591784,-0.003071007228785655,1.019763648681537
2025-04-03,-0.010573831313381058,-0.0513,-0.0163,-0.005,0.0002,0.0155,-0.010773831313381058,-0.0059970667898553995,1.0137665818916815
2025-04-04,-0.02632172445743895,-0.0592,0.0203,-0.0024,0.0002,-0.0037,-0.026521724457438948,-0.018936180157458904,0.9948304017342225
2025-04-07,-0.054725174138238936,-0.0023,-0.0058,-0.0024,0.0002,0.0085,-0.054925174138238934,-0.05481198776782179,0.9400184139664007
2025-04-08,0.025551625797842634,-0.0167,-0.0137,0.0097,0.0002,0.0208,0.025351625797842635,0.02629050458347599,0.9663089185498768
2025-04-09,-0.026719941505148635,0.0965,0.0036,-0.030600000000000002,0.0002,-0.0207,-0.026919941505148634,-0.03619289990217425,0.9301160186477025
2025-04-10,0.0642444964344763,-0.0354,-0.0091,-0.0014000000000000002,0.0002,0.0155,0.0640444964344763,0.06752044107326811,0.9976364597209707
2025-04-11,-0.00886554388305271,0.0176,-0.0021,-0.0101,0.0002,-0.0034000000000000002,-0.009065543883052711,-0.010781399896862172,0.9868550598241085
2025-04-14,0.018144856013235056,0.0079,0.0011,0.0036,0.0002,0.004699999999999999,0.017944856013235057,0.017170122685669496,1.004025182509778
2025-04-15,-0.0015532868265302616,-0.0014000000000000002,0.0016,0.0045000000000000005,0.0002,0.0139,-0.0017532868265302617,-0.0013509819271676521,1.0026742005826101
2025-04-16,-0.014988814934751637,-0.0222,0.0078000000000000005,0.013300000000000001,0.0002,-0.0026,-0.015188814934751637,-0.012842929829347918,0.9898312707532623
2025-04-17,-0.007353620664066084,0.0022,0.0028000000000000004,0.0074,0.0002,-0.0091,-0.007553620664066084,-0.00804382599013106,0.9817874447631312
2025-04-22,-0.006911590878956814,0.0256,0.0008,0.0024,0.0002,0.004699999999999999,-0.007111590878956814,-0.00972100686545498,0.9720664378976762
2025-04-23,0.03339232502052398,0.0175,0.0021,-0.0066,0.0002,0.0088,0.03319232502052398,0.03191642292043313,1.0039828608181094
2025-04-24,0.0002446520168671628,0.021400000000000002,0.0034000000000000002,-0.009399999999999999,0.0002,-0.0032,4.465201686716281e-05,-0.0017157019152445859,1.0022671589028649
2025-04-25,0.011034130227470884,0.0064,-0.0008,-0.0115,0.0002,0.0046,0.010834130227470883,0.010601414331191428,1.0128685732340563
2025-04-28,0.0012884426153753094,0.0008,0.0022,0.0014000000000000002,0.0002,0.0011,0.0010884426153753093,0.0011299098944866815,1.013998483128543
2025-04-29,0.0017998696926918843,0.0058,0.0001,-0.0004,0.0002,0.0058,0.0015998696926918842,0.001137835950680748,1.0151363190792237
2025-04-30,0.00816751259406598,0.0003,-0.0073,-0.006,0.0002,0.0015,0.00796751259406598,0.007677909287600538,1.0228142283668242
2025-05-02,0.015761873147025825,0.015600000000000001,0.006999999999999999,0.0029,0.0002,-0.0011,0.015561873147025824,0.014279043432212379,1.0370932717990367
2025-05-05,0.00848105720810465,-0.0066,0.0005,-0.005,0.0002,0.0036,0.00828105720810465,0.009255535879139496,1.0463488076781762
2025-05-06,-0.0017974001983700133,-0.008100000000000001,-0.0059,0.0060999999999999995,0.0002,0.008199999999999999,-0.0019974001983700134,-0.0015799692772930619,1.044768838400883
2025-05-07,0.0015771999968456599,0.004,-0.0026,-0.0004,0.0002,-0.0034000000000000002,0.0013771999968456598,0.000721516090297529,1.0454903544911807
2025-05-08,0.0036061004511562227,0.0074,0.015700000000000002,-0.0007000000000000001,0.0002,-0.0155,0.0034061004511562226,0.0033849675336339253,1.0488753220248146
2025-05-12,0.008227095019547815,0.0336,0.0075,-0.014199999999999999,0.0002,-0.0329,0.008027095019547814,0.004787829551327773,1.0536631515761423
2025-05-13,0.00840377547394454,0.0079,-0.0002,-0.0016,0.0002,0.0019,0.00820377547394454,0.007457888448411097,1.0611210400245534
2025-05-14,0.003171451279769158,0.0008,-0.0052,-0.0087,0.0002,0.0103,0.002971451279769158,0.003054631196389076,1.0641756712209425
2025-05-15,-0.008427902588112166,0.003,0.0,0.0044,0.0002,0.0046,-0.008627902588112166,-0.008993197248206753,1.0551824739727358
2025-05-16,0.013399633333074758,0.0074,0.0005,-0.0043,0.0002,-0.0006,0.013199633333074758,0.012591856310197012,1.0677743302829328
2025-05-19,-0.0023423805015960137,0.0001,-0.0040999999999999995,-0.0007000000000000001,0.0002,0.006999999999999999,-0.0025423805015960138,-0.002655879771180357,1.0651184505117524
2025-05-20,0.012542488190265277,-0.0037,0.0044,-0.0012,0.0002,-0.0028000000000000004,0.012342488190265276,0.013009483496363574,1.078127934008116
2025-05-21,-0.004127357001225145,-0.0173,-0.0101,-0.003,0.0002,0.013500000000000002,-0.0043273570012251445,-0.002805144924321786,1.0753227890837942
2025-05-22,-0.008501982189463336,-0.0001,0.0029,-0.0042,0.0002,-0.0033,-0.008701982189463336,-0.008422488851523899,1.0669003002322703
2025-05-23,0.0016704655047594347,-0.0067,-0.0007000000000000001,0.0039000000000000003,0.0002,0.0098,0.0014704655047594346,0.0022039732359974756,1.0691042734682679
2025-05-27,0.001290046792821515,0.0207,0.0059,-0.0028000000000000004,0.0002,-0.0049,0.001090046792821515,-0.0006894888227335751,1.0684147846455343
2025-05-28,0.006744325516624474,-0.0062,-0.0031,-0.0023,0.0002,0.0036,0.006544325516624474,0.007140206669078663,1.075554991314613
2025-05-30,-0.0031148244440517107,-0.0002,-0.004,-0.0021,0.0002,0.0132,-0.003314824444051711,-0.0032081328289986365,1.0723468584856144
2025-06-02,-0.0014331435979501258,0.0038,-0.0019,-0.0064,0.0002,0.0027,-0.001633143597950126,-0.0018833703608839652,1.0704634881247304
2025-06-03,0.003816213200801303,0.0066,0.0105,-0.0029,0.0002,-0.0165,0.0036162132008013027,0.0033794327476354283,1.0738429208723659
2025-06-04,0.007317966529839051,-0.0002,0.0028000000000000004,-0.0125,0.0002,-0.0051,0.007117966529839051,0.007645814544853569,1.0814887354172193
2025-06-05,0.006437262395554227,-0.0051,0.0037,0.001,0.0002,0.0016,0.006237262395554228,0.0070234914872967565,1.0885122269045162
2025-06-06,-0.0034808478617826258,0.010700000000000001,0.0055000000000000005,0.0006,0.0002,-0.0029,-0.003680847861782626,-0.004512247880671202,1.083999979023845
2025-06-10,0.004535657670362292,0.005,-0.0012,0.003,0.0002,-0.0151,0.004335657670362292,0.003300933724183608,1.0873009127480286
2025-06-11,0.003350292217166612,-0.0032,-0.0023,0.002,0.0002,0.005600000000000001,0.003150292217166612,0.003382366181167373,1.090683278929196
2025-06-12,-0.00228230075762459,0.003,-0.0073,-0.0001,0.0002,0.0024,-0.00248230075762459,-0.003237044669238734,1.0874462342599573
2025-06-13,-0.008215186159500037,-0.0115,-0.0111,0.0015,0.0002,0.0003,-0.008415186159500038,-0.008008127480176059,1.0794381067797814
2025-06-16,0.002544637708773146,0.0097,0.005600000000000001,-0.0037,0.0002,0.001,0.0023446377087731458,0.0018561378183795806,1.081294244598161
2025-06-17,-0.007131907785332657,-0.0088,-0.0027,-0.0005,0.0002,0.0062,-0.007331907785332657,-0.006441596988654372,1.0748526476095066
2025-06-18,-0.004281673681055473,0.0003,0.0027,0.0037,0.0002,0.0026,-0.004481673681055473,-0.00439998956903543,1.0704526580404712
2025-06-20,0.0008386503083122718,-0.0022,-0.0025,0.0045000000000000005,0.0002,0.0029,0.0006386503083122718,0.0006084970433364887,1.0710611550838076
2025-06-24,0.012604870793070282,0.011699999999999999,0.005,-0.0051,0.0002,-0.0037,0.012404870793070281,0.01161215979528707,1.0826733148790946
2025-06-25,0.0003395585738540027,-0.0007000000000000001,-0.009399999999999999,-0.0006,0.0002,-0.0048,0.00013955857385400267,-0.0005085928178530454,1.0821647220612416
2025-06-26,-0.0037539916019210923,0.0088,0.0070999999999999995,0.0032,0.0002,0.0017000000000000001,-0.003953991601921092,-0.004466935335384019,1.0776977867258575
2025-06-27,0.009204552051022705,0.0046,-0.0021,0.0,0.0002,0.0044,0.009004552051022704,0.008474985872861801,1.0861727725987194
2025-06-30,0.009885861192805524,0.0049,-0.0042,-0.0012,0.0002,0.004699999999999999,0.009685861192805524,0.009029766118438566,1.095202538717158
2025-07-01,-0.0008023436358549206,-0.001,0.009300000000000001,0.023399999999999997,0.0002,-0.027000000000000003,-0.0010023436358549207,-0.0016497354547896125,1.0935528032623685
2025-07-02,0.003982720889829526,0.005600000000000001,0.011899999999999999,-0.0006,0.0002,-0.0083,0.0037827208898295263,0.003844606395662463,1.097397409658031
2025-07-03,-0.0005578869414958545,0.0088,0.0023,-0.0032,0.0002,0.0067,-0.0007578869414958545,-0.0012698758839890828,1.096127533774042
2025-07-07,0.0020249013477941103,-0.0084,-0.0070999999999999995,-0.0022,0.0002,0.0096,0.0018249013477941102,0.002506191836280176,1.098633725610322
2025-07-08,-0.0013307769272854133,-0.0008,0.0103,0.0039000000000000003,0.0002,-0.022000000000000002,-0.0015307769272854134,-0.001356790372366206,1.0972769352379559
2025-07-09,0.0005527615870179384,0.0063,0.0068000000000000005,-0.008,0.0002,0.0015,0.00035276158701793843,0.00045986297233008614,1.097736798210286
2025-07-10,0.004866054032190402,0.0024,0.0006,0.006500000000000001,0.0002,-0.01,0.0046660540321904025,0.004016803351596381,1.1017536015618823
2025-07-11,-0.0038950998318749265,-0.0044,-0.0108,0.0034999999999999996,0.0002,-0.0004,-0.004095099831874926,-0.004495376425820445,1.0972582251360619
2025-07-14,-0.010043168871104506,0.0021,0.0032,-0.0034999999999999996,0.0002,0.0163,-0.010243168871104507,-0.009773839684906093,1.0874843854511558
2025-07-15,0.001020479276803857,-0.0052,-0.0098,-0.015,0.0002,0.0083,0.0008204792768038571,0.001392271599012185,1.088876657050168
2025-07-16,-0.012190998105335514,0.0038,0.0063,-0.0042,0.0002,0.003,-0.012390998105335515,-0.012153185306959573,1.0767234717432084
2025-07-17,-0.0012610784864037737,0.0059,0.0063,0.0016,0.0002,-0.0028000000000000004,-0.0014610784864037738,-0.0017670328353018307,1.0749564389079065
2025-07-18,0.0026185927647198936,-0.0002,-0.008199999999999999,0.0029,0.0002,0.01,0.0024185927647198935,0.002000068413852646,1.076956507321759
2025-07-21,-0.0032552656120779194,0.0005,-0.0011,0.0024,0.0002,-0.002,-0.0034552656120779195,-0.003707626887569741,1.0732488804341893
2025-07-22,-0.001054165973136473,0.0008,0.006999999999999999,0.011000000000000001,0.0002,-0.03,-0.001254165973136473,-0.0018875927305037304,1.0713612877036855
2025-07-23,0.008535637105406769,0.0077,0.0079,-0.004,0.0002,-0.004699999999999999,0.008335637105406768,0.008099878262118339,1.079461165965804
2025-07-24,0.005326858330099862,-0.0003,-0.0129,-0.0067,0.0002,0.006,0.005126858330099862,0.0046412102655799484,1.084102376231384
2025-07-25,0.00035108425275093736,0.004,-0.0006,-0.0006,0.0002,-0.0007000000000000001,0.00015108425275093735,-0.0003035734746082121,1.0837988027567758
2025-07-28,0.007494636021047659,0.0004,0.001,-0.0039000000000000003,0.0002,0.0017000000000000001,0.0072946360210476595,0.007490633186561608,1.0912894359433374
2025-07-29,-0.005655133225451879,-0.0037,-0.0092,0.0007000000000000001,0.0002,0.0063,-0.005855133225451879,-0.005979547716463699,1.0853098882268737
2025-07-30,-0.012117492720062729,-0.0011,-0.0059,-0.0084,0.0002,0.015300000000000001,-0.01231749272006273,-0.01198476918225582,1.0733251190446178
2025-07-31,0.011028699770371598,-0.0034000000000000002,-0.0034999999999999996,-0.0076,0.0002,0.024,0.010828699770371597,0.011726317367968841,1.0850514364125867
2025-08-01,-0.03183708804330525,-0.0174,-0.005600000000000001,-0.0004,0.0002,-0.003,-0.03203708804330525,-0.030644645605019293,1.0544067908075674
2025-08-04,0.004750941709105646,0.015300000000000001,0.0089,-0.0104,0.0002,0.0069,0.004550941709105646,0.004056054815057909,1.0584628456226253
2025-08-05,0.014006418862761803,-0.0042,0.006500000000000001,0.0059,0.0002,-0.006500000000000001,0.013806418862761802,0.014345762668675195,1.0728086082913004
2025-08-06,-0.0087286135098055,0.0070999999999999995,-0.0028000000000000004,-0.0063,0.0002,0.0144,-0.0089286135098055,-0.00933617090574545,1.063472437385555
2025-08-07,0.006887146960572493,-0.0014000000000000002,-0.0028000000000000004,0.0019,0.0002,-0.005600000000000001,0.006687146960572494,0.006457734798468512,1.0699301721840235
2025-08-08,-0.004775645722891264,0.0069,-0.0054,0.0008,0.0002,0.0054,-0.004975645722891263,-0.005976047312350016,1.0639541248716735
2025-08-11,0.003402155036712816,-0.0024,0.0017000000000000001,0.0002,0.0002,0.0062,0.003202155036712816,0.003696426931846722,1.0676505518035202
2025-08-12,-0.005247869476326385,0.0125,0.0146,0.0085,0.0002,-0.0038,-0.005447869476326385,-0.00613952267567174,1.0615110291278484
2025-08-13,0.015518881602710415,0.0039000000000000003,0.0178,0.0039000000000000003,0.0002,-0.026099999999999998,0.015318881602710414,0.015420717416862495,1.076931746544711
2025-08-14,0.00468896765063194,-0.0009,-0.0128,0.005600000000000001,0.0002,0.0023,0.004488967650631941,0.00357268749833064,1.0805044340430416
2025-08-18,-0.00019695492723885026,0.0003,0.0034999999999999996,0.0002,0.0002,0.001,-0.0003969549272388503,-0.0001759777490279254,1.0803284562940136
2025-08-19,-0.0009799814476795718,-0.006999999999999999,-0.0062,0.0159,0.0002,-0.0194,-0.0011799814476795719,-0.0018301211858034773,1.0784983351082102
2025-08-20,0.003252336915147339,-0.0028000000000000004,-0.0026,0.0018,0.0002,0.0087,0.003052336915147339,0.003296008414524349,1.0817943435227346
2025-08-21,0.000353288318098695,-0.0038,0.004,-0.0015,0.0002,0.0011,0.000153288318098695,0.0008982245690297121,1.0826925680917643
2025-08-22,-0.001795662554715359,0.017,0.0204,0.011699999999999999,0.0002,-0.008,-0.001995662554715359,-0.002965423130683707,1.0797271449610806
2025-08-25,0.009839096268169558,-0.0048,-0.0063,0.0045000000000000005,0.0002,0.0070999999999999995,0.009639096268169558,0.009714337937116511,1.089441482898197
2025-08-26,-0.006834325585297096,0.0043,0.0025,0.0013,0.0002,0.0115,-0.007034325585297096,-0.007110969701990224,1.0823305131962069
2025-08-27,-0.0014507983117079647,0.0024,0.004,0.0027,0.0002,-0.0051,-0.0016507983117079648,-0.0018333749687782226,1.0804971382274287
2025-08-28,0.004935900465974864,0.0034999999999999996,-0.0015,-0.0052,0.0002,0.0074,0.004735900465974864,0.004604945673783182,1.0851020839012118
2025-08-29,-0.0028024172086240943,-0.0068000000000000005,0.0002,0.0085,0.0002,-0.012,-0.0030024172086240944,-0.0028260809865051297,1.0822760029147067
2025-09-02,-0.007375823415273217,-0.0060999999999999995,-0.0007000000000000001,0.001,0.0002,-0.0014000000000000002,-0.007575823415273217,-0.007048398958476969,1.0752276039562298
2025-09-03,0.004193425485767639,0.0044,-0.0024,-0.0051,0.0002,0.0060999999999999995,0.00399342548576764,0.003675490329233349,1.0789030942854632
2025-09-04,-0.0018622989845388555,0.0087,0.0016,0.0034000000000000002,0.0002,0.0027,-0.0020622989845388556,-0.002923372659590973,1.0759797216258722
2025-09-05,0.004702942009470551,-0.0022,0.009300000000000001,-0.0052,0.0002,-0.0104,0.004502942009470551,0.005317651914523753,1.081297373540396
2025-09-08,0.00025716666625446834,0.0026,0.0016,-0.0063,0.0002,0.0092,5.716666625446833e-05,0.0003075411350910548,1.081604914675487
2025-09-09,0.001579685101270518,0.0021,-0.0075,-0.0021,0.0002,0.0066,0.0013796851012705179,0.0008648932031510401,1.082469807878638
2025-09-10,-0.00113538195729975,0.0036,-0.0089,0.0031,0.0002,0.013000000000000001,-0.0013353819572997502,-0.002141685186967282,1.0803281226916706
2025-09-11,-0.01216486693518496,0.0086,0.0075,0.0009,0.0002,-0.0068000000000000005,-0.012364866935184961,-0.01293497502185919,1.0673931476698113
2025-09-12,0.00926289563670839,-0.0016,-0.0109,0.0004,0.0002,0.011899999999999999,0.009062895636708389,0.00873433173646759,1.076127479406279
2025-09-15,-0.00011401095496575929,0.0051,0.0004,-0.0066,0.0002,0.0103,-0.0003140109549657593,-0.0003731123179938643,1.075754367088285
2025-09-16,0.0003024113587689376,-0.0009,0.0006,-0.0007000000000000001,0.0002,-0.008199999999999999,0.0001024113587689376,8.401949370120146e-05,1.0758383865819863
2025-09-17,-0.0015611603138178866,-0.001,-0.0023,0.005699999999999999,0.0002,0.0016,-0.0017611603138178867,-0.001972643439218136,1.073865743142768
2025-09-18,0.010481092833245637,0.0060999999999999995,0.0138,0.0052,0.0002,0.0031,0.010281092833245636,0.01046799306569402,1.0843337362084622
2025-09-19,-0.005022854602482273,0.0038,-0.0128,-0.0076,0.0002,0.0139,-0.005222854602482272,-0.0059298302236111535,1.0784039059848511
2025-09-22,-0.004243459542723438,0.0043,0.0067,-0.0115,0.0002,0.0015,-0.004443459542723438,-0.004013916781656142,1.074389989203195
2025-09-23,-0.0015221568019832417,-0.0060999999999999995,-0.003,0.0088,0.0002,-0.0025,-0.0017221568019832418,-0.0016411966776261322,1.0727487925255688
2025-09-24,-0.0067608333478167285,-0.0034000000000000002,-0.0036,0.009899999999999999,0.0002,-0.0063,-0.006960833347816728,-0.007323411145856546,1.0654253813797123
2025-09-25,-0.009909058639429251,-0.0058,-0.0077,0.0055000000000000005,0.0002,0.0084,-0.010109058639429251,-0.010030093546849311,1.055395287832863
2025-09-26,-0.00648363689613553,0.006,0.0028000000000000004,0.0045000000000000005,0.0002,-0.0054,-0.006683636896135529,-0.007393030793621311,1.0480022570392415
2025-09-29,0.00766443205440325,0.0025,-0.0006,-0.0075,0.0002,0.0019,0.00746443205440325,0.0074590119532938915,1.0554612689925353
2025-09-30,-0.004910194138030108,0.0029,-0.0013,-0.005699999999999999,0.0002,-0.0068000000000000005,-0.0051101941380301075,-0.005454770700015281,1.0500064982925201
2025-10-01,0.005337388329214964,0.0033,0.0006,-0.0007000000000000001,0.0002,-0.0204,0.005137388329214964,0.004414839270822838,1.0544213375633429
2025-10-02,0.010242487036182588,0.001,0.0039000000000000003,-0.0054,0.0002,-0.0011,0.010042487036182587,0.01036316412692801,1.0647845016902708
2025-10-03,0.004194697861976788,0.0003,0.0055000000000000005,0.0053,0.0002,-0.0108,0.003994697861976789,0.003921940930513602,1.0687064426207844
2025-10-06,-0.0002634031185934426,0.0039000000000000003,-0.001,-0.0044,0.0002,0.004699999999999999,-0.0004634031185934426,-0.0006880813577355765,1.0680183612630487
2025-10-07,0.0017150569572899987,-0.0051,-0.0079,0.0011,0.0002,0.0009,0.0015150569572899987,0.0014951701968752597,1.069513531459924
2025-10-08,-0.0021761300616114803,0.0066,0.0091,-0.0095,0.0002,-0.0006,-0.0023761300616114804,-0.0021384958595898583,1.0673750356003342
2025-10-09,0.0010145922234489492,-0.0029,-0.0006,-0.0039000000000000003,0.0002,0.0029,0.0008145922234489492,0.0012738261079187534,1.068648861708253
2025-10-10,-0.004951060764147685,-0.0278,-0.0063,-0.0013,0.0002,0.0008,-0.005151060764147685,-0.0026030593789067575,1.0660458023293462
2025-10-13,-0.006768244425747715,0.016399999999999998,0.0062,-0.002,0.0002,0.0101,-0.006968244425747715,-0.007979537847827374,1.0580662644815189
2025-10-14,-0.011215676811550425,-0.0006,0.0098,0.0152,0.0002,-0.0038,-0.011415676811550425,-0.011289001064653421,1.0467772634168655
2025-10-15,0.0216918250824914,0.0042,0.003,-0.0046,0.0002,0.0016,0.0214918250824914,0.02144704600012136,1.0682243094169868
2025-10-16,0.0010798518065124104,-0.0073,-0.0068000000000000005,-0.0147,0.0002,-0.0084,0.0008798518065124104,0.0015039371274123547,1.0697282465443991
2025-10-17,-0.007796868825200445,0.0038,-0.009899999999999999,0.0074,0.0002,-0.0022,-0.007996868825200445,-0.00936776304044427,1.0603604835039548
2025-10-20,0.012449775052354181,0.011000000000000001,0.0095,0.005,0.0002,-0.001,0.012249775052354181,0.011549259209042439,1.0719097427129973
2025-10-21,0.007434916644811382,-0.0001,-0.0024,-0.0004,0.0002,-0.0131,0.007234916644811382,0.006812742024455852,1.0787224847374532
2025-10-22,-0.003529160393831769,-0.0067,-0.005,0.004699999999999999,0.0002,-0.0017000000000000001,-0.0037291603938317693,-0.00356369653916923,1.075158788198284
2025-10-23,0.004581729276239673,0.0066,0.0045000000000000005,-0.0028000000000000004,0.0002,0.006500000000000001,0.0043817292762396735,0.004231714994843368,1.0793905031931275
2025-10-24,0.002544154700307319,0.0079,0.002,0.0028000000000000004,0.0002,0.009399999999999999,0.002344154700307319,0.001759530999272361,1.0811500341923999
2025-10-27,0.006078729829335591,0.0118,-0.005600000000000001,-0.0121,0.0002,0.0049,0.005878729829335592,0.004781090362387768,1.0859311245547876
2025-10-28,-0.0032374818180491162,0.0018,-0.0034000000000000002,-0.0060999999999999995,0.0002,0.0079,-0.0034374818180491163,-0.003477670747673187,1.0824534538071144
2025-10-29,-0.007879626443723853,-0.0009,-0.0091,-0.008100000000000001,0.0002,0.0194,-0.008079626443723854,-0.007906682612843559,1.0745467711942709
2025-10-30,-0.015422002056266827,-0.011000000000000001,-0.0019,0.0067,0.0002,-0.0003,-0.015622002056266827,-0.014833396022824838,1.059713375171446
2025-10-31,-0.004721553266115737,0.004,0.001,-0.0024,0.0002,-0.005,-0.004921553266115737,-0.0052990972517995795,1.0544142779196464
2025-11-03,0.0014282056816983559,0.0012,-0.0034000000000000002,0.0038,0.0002,0.0086,0.0012282056816983558,0.0009277816901416343,1.055342059609788
2025-11-04,-0.008815177042942995,-0.0126,-0.0092,0.009000000000000001,0.0002,-0.0062,-0.009015177042942996,-0.008760693843599352,1.0465813657661887
2025-11-05,0.007942769576233804,0.0042,0.0104,-0.0018,0.0002,0.001,0.007742769576233805,0.0080917456727454,1.054673111438934
2025-11-06,0.002313124851039411,-0.0121,-0.011899999999999999,0.0144,0.0002,-0.0046,0.002113124851039411,0.0019819881302558314,1.05665509956919
2025-11-07,-0.010893153482830563,0.0013,-0.0012,0.0069,0.0002,-0.005600000000000001,-0.011093153482830563,-0.011667794931667617,1.0449873046375222
2025-11-10,0.014183948477218315,0.0151,0.0003,-0.0085,0.0002,0.0168,0.013983948477218315,0.01307538555126193,1.0580626901887842
2025-11-11,-0.0043865558799310155,0.0018,0.0015,0.0031,0.0002,-0.0108,-0.004586555879931015,-0.005012943237994847,1.0530497469507893
2025-11-12,0.015438132186500647,0.0003,-0.0054,0.0039000000000000003,0.0002,-0.0017000000000000001,0.015238132186500646,0.014670032578007816,1.0677197795287972
2025-11-13,-0.001406809947380425,-0.0179,-0.0053,0.0079,0.0002,-0.015,-0.001606809947380425,-0.0006847754169549904,1.0670350041118422
2025-11-14,-0.016324684504772567,-0.0005,0.0034000000000000002,-0.0038,0.0002,0.009399999999999999,-0.016524684504772565,-0.015908255640933837,1.0511267484709084
2025-11-17,0.001032671100535937,-0.0103,-0.0078000000000000005,-0.0085,0.0002,0.0103,0.000832671100535937,0.001896000018584489,1.053022748489493
2025-11-18,-0.014708539989156806,-0.0076,0.0058,0.0097,0.0002,-0.0025,-0.014908539989156807,-0.014103644750479304,1.0389191037390137
2025-11-19,0.0019793757706063997,0.0034000000000000002,-0.0043,-0.005,0.0002,0.012,0.0017793757706063996,0.0015614773943087184,1.0404805811333224
2025-11-20,0.004517892328227151,-0.0158,0.0009,0.0043,0.0002,-0.0126,0.0043178923282271514,0.005615664191856102,1.0460962453251785
2025-11-21,-0.0073803726632615235,0.0103,0.0166,0.0074,0.0002,-0.0166,-0.007580372663261523,-0.008144942077762597,1.037951303247416
2025-11-24,0.021675939477696745,0.0161,0.003,-0.0096,0.0002,0.0233,0.021475939477696746,0.02082406153210427,1.0587753647795202
2025-11-25,0.006386531132779374,0.0104,0.0165,0.0004,0.0002,-0.0102,0.006186531132779375,0.005982316873510797,1.0647576816530309
2025-11-26,0.021589798782877034,0.0069,-0.0006,-0.0007000000000000001,0.0002,0.004699999999999999,0.021389798782877036,0.020751393095563186,1.085509074748594
2025-11-28,0.0034585173316660466,0.0054,-0.0042,0.0036,0.0002,0.0018,0.0032585173316660465,0.0023232693382458473,1.0878323440868398
2025-12-01,-0.0005744328692435459,-0.0053,-0.0036,0.0049,0.0002,-0.0084,-0.0007744328692435459,-0.000812436596701583,1.0870199074901383
2025-12-02,-0.0024062113374444527,0.0021,-0.0052,0.001,0.0002,0.0013,-0.002606211337444453,-0.003185423111954571,1.0838344843781837
2025-12-03,-0.005048630912854823,0.0044,0.013300000000000001,0.0009,0.0002,-0.0103,-0.005248630912854823,-0.005060428587046306,1.0787740557911374
2025-12-04,0.0012562937371792858,0.0014000000000000002,0.0025,-0.0069,0.0002,0.0064,0.0010562937371792857,0.001453487069209078,1.0802275428603465
2025-12-05,-0.003033867568494724,0.0018,-0.0042,0.0007000000000000001,0.0002,-0.0026,-0.003233867568494724,-0.003787855342748539,1.0764396875175979
2025-12-08,-0.002379419008804877,-0.0037,0.0033,-0.0002,0.0002,0.0068000000000000005,-0.0025794190088048773,-0.0018136056375379814,1.07462608188006
2025-12-09,-0.014320420643876926,-0.0007000000000000001,0.0052,0.0023,0.0002,-0.0016,-0.014520420643876927,-0.014207203335303202,1.0604188785447568
2025-12-10,-0.0021747716489767623,0.0068000000000000005,0.0058,0.014499999999999999,0.0002,-0.0137,-0.0023747716489767624,-0.003485576829580042,1.0569333017151767
2025-12-11,0.008044151393384337,0.0022,0.0049,0.0023,0.0002,-0.0046,0.007844151393384336,0.007768125837175915,1.0647014275523528
2025-12-12,0.010169415705931871,-0.0111,-0.0032,0.0091,0.0002,-0.0103,0.00996941570593187,0.010381916679803291,1.0750833442321561
2025-12-15,0.006325112245525585,-0.0026,-0.0088,0.009399999999999999,0.0002,0.006500000000000001,0.006125112245525585,0.0056196118073845,1.0807029560395407
2025-12-16,-0.003975103044645462,-0.0025,0.003,-0.0086,0.0002,-0.0001,-0.004175103044645461,-0.003417686975769306,1.0772852690637713
2025-12-17,-0.004766579942074397,-0.0116,-0.0021,0.0132,0.0002,-0.0144,-0.004966579942074396,-0.00465577016834591,1.0726294988954255
2025-12-18,0.0013416264260946614,0.008,0.0012,-0.0083,0.0002,0.008199999999999999,0.0011416264260946613,0.00084551994125663,1.0734750188366822
2025-12-19,-0.0031451497702096034,0.009000000000000001,-0.0036,-0.0104,0.0002,0.0191,-0.0033451497702096035,-0.003764417079840845,1.0697106017568414
2025-12-22,0.002389158606035861,0.0069,0.0009,-0.0024,0.0002,0.0067,0.002189158606035861,0.0017539431646249237,1.0714645449214664
2025-12-23,0.0056468627992271,0.0032,-0.009399999999999999,-0.002,0.0002,0.008199999999999999,0.0054468627992271005,0.004718966984587441,1.0761835119060539
2025-12-29,0.0016029293902249933,-0.0040999999999999995,-0.0018,0.0007000000000000001,0.0002,-0.0016,0.0014029293902249932,0.0016519555690234472,1.0778354674750774
2025-12-30,0.0004894079876278427,-0.002,-0.006,0.0028000000000000004,0.0002,-0.0029,0.00028940798762784267,-6.671396294529374e-05,1.077768753512132
2025-12-31,-0.0016974149886146424,-0.0076,0.0007000000000000001,-0.0009,0.0002,0.0017000000000000001,-0.0018974149886146425,-0.0009857301798443558,1.0767830233322877
2026-01-02,-0.0012152007898804666,0.0025,-0.0023,0.0088,0.0002,0.0108,-0.0014152007898804667,-0.0019004614476441012,1.0748825618846436
2026-01-05,-0.007322152639286405,0.0075,0.0042,0.0006,0.0002,-0.0037,-0.007522152639286405,-0.008123694450816267,1.0667588674338273
2026-01-06,0.010262378855496287,0.0063,0.0077,-0.0014000000000000002,0.0002,-0.0062,0.010062378855496287,0.009838502952287708,1.076597370386115
2026-01-07,0.011271050668362518,-0.0032,0.0043,-0.0084,0.0002,0.0106,0.011071050668362517,0.012214731954605979,1.088812102340721
2026-01-08,-0.005212326729440303,0.0003,0.0083,0.0131,0.0002,-0.0143,-0.005412326729440303,-0.005637211917613108,1.0831748904231078
2026-01-09,0.013875921495399872,0.0067,0.0018,-0.0044,0.0002,0.0031,0.013675921495399871,0.013313235120173194,1.096488125543281
2026-01-12,0.003182292353625339,0.0018,0.0044,-0.0069,0.0002,0.005,0.0029822923536253387,0.0034362688983162575,1.0999243944415973
2026-01-13,0.0001697257136847026,-0.0021,-0.0014000000000000002,0.0049,0.0002,0.01,-3.02742863152974e-05,0.0001436934305004736,1.1000680878720979
2026-01-14,-0.00875731668550857,-0.0051,0.0121,0.005,0.0002,-0.0034999999999999996,-0.00895731668550857,-0.00784778675184021,1.0922203011202576
2026-01-15,0.002859698743034625,0.0026,0.0029,0.0063,0.0002,0.004699999999999999,0.002659698743034625,0.0024704640445197394,1.0946907651647773
2026-01-16,-0.0008030486998545452,-0.0012,-0.0013,-0.0025,0.0002,0.006500000000000001,-0.0010030486998545453,-0.0007394944002306687,1.0939512707645467
2026-01-20,-0.003855742956981362,-0.020499999999999997,0.0021,0.0049,0.0002,0.0029,-0.0040557429569813615,-0.001869047493849598,1.092082223270697
2026-01-21,-0.0022062067951168387,0.011899999999999999,0.0085,0.013600000000000001,0.0002,-0.0039000000000000003,-0.002406206795116839,-0.0036255373191065856,1.0884566859515905
2026-01-22,0.015047661163521943,0.006,0.0052,-0.0037,0.0002,-0.0051,0.014847661163521942,0.014587882607207872,1.1030445685587984
2026-01-23,0.0060435903331599785,-0.0013,-0.0092,-0.0147,0.0002,-0.0042,0.005843590333159979,0.005766666949290753,1.1088112355080892
2026-01-26,0.0004883775760112513,0.004,-0.0074,-0.0023,0.0002,0.0045000000000000005,0.0002883775760112513,-0.00045737720512455896,1.1083538583029646
2026-01-27,0.007043151022567322,0.0034000000000000002,-0.0004,0.0022,0.0002,0.0259,0.006843151022567323,0.006944707360862414,1.115298565663827
2026-01-28,-0.0057856607305739865,-0.001,-0.0105,0.0039000000000000003,0.0002,0.0045000000000000005,-0.005985660730573986,-0.006629627946228927,1.108668937717598
2026-01-29,-0.002545806504295317,-0.0026,-0.0016,0.0139,0.0002,0.011899999999999999,-0.0027458065042953173,-0.0027994240376654745,1.1058695136799326
2026-01-30,-0.004702500054176343,-0.0055000000000000005,-0.0054,0.0034999999999999996,0.0002,-0.011699999999999999,-0.004902500054176343,-0.005065296816303378,1.1008042168636292
